{"type":"FeatureCollection","crs":{"type":"name","properties":{"name":"EPSG:4326"}},"features":[{"type":"Feature","id":1,"geometry":{"type":"Polygon","coordinates":[[[28.957023599633448,9.6235477003472933],[28.961626700099973,9.6276029002799159],[28.977010999720743,9.6411557002688166],[28.987004699764427,9.6511494003106417],[28.998359200139763,9.6673701004046073],[28.999762400054649,9.6693745995917588],[28.999762799804959,9.6709139001803752],[29.000099599764525,9.6815736998179247],[29.000077999773548,9.7201789998251211],[28.999835499562522,10.153516599786675],[28.999828100139563,10.166666699904352],[28.954427000440091,10.166854400023368],[28.600118399862257,10.167526399676152],[28.519112200177549,10.167428699984997],[28.359178000217319,10.167235900087178],[28.220364199598254,10.167068499868684],[28.00088619960114,10.166803800227312],[27.836229499598456,10.166290899671814],[27.830620400099786,9.798641699899246],[27.836347499599217,9.7851049001961119],[27.831916599884501,9.7396439998828885],[27.831618500245689,9.7365874996590289],[27.832104499594177,9.7354863003571879],[27.832226300366891,9.7352103002933248],[27.832592500389129,9.7343834001478182],[27.832933299648342,9.7337250997587361],[27.833500900160633,9.732645000395209],[27.870122699909679,9.6629675996433573],[27.88128359986662,9.641732700243427],[27.898443300170534,9.6108532997534635],[27.89867810002287,9.6104473003165971],[27.899415200052861,9.6099208997410983],[27.900499599551456,9.6091462999652055],[27.900499599551456,9.6096506998225504],[27.904098299986991,9.6050705000062973],[27.916911400279108,9.5887627998533507],[27.921614800342013,9.5794376999370758],[27.978125199870188,9.4673971998951227],[28.03142830032197,9.3598391997559354],[28.038866700319119,9.3432251997030296],[28.04000969961864,9.3433851997875781],[28.04212260004898,9.3436810002225297],[28.26889849993951,9.346038399563275],[28.360745699627024,9.3469900999364093],[28.36181380009312,9.3472038000921298],[28.363125200270719,9.347465999671293],[28.539681200122573,9.347465999671293],[28.557967500082128,9.3475454997125844],[28.561349799958975,9.3475602997126988],[28.758591599607289,9.3484177998481588],[28.759543399685128,9.3479418996418797],[28.768585299650972,9.3484177998481588],[28.758591599607289,9.4031454004307964],[28.759883100304759,9.4041139999409253],[28.760495199762971,9.4045730997424144],[28.76715769969643,9.412187300232004],[28.777151500351348,9.4240847004330899],[28.78809699957451,9.4355061003133098],[28.790952300094979,9.4435961996635758],[28.790463199762112,9.4455525000297769],[28.790000500017172,9.4474033999485378],[28.791904100172815,9.4507345998723942],[28.794461499582098,9.4545706997609749],[28.797614800028398,9.4593006996697557],[28.799994200060819,9.4645354998135733],[28.799518299572735,9.4721497996719979],[28.803325499884021,9.4764328003384293],[28.803801400372073,9.4830952998628923],[28.804919100418303,9.4858896999719438],[28.805704899916407,9.4878541998800845],[28.811891500260082,9.4907095999762205],[28.815222800083347,9.4949926001378842],[28.817126299627681,9.4987997003044828],[28.818734000118571,9.4993356997614296],[28.821409400427019,9.5002273997993001],[28.826168300204763,9.5035587002744073],[28.828744900205013,9.5054196002934344],[28.834734400293904,9.5097453000630221],[28.835805399623396,9.5106666998557206],[28.837574600134428,9.5121890000299203],[28.845965800034318,9.5209297998313271],[28.86041750016815,9.5359834997464592],[28.868937799652475,9.5438952998676942],[28.873742400322026,9.5483566996457014],[28.893253999634251,9.5673923997359118],[28.915144999877256,9.5869039998742647],[28.934180699599693,9.6035601997147566],[28.957023599633448,9.6235477003472933]]]},"properties":{"adm0_ar":"السودان\u200E","adm0_en":"Sudan (the)","adm0_pcode":"SD","adm1_ar":"إدارية أبيي","adm1_en":"Abyei PCA","adm1_pcode":"SD19","adm1_ref":"","adm1alt1ar":"","adm1alt1en":"","adm1alt2ar":"","adm1alt2en":"","date_":"2020-03-11","shape_leng":3.6929162899999999,"validon":"2020-08-31","objectid":1}},{"type":"Feature","id":2,"geometry":{"type":"Polygon","coordinates":[[[33.569274699968382,15.455505400141213],[33.53167719956506,15.466918900112299],[33.527893100329592,15.467895500386899],[33.485900899622564,15.437500000161439],[33.418518100379167,15.40130619988329],[33.379089400438772,15.383911100384466],[33.369323700000798,15.381286599891473],[33.308898899706882,15.390319799859732],[33.267883299765977,15.322326700212637],[33.260681199807692,15.319091800054174],[33.214477500317635,15.293518099816895],[33.215087900163297,15.280517600341959],[33.21270750030601,15.229675299784486],[33.206726100326051,15.217895499701861],[33.197692899645432,15.216918899799614],[33.184875500016339,15.218078599652406],[33.168884300386253,15.214111299604463],[33.148681600176445,15.225524900414653],[33.114929200006252,15.279296900159943],[33.074890100220209,15.290283199855143],[33.059081999702876,15.287475599706186],[33.040893599939523,15.283691400212764],[33.021911599708112,15.276916499898832],[33.021816699884845,15.276903300272156],[33.001709000109642,15.274108900158641],[32.978271499799469,15.269897500299995],[32.963317900136559,15.26629639956988],[32.951477100375371,15.264709500159436],[32.938720699947353,15.265686000332121],[32.926513700163966,15.27368160030063],[32.914672900402778,15.287292500428277],[32.91210939963608,15.290893600303638],[32.907104499811012,15.298278800425287],[32.903930699809912,15.30291750036257],[32.900878900007555,15.306884799694366],[32.896301300017072,15.309509299839229],[32.892883300192473,15.310302700186174],[32.889282200356895,15.311279299895082],[32.882507299621842,15.315124499925446],[32.87969969964292,15.317077600391585],[32.875488299674608,15.320678700076913],[32.871704099827902,15.323913599947359],[32.861877400188789,15.327880899688695],[32.858276400066153,15.329101599951688],[32.855712900197709,15.330322300016483],[32.850524900361563,15.332885700249616],[32.845092800414889,15.334716799852059],[32.832519499998028,15.33770749990726],[32.823913600050254,15.33990480023102],[32.813476600278484,15.342285199794496],[32.808288600442303,15.343322800303426],[32.798522900004293,15.345275899768161],[32.791320800046009,15.348510700383455],[32.785095200242608,15.35168460027133],[32.782287600263686,15.355285599858179],[32.781677200418045,15.358276400281598],[32.781127900384725,15.361084000151939],[32.780700700263154,15.365112299689185],[32.780090300417484,15.36968989995062],[32.777526900262089,15.376708999711955],[32.773681599704673,15.381713899850306],[32.760925299887994,15.385070800030116],[32.756286600085105,15.387329099835521],[32.754516600073416,15.392883300276266],[32.752929700072919,15.402526899914459],[32.748718300104578,15.409912100195008],[32.722473100102498,15.413879400303369],[32.706909200306953,15.408691400218201],[32.713684100143638,15.387512199797643],[32.677917500138356,15.375122100279718],[32.70770259955237,15.294311500097404],[32.701293899737855,15.291687000123183],[32.664306599754184,15.276916499898832],[32.668701200344913,15.238525399814399],[32.661315899764197,15.237670899743874],[32.661315899764197,15.231506299756154],[32.669677699601444,15.230895999694896],[32.674926800148377,15.185730000059612],[32.630171399593614,15.182681200407094],[32.630127000360709,15.182678199857699],[32.615478500009353,15.194274899681087],[32.577087400036262,15.193115199772114],[32.569702100353844,15.193908699877984],[32.54089359990931,15.197509799976389],[32.539672899931013,15.194274899681087],[32.536871700448508,15.186540400407107],[32.531494100391804,15.171691899807383],[32.522094699689013,15.149902300090721],[32.520324699677396,15.142517099893237],[32.519714400443036,15.115905800329951],[32.530090300402428,15.098083500067091],[32.55529790043726,15.079895000197215],[32.562072800273945,15.062316900129062],[32.562316900384431,15.039123500059935],[32.56073000038387,15.031127900236102],[32.552123999824857,14.994323700422671],[32.542907700031414,14.991882299816917],[32.541687000053088,14.987487800332996],[32.544494600032017,14.984680200285066],[32.551513699692194,14.983703599724317],[32.549316399845992,14.947082499579036],[32.54650879986707,14.916503899598126],[32.554077099847589,14.891906700319256],[32.562072800273945,14.866088899809636],[32.563903800384971,14.858093299904356],[32.565490700385531,14.849487299840991],[32.561096200406105,14.829894999922049],[32.558288600427247,14.818481399742614],[32.552917499681676,14.79608149964637],[32.543090800042535,14.77252199961147],[32.534118700072625,14.761901900251939],[32.514099099873938,14.738281299592993],[32.499328600222178,14.720519999615886],[32.494873000430339,14.709106400337209],[32.485290499716427,14.684081999656231],[32.480895999736994,14.674072300378388],[32.470703100075717,14.651916499978537],[32.470541699768688,14.651529099847261],[32.469970300281034,14.650157699947915],[32.469811399985353,14.649776299656706],[32.469571500397194,14.649200499898894],[32.469383700400499,14.648749799940742],[32.46905790031159,14.647967900141127],[32.468872099964727,14.647522000404875],[32.457275400314032,14.647705100410112],[32.468078600107972,14.668273900034897],[32.455688500313464,14.676086399866659],[32.452514599701061,14.676513700359751],[32.440917999763407,14.67791750007291],[32.407287599791921,14.681518599629159],[32.38848880018287,14.674499499654651],[32.383117700335596,14.671875000157476],[32.379699699612701,14.669494599710747],[32.367309599818263,14.660705599750866],[32.353515600321295,14.649108899696863],[32.34948730036411,14.630920400235256],[32.350280800220894,14.610717799800566],[32.351074200364707,14.593078599581874],[32.355896000178618,14.581909199914172],[32.361694300147462,14.576477100095081],[32.383911099581077,14.560485800096092],[32.387329100303937,14.54547119981531],[32.400085400120616,14.533874500412914],[32.41107179963862,14.523925800262898],[32.416503899585287,14.499328600417712],[32.421325700297565,14.474670399782934],[32.414306599739092,14.470886200112085],[32.414123499727971,14.462890599639598],[32.42230219955416,14.458679200027955],[32.42089839956472,14.445922899764161],[32.419311499564152,14.417114300109334],[32.420105000319239,14.413696299936284],[32.429687500134882,14.390685999824596],[32.438293499795599,14.371520999748132],[32.451721199557348,14.342285200367796],[32.457885700446695,14.329528799587264],[32.469116200075213,14.309875499936597],[32.468688999953613,14.306091299878091],[32.472717299910869,14.298522900073371],[32.479919399869154,14.29571529965375],[32.492675800297171,14.281677200130327],[32.48168949959382,14.262084999643399],[32.473510700054646,14.247680699869814],[32.464111300250117,14.230896000025151],[32.459716800270726,14.223083499641842],[32.456481899558945,14.216918899588386],[32.44848629974387,14.197692900386574],[32.457275400314032,14.17211909974076],[32.47412109990028,14.151122999647733],[32.489929200417613,14.128295899980349],[32.496276900132827,14.108886699780905],[32.502929700057827,14.095275900081486],[32.50152590006838,14.092895500014528],[32.5054931999262,14.090515100386984],[32.536315900205786,14.031494100174124],[32.530883800259147,14.008483900093948],[32.526306200268671,14.000488299975608],[32.537109400062612,13.971313499889863],[32.551696799703251,13.953674299759093],[32.55529790043726,13.950317400260596],[32.582092299861323,13.926513700002937],[32.595275900410954,13.935485799712188],[32.609680200040479,13.927124000096281],[32.604675300215412,13.917297399732798],[32.627319299770541,13.900878900068209],[32.633483900372923,13.909484900045635],[32.667480500366558,13.909484900045635],[32.672119099558138,13.857482899699452],[32.667480500366558,13.85388179966762],[32.668701200344913,13.848327600374775],[32.673095700324346,13.845703100149329],[32.673522900445889,13.838928200320877],[32.685913099953368,13.833496100310686],[32.680481000006765,13.824096700230861],[32.703308099572943,13.778320299886161],[32.701110799726735,13.768127400130579],[32.71228030015422,13.758727999712876],[32.715881300276855,13.744079600163348],[32.687683099965049,13.71868899980201],[32.678894000293184,13.7006836001529],[32.681091300139421,13.688293499566385],[32.690124499921744,13.685729999605751],[32.708923300429028,13.684692400332084],[32.714111300265245,13.675903299758904],[32.716125500100325,13.654907199957952],[32.724914599772191,13.643127400365731],[32.725280799794369,13.63452149966222],[32.730285599906452,13.631286599606922],[32.734924299709348,13.626525899639578],[32.734497099587806,13.61248780003706],[32.742126500278978,13.609680199926181],[32.752685500249449,13.603515599668521],[32.752722400346357,13.603494300040341],[32.758911100052842,13.59991460029075],[32.774292000448639,13.600524900076332],[32.790100100067647,13.593505900071083],[32.791076699935552,13.582702600031963],[32.811279300432282,13.554870600407204],[32.8322753998875,13.564697300304468],[32.839477499845792,13.580688500117994],[32.844116199648688,13.59191890025143],[32.851684600240525,13.60308840009405],[32.860473600199377,13.620727499844007],[32.868286100003303,13.63452149966222],[32.890686000346271,13.656127899790961],[32.893920900159749,13.677673299903073],[32.899475100018108,13.68792719959152],[32.904296899832154,13.721313499976249],[32.920288100360573,13.721130399796705],[32.921508800338898,13.703491200064942],[32.94171139993734,13.696899399638276],[32.94324709955994,13.699046199808393],[32.952193699952232,13.711553399974415],[32.963708800235786,13.727651199808664],[32.969939600386439,13.736361700421025],[32.973568600098183,13.741434999580354],[32.977905299777269,13.747497599823514],[32.986735299743948,13.754777099789298],[32.992905099795237,13.759863499875605],[33.004283899599059,13.769244199749249],[33.009011900026003,13.773142000171676],[33.013750900323593,13.777048799692794],[33.01493530027971,13.778025299824373],[33.018920899718161,13.781311000095087],[33.026148599865444,13.784187200024332],[33.034681100267939,13.78758269983882],[33.054504399712393,13.795471200125016],[33.066325299993409,13.800272400400436],[33.067177399651086,13.800618500075451],[33.070016100203432,13.801771400364203],[33.076293900209691,13.804321299751001],[33.081094799820235,13.801771400364203],[33.083917300154745,13.800272400400436],[33.084434600401032,13.799997600230279],[33.096510299727505,13.793584000048579],[33.099627200438547,13.791928499980331],[33.104243599564462,13.78947670012742],[33.105712900212872,13.788696299755285],[33.111083900347126,13.786499199735584],[33.102111800377216,13.807678199696186],[33.066711400394077,13.840698299668901],[33.066711400394077,13.853088399721171],[33.065918000250299,13.901672399880995],[33.064880400283094,13.9268798999575],[33.061889599681734,13.967102100271884],[33.061096200436324,14.004699700312138],[33.061889599681734,14.040710600226252],[33.116699200017862,14.041076799733258],[33.140686000361427,14.040527500253303],[33.154907199979903,14.039673000114052],[33.162719699783864,14.040283400134991],[33.169311499609492,14.041504100307517],[33.17431640033292,14.044311699875882],[33.180480900323971,14.051330699849082],[33.190124499951892,14.056884899893213],[33.199890099778621,14.063903999667208],[33.207275400359336,14.066101299911947],[33.220703100121085,14.07012960010117],[33.234496999905012,14.074280000314459],[33.239929199564628,14.074890300185215],[33.246887200310759,14.070312699918997],[33.246896399957599,14.070305799586333],[33.27947989970373,14.046081700047111],[33.284301700416009,14.04089370005287],[33.302490199892397,14.021301500246492],[33.320312500244825,14.003906399776762],[33.326477000235862,13.987304800098741],[33.329528800038261,13.972900500033106],[33.333129899873846,13.963928200065254],[33.33709719973173,13.958312999913431],[33.341918899832706,13.951721199906471],[33.344299299690022,13.935119799982754],[33.351684499659434,13.920288300055049],[33.354675300260723,13.914306699638054],[33.354675300260723,13.910278500274705],[33.357116700217411,13.906921599648639],[33.373718199980189,13.900512899617272],[33.378295899683685,13.898681800409003],[33.383300699795775,13.896911799709624],[33.397888100334782,13.894897600142984],[33.40612789997332,13.893676899806113],[33.408080999996059,13.895874200428018],[33.413329999931612,13.890503099926176],[33.415100099656343,13.884277400083619],[33.412109399666292,13.878112800097096],[33.403320299994462,13.869323700018912],[33.402526899850685,13.853515600318167],[33.402282700027214,13.837890599961598],[33.403686500016697,13.828491400051471],[33.4091185999633,13.822509900280648],[33.415893499800013,13.822509900280648],[33.421081499636266,13.82409689998631],[33.425903300348516,13.827697900391081],[33.435913000285701,13.83251969987194],[33.454284599773139,13.83251969987194],[33.463073700343308,13.832275600430449],[33.470520000125063,13.832092499949489],[33.479125900072802,13.830688700095099],[33.481872499952324,13.829101699966971],[33.482726999908451,13.826111000247353],[33.481079099808547,13.822876199914212],[33.480285599951763,13.818725699928487],[33.480895999797426,13.815307800229363],[33.482726999908451,13.81268330010119],[33.487487799623061,13.8129274000168],[33.4895018997452,13.816284400207433],[33.489684999756314,13.820678900281296],[33.489929199579748,13.825317599764855],[33.491699199591402,13.827514799797951],[33.495117200314226,13.82812519996933],[33.499877900315902,13.82727060002847],[33.502929700118194,13.813904000376118],[33.501525800415799,13.784484999825368],[33.498474100326419,13.776306299917229],[33.490295399601919,13.745910800242475],[33.487670899634182,13.733886900179817],[33.483520499765277,13.729126199685124],[33.474304199971826,13.717285299678963],[33.470092700290479,13.697876199729214],[33.465698200311117,13.685302899929868],[33.460510199576603,13.667480599754448],[33.465698200311117,13.633300900218281],[33.482116699775794,13.636108399673306],[33.487121599600854,13.621520999678728],[33.492675800357603,13.60308840009405],[33.496093800182138,13.60308840009405],[33.526672400351266,13.598510700152987],[33.530883800319579,13.598693800419692],[33.534301800144107,13.597473099906058],[33.536499000277367,13.594299299948782],[33.548706099773696,13.594299299948782],[33.558898899721974,13.58251949963525],[33.576904300085609,13.581298799642068],[33.585429499879766,13.581117400022558],[33.585510299746289,13.581115699907992],[33.586486799901188,13.596679700179308],[33.586730999724651,13.61248780003706],[33.593688999572485,13.624511700170048],[33.595519999683447,13.627075199582011],[33.599304200428513,13.632690400395111],[33.604309100253609,13.639892599858703],[33.610900900079237,13.647094700106548],[33.613708500058095,13.651489300043961],[33.617309599893744,13.656921400264656],[33.626525899687195,13.666076700435818],[33.626708999698309,13.675476100204431],[33.626281699863725,13.680480999931154],[33.625305199708826,13.690673900041611],[33.623901399719379,13.70007319983001],[33.617492699904865,13.708679200144473],[33.6052856004085,13.709289599927864],[33.584472699779049,13.710082999719242],[33.579711900064439,13.711487000354545],[33.576721200074424,13.712524600048324],[33.572692900117268,13.713684100080961],[33.562683099568737,13.717102100360446],[33.558105499578261,13.726318400181263],[33.559081999733088,13.735107400347754],[33.565673799558716,13.742675999668759],[33.573120100238803,13.749877899886963],[33.58111570005385,13.752075200090903],[33.586914099735772,13.753906300125138],[33.598083499551848,13.753723099758567],[33.605896000254141,13.7517089996559],[33.609924300211397,13.750671399706048],[33.614685099926007,13.750488299771151],[33.624877899874278,13.75970459991748],[33.621276899751642,13.769470199737816],[33.614501999914886,13.779113800061252],[33.602111800407435,13.784912300086546],[33.597717300428009,13.786926499800876],[33.589904799725716,13.790527500320314],[33.572509700393134,13.798889299913879],[33.562316900444863,13.808471700381718],[33.559326199556558,13.816284199572967],[33.55627439975423,13.82373050021438],[33.557128899710349,13.835327099802893],[33.563293500312703,13.840270999630617],[33.565673799558716,13.842102100177646],[33.574096700106679,13.848693800050427],[33.580322299910073,13.846923799951421],[33.586486799901188,13.845092800177495],[33.596313500438526,13.842285199757592],[33.599670399552451,13.841308599836696],[33.6052856004085,13.841674800102073],[33.607116700232467,13.843872100355236],[33.612304700068648,13.84747309994945],[33.616088899915418,13.849670400345905],[33.625122099697741,13.857910200363706],[33.626708899985296,13.862487999768589],[33.628478999709927,13.866272199643195],[33.63012700042114,13.869873000239314],[33.632080100443879,13.878478999886243],[33.630309999820945,13.889892699741285],[33.629516599677167,13.895691000113645],[33.628478999709927,13.899902400243375],[33.627684700352518,13.9077173999565],[33.624877899874278,13.917114400358287],[33.615905799904304,13.927124000096281],[33.604126000242523,13.939697299859969],[33.605102500397415,13.949523900082465],[33.611511200211893,13.953124999725746],[33.624511699852036,13.952881000313274],[33.639709500236748,13.951477099621687],[33.64312740034827,13.956298800239049],[33.646484400073462,13.965515100277173],[33.646484300360456,13.971496799752721],[33.646484300360456,13.977905500404244],[33.644897400359952,13.991699399741877],[33.627685499853136,14.012878399791907],[33.623718299708322,14.032897999567737],[33.628295899698806,14.044311500310821],[33.650329600019568,14.048889199929134],[33.663330099659717,14.062683100008384],[33.669494599650825,14.094299299656344],[33.676513700209341,14.103088399651348],[33.690490700004339,14.102294899874501],[33.694091799839995,14.102111800434894],[33.697692899675644,14.102111800434894],[33.721496500295082,14.100891300155611],[33.729492199823142,14.076293900315161],[33.733137300039687,14.075716100080882],[33.733827599639959,14.07560660005592],[33.739502000371601,14.074707000138954],[33.783081100180908,14.058471699802473],[33.859680200116031,14.03027339984776],[33.926513700224397,14.00592039983303],[33.930908200203831,14.007873499994894],[33.934326200028352,14.009094200080158],[33.942687999865704,14.010498000337956],[33.957519499616836,14.001281700347183],[33.960327099595702,13.998718300149049],[33.965515100330215,13.997314500255181],[33.988525800269123,14.005495300031562],[33.990721399604489,14.017876100313655],[33.985900899652769,14.039672899893793],[33.973510700145255,14.055481000244709],[33.963313800286038,14.072090300230199],[33.961281800333566,14.07595159971792],[33.960182399868039,14.078040799682004],[33.958099600186245,14.08199879962487],[33.956131100344599,14.08573960006292],[33.953458400371922,14.090818499769162],[33.943121599585297,14.110461399724405],[33.933288600061147,14.128295899980349],[33.930725100192703,14.13629139967321],[33.931257800257939,14.139599599645091],[33.931884800071728,14.143493700294115],[33.945551800245312,14.155630199808483],[33.955322300381908,14.164306600016742],[33.973451500269704,14.173920600117158],[33.979492199838191,14.177123999635278],[33.991088900387226,14.186279299775499],[33.998547700226219,14.193738200237066],[34.015319799942944,14.210510300023046],[34.022705099625298,14.224289900260258],[34.03210450032816,14.245102900110448],[34.039672900021628,14.263122599851336],[34.035888700174858,14.275878899836144],[34.032810600395941,14.281240299848683],[34.015319799942944,14.311706499729734],[33.992309600365587,14.329101600342094],[33.98852689980707,14.333701500314014],[33.98858370028244,14.334543800040095],[33.988628999627345,14.335215500323244],[33.988651499730238,14.33554999980699],[33.988846300297922,14.338439600074091],[33.988892799791948,14.339111400086701],[33.988978899718653,14.339306500132061],[33.98906580004433,14.339500800175644],[33.989595000273098,14.340683699635495],[33.990266199893888,14.342183999808398],[33.994079600377198,14.350707999773416],[33.994306200407664,14.350595499752883],[34.003300799582213,14.346128699900362],[34.025516300051827,14.338536699578203],[34.032155900132082,14.336376199991479],[34.037902800296962,14.344482399631504],[34.050292999804448,14.362487799672904],[34.060119599730548,14.376709000038547],[34.072326700125274,14.394287100345863],[34.084472699809261,14.411926299948457],[34.092102099602137,14.423095700158814],[34.099487299571543,14.433715799847011],[34.106689500141144,14.444274900400268],[34.209716800376462,14.593322800074892],[34.259887700011362,14.667480500385613],[34.285522500167808,14.732299800228798],[34.245483400381744,14.799912499904513],[34.199890199552065,14.877060899965358],[34.174499500404409,14.919494599694257],[34.158874499898154,14.94566439992029],[34.143493700113737,14.97166540022374],[34.13171389955356,14.991257699602254],[34.108703600263219,15.030259100027338],[34.095519999713659,15.05229279985833],[34.061889700353476,15.108872400094524],[34.049499499947693,15.129868499812654],[34.041503900132611,15.143310500373078],[33.994873100234024,15.164109199611293],[33.920898500266674,15.196885100144529],[33.89331060008756,15.209092199732746],[33.832885799793637,15.235886599712718],[33.798522999777738,15.251084299876466],[33.774108899599618,15.261901900044256],[33.763671899827884,15.271103900009779],[33.735290499791944,15.291503900191785],[33.729309099812021,15.292893400132078],[33.713061300014232,15.296874399653916],[33.684326200013302,15.297729500103515],[33.660522499680852,15.297729500103515],[33.652282700042306,15.300720199593316],[33.649902300185019,15.30932619989292],[33.64788820006288,15.336120600074604],[33.642700200226692,15.368102999907755],[33.63372799964548,15.399291999766289],[33.624877899874278,15.408325200172243],[33.62052249996588,15.412809999739563],[33.618080799971992,15.415305399741762],[33.617262800362425,15.416123399812486],[33.616518800372738,15.416853199784526],[33.615998199716145,15.41737380027266],[33.615272299881141,15.418099699780447],[33.614722399773221,15.418649600311984],[33.613297599867394,15.420033399940348],[33.611999999609139,15.421277100215251],[33.611426899610713,15.421819999622052],[33.610573599803772,15.42261410018723],[33.609321100362727,15.42381489995736],[33.607739699848359,15.425313099578814],[33.598083499551848,15.434067699734797],[33.581481900076056,15.438476599651944],[33.575073200261578,15.438476599651944],[33.569274699968382,15.455505400141213]]]},"properties":{"adm0_ar":"السودان\u200E","adm0_en":"Sudan (the)","adm0_pcode":"SD","adm1_ar":"الجزيرة","adm1_en":"Aj Jazirah","adm1_pcode":"SD15","adm1_ref":"","adm1alt1ar":"","adm1alt1en":"","adm1alt2ar":"","adm1alt2en":"","date_":"2020-03-11","shape_leng":8.7067616900000004,"validon":"2020-08-31","objectid":2}},{"type":"Feature","id":3,"geometry":{"type":"Polygon","coordinates":[[[34.483093299704066,12.549316399921585],[34.472895000269631,12.554361899601661],[34.467153000414605,12.557202600013319],[34.465698200371484,12.557922400379784],[34.450500499699814,12.562316899978383],[34.450460399803887,12.56228210027837],[34.441335899747628,12.554361899601661],[34.438476599927576,12.551879900358793],[34.435913100059103,12.538085899810209],[34.423889200286865,12.526672399803221],[34.393920900250365,12.507324199624042],[34.380302700156271,12.499147199709556],[34.366882300104535,12.491088900046316],[34.337524399913704,12.474487300200757],[34.331345799965987,12.471429899914744],[34.29082359969486,12.451378299673342],[34.290283200169405,12.451110799817357],[34.278320299598143,12.455871600244697],[34.266088599737735,12.455386799597962],[34.258300800010829,12.455078100393436],[34.250305200195754,12.460693400116659],[34.239685100412935,12.463928199666379],[34.232299799832184,12.46490480015129],[34.22692869998491,12.461486800334614],[34.225935200111607,12.461213199778197],[34.222717300016605,12.460327100011801],[34.222705600358339,12.460240400139664],[34.221496600038243,12.451293900302133],[34.208313000387015,12.435913099726507],[34.205479299857551,12.432551199828424],[34.204601900048189,12.431510300381577],[34.193943300268892,12.418865199879498],[34.191284199891314,12.415710400388159],[34.180611500155315,12.397364999768639],[34.1782581997752,12.393319900370553],[34.172402800191954,12.383254799630908],[34.168701200435564,12.376892099777759],[34.163599199914778,12.363704700215726],[34.161498999865962,12.358276400182589],[34.151489299928748,12.343872100293996],[34.151009499854027,12.3435622001128],[34.133911099686813,12.33251949957571],[34.129874399583329,12.329550399723651],[34.126525899717407,12.327087399618279],[34.114685099956226,12.315124500306727],[34.11072750010679,12.311491100078509],[34.104047299769029,12.305358200401649],[34.093078599757035,12.295288099773344],[34.088291800103129,12.285404099754681],[34.086681899638016,12.282080100252527],[34.086486799931407,12.281677199965902],[34.079711900094651,12.274902299586694],[34.079535099968645,12.274741800333043],[34.076536899944365,12.272019799833748],[34.076093399891924,12.2716171000885],[34.075530500263575,12.271106099606547],[34.075188499956781,12.270795499970552],[34.074825799770935,12.27020779974586],[34.074215900286887,12.269017099728105],[34.073005900141915,12.266654600273426],[34.072757499796154,12.266169599613491],[34.07263579963471,12.26593209982444],[34.065673799588936,12.259887899566101],[34.059326099873822,12.25390639979743],[34.027893100359812,12.226501500342925],[34.018310499932888,12.221313700044478],[33.987487799653273,12.205078300301313],[33.942687999865704,12.173889299816313],[33.93908690003002,12.170898400154231],[33.85949710010491,12.150085399801918],[33.74127189977191,12.082885899860489],[33.721496500295082,12.07012959971772],[33.603271399675087,11.992492899829973],[33.593505799848359,11.989929399708503],[33.574890100250457,11.986084200077084],[33.387084899642545,11.871521199852502],[33.354801599796403,11.849639300118843],[33.290283200108981,11.805908200329977],[33.263488700073609,11.795471400141039],[33.240478499597948,11.781311199751197],[33.180893400414206,11.744280799626189],[33.174689299990476,11.740577899668489],[33.174004700200655,11.737052299910738],[33.173421200406175,11.735791900100796],[33.140521199930951,11.628091899718919],[33.152051600320462,11.557662999708382],[33.167721200383944,11.478491899975882],[33.174221199574028,11.386091899830424],[33.197121200120485,11.248491900031544],[33.201721199602659,11.215391900313248],[33.238521199951251,11.002891899911557],[33.235221200127512,10.99719190015424],[33.245721199648422,10.94279190019323],[33.249921199995761,10.918191899905942],[33.265721200404244,10.829191899622774],[33.240921200149735,10.783091899918137],[33.219021199685976,10.73499189985044],[33.356121199795972,10.694991899741044],[33.453721199783146,10.666291900123273],[33.482721200384987,10.65789189978624],[33.49802120030288,10.640291900091102],[33.536021199852456,10.596491900083713],[33.667821199973247,10.441391899830155],[33.672121199879712,10.439491900142555],[33.727321199953458,10.393291899603391],[33.728721200069252,10.390491900140393],[33.767721199701526,10.35999189957303],[33.79392120007175,10.337591899950157],[33.799121199603526,10.327191900241619],[33.810621200105501,10.305791900415532],[33.864821200096543,10.221491900434284],[33.884321200361846,10.189191899728497],[33.892921200174747,10.173891899780898],[33.895321200373303,10.170091900248275],[33.899521199822317,10.165791899886424],[33.901521199987748,10.161591899622014],[33.906721200417785,10.161591899622014],[33.91482119974021,10.161591899622014],[33.923821199586271,10.16299189965321],[33.93242120029754,10.163491900325583],[33.942421200226299,10.162491899967074],[33.950921199581778,10.16199190038296],[33.95952120029304,10.158691900138265],[33.966221200398031,10.153891900403679],[33.97002119981402,10.148191900247824],[33.971421199929807,10.140591899559093],[33.969521200221799,10.133491899624453],[33.967621199615529,10.129691899577709],[33.966621200431092,10.126791900361242],[33.968121200106012,10.118691899944368],[33.969021199731351,10.113991900088552],[33.970521200304532,10.110591900334272],[33.970921200337592,10.098291899937813],[33.970921200337592,10.09299190012961],[33.975721199836279,10.085891899604214],[33.9824211999412,10.078791900011328],[33.990021199671475,10.07109189988399],[33.993321200393538,10.066391900178207],[33.995721199693733,10.062091899697837],[33.995221200101547,10.054991899941294],[33.99382119998576,10.04829189969243],[33.99232120031084,10.042091899659352],[33.993321200393538,10.03119189998843],[33.994721199611035,10.021191899760792],[33.997621200300031,10.013591899770855],[33.999521200008012,10.007391900094344],[33.999521200008012,9.999791899885432],[33.997621200300031,9.9944919001543759],[33.99382119998576,9.9882918996042811],[33.990921200195046,9.9768919000151453],[33.988521199996555,9.969791900384017],[33.98902119958877,9.9644918997030825],[33.988121199963494,9.9606918995815086],[33.990021199671475,9.9549918995848223],[33.990421199704528,9.9492919000409969],[33.989521200079253,9.9440918997034622],[33.989521200079253,9.9402919001845405],[33.991421199787261,9.9335919001679081],[33.993321200393538,9.929291899666584],[33.99382119998576,9.9216919002386117],[33.992821199903055,9.9107918996880109],[33.988521199996555,9.8983918997381135],[33.983821200056994,9.889391899808313],[33.980021199742716,9.8835919001006864],[33.977121199952073,9.8802918997985767],[33.976621200359851,9.8759918999110354],[33.977621200442584,9.8697918997395409],[33.976621200359851,9.8617918999715393],[33.974321199720457,9.8550918999962533],[33.971421199929807,9.848091900396895],[33.968621199698227,9.8369918996428645],[33.968121200106012,9.8307919001826303],[33.966221200398031,9.8241919004106606],[33.966621200431092,9.820791899864588],[33.968621199698227,9.8131918997850232],[33.966221200398031,9.8060919000679068],[33.965221200315334,9.8026918996231664],[33.960021199885261,9.7984919001015562],[33.956721200061494,9.7941918996095705],[33.954821200353479,9.7884918996405155],[33.952821200188119,9.7855918997189058],[33.950021199956495,9.7817919001488018],[33.948121200248558,9.778491899935748],[33.944321199934272,9.7741918999238226],[33.939021199945074,9.7722918997281862],[33.934821199597728,9.7693919001281948],[33.928621199983255,9.7674918999657887],[33.924321200076747,9.766591900436298],[33.922421200368774,9.7641919004183872],[33.920521199762476,9.7617918999213185],[33.918121199563984,9.756591900160112],[33.917621199971791,9.7517918998600734],[33.917221199938702,9.746091900380355],[33.915321200230721,9.7393919002304319],[33.913421199624416,9.7279919000870017],[33.911021200324292,9.7184919002505517],[33.910021200241623,9.711391899987257],[33.908121199635282,9.7051918997788924],[33.906721200417785,9.6989918999378322],[33.900521199905022,9.6856919003489299],[33.898621200197042,9.6799919003384662],[33.897221200081248,9.6694918999571513],[33.896721199590736,9.6603919001953216],[33.893421199766962,9.6451919002928239],[33.89192120009205,9.6351919003499713],[33.88962120035098,9.6280919001712935],[33.887721199744703,9.6237918999734191],[33.887221200152489,9.6185919000456916],[33.888621200268275,9.6142919003253713],[33.887721199744703,9.6023919003055198],[33.886721199661977,9.5971919001106905],[33.887721199744703,9.5823918997494957],[33.888221200235186,9.5733918995678717],[33.887221200152489,9.5528919003093957],[33.887721199744703,9.5461919002654358],[33.889685100212112,9.5379488998751967],[33.895321200373303,9.5142918996827657],[33.898435600174501,9.5053937003981854],[33.899521199822317,9.5022918997713308],[33.899521199822317,9.4985918999167733],[33.901812399666852,9.4986552001147828],[33.910677099756384,9.4988665001575807],[33.91256780010454,9.4989523002284439],[33.916077199915946,9.4990492000594209],[33.917990299755729,9.4990804997054905],[33.923323799718524,9.4990907001980407],[33.941897900132268,9.4990918998390708],[33.951533200225271,9.4990918998390708],[33.979380300296555,9.4989174999915793],[33.981625700434641,9.4989051996779352],[34.009991399716007,9.4986473997803049],[34.018466999930091,9.4985918999167733],[34.037871500297527,9.4985918999167733],[34.061851200357076,9.4985918999167733],[34.079783399703025,9.4985918999167733],[34.090721200364264,9.4985918999167733],[34.107721199973582,9.4985918999167733],[34.108542199956183,9.4985918999167733],[34.112721200387142,9.4985918999167733],[34.110621199764296,9.5354918998916123],[34.10872120005628,9.5664919000731796],[34.115421200161272,9.5878918998488878],[34.125421200090038,9.6230918996016932],[34.128021200305035,9.6318918999901548],[34.137821200217218,9.664091899896297],[34.163021199606455,9.7482918995624779],[34.167321200411244,9.7649919002810961],[34.17162120031778,9.7782919000771535],[34.179621200081073,9.7958919003908829],[34.192321199783969,9.8244918997970192],[34.215821200380063,9.8805919003896925],[34.224921199785179,9.8991918997139869],[34.22532119981831,9.9042919004086585],[34.221021199911775,9.9286918996525184],[34.221521200402293,9.9362919002436314],[34.224921199785179,9.9533918996062685],[34.230621199807509,9.985291900008308],[34.242921200375569,10.053291900155328],[34.248221200364767,10.057591900160142],[34.266321199615952,10.068591899849805],[34.281521199974783,10.080491899919084],[34.306221199771791,10.09669189974961],[34.310021200086076,10.098991900060691],[34.31292119987679,10.101391899656353],[34.336721200048522,10.116191899948147],[34.336221199558004,10.120891900322036],[34.333821200257816,10.133291899627809],[34.333821200257816,10.142791900016785],[34.337221199640773,10.151391899943745],[34.341421199988083,10.155691900345543],[34.345321199861495,10.163791899823073],[34.348121200093011,10.170391899737913],[34.343421200153514,10.191391899796177],[34.344821200269244,10.198491899691838],[34.347221199569432,10.204691899702993],[34.349521200208798,10.215591900111081],[34.347221199569432,10.224191900025113],[34.344821200269244,10.233191900265757],[34.342921199663003,10.242291899789631],[34.337621199673798,10.266991900421667],[34.334821200340514,10.274191899866949],[34.32382120032905,10.311291899790291],[34.310121199645202,10.361291899607799],[34.308621199970283,10.364591899944692],[34.300521199749532,10.396891899902057],[34.301921199865298,10.408391899666265],[34.311921199794057,10.440691900133496],[34.311521199760996,10.445491899719055],[34.309621200052952,10.461191900277568],[34.305821199738737,10.476891899788034],[34.300021200157317,10.493491899910158],[34.290521199820773,10.514991900036248],[34.28622119991428,10.532991900037716],[34.29102120031132,10.542591899875617],[34.299321199650258,10.553491899718379],[34.302921199948024,10.558291900368049],[34.303921200030722,10.569591899837711],[34.300021200157317,10.574891900053686],[34.302421200355809,10.578691900156482],[34.307721200345007,10.583491899885598],[34.313421200367237,10.590191900158164],[34.32382120032905,10.600591900155177],[34.35192120040729,10.627291899711722],[34.353321199624823,10.630091900278474],[34.393321200238056,10.670591899587075],[34.397621200144528,10.675291900110603],[34.400921199968359,10.682991900361678],[34.410521199863993,10.700991900217272],[34.435221199661001,10.746191900106218],[34.465221200345511,10.80479189964759],[34.468021199678802,10.809491900306318],[34.496121199757042,10.829191899622774],[34.510794700222753,10.839444099591336],[34.519021200303499,10.845191899909148],[34.590721200394405,10.894891899704072],[34.602721199590299,10.903291899863961],[34.627521199844743,10.88089190029554],[34.65552120036385,10.857191899806308],[34.665521200292609,10.847091899801626],[34.678421200012011,10.836691900296008],[34.683921200017764,10.830091900339948],[34.686021199742285,10.827591900297875],[34.689021199990414,10.825491900126893],[34.700321199577509,10.817591899776838],[34.711221200029847,10.807591900172321],[34.723421200140479,10.793191899704278],[34.726921199980829,10.789091900289179],[34.740721200223874,10.772891899575718],[34.754521199568551,10.754791900113213],[34.757421200257554,10.749591899990316],[34.765021199987856,10.746191900106218],[34.771221199602238,10.747191899582914],[34.792021200424202,10.748891900004214],[34.792262300161688,10.748831600416324],[34.793872799802969,10.748961299586643],[34.794985600437599,10.749050599840949],[34.794821199757465,10.74819190015957],[34.793121200066025,10.742391899777425],[34.790121199817897,10.738691900406515],[34.789282699755276,10.737671599778782],[34.788693999613656,10.735513400405244],[34.787821200076827,10.732391899814715],[34.787421200043774,10.726291900188139],[34.786521200418491,10.721091900269572],[34.785921200368854,10.717691900179833],[34.778821200230801,10.711091900400371],[34.776421200032345,10.705291899964754],[34.777821200148132,10.701991899935765],[34.783621199729488,10.70149189960614],[34.790221200275319,10.70339190000252],[34.795921200297613,10.709091900343367],[34.804521200110585,10.720491899654409],[34.810721199724988,10.727691900000183],[34.819721199571056,10.73429189956291],[34.825421199593315,10.734791900438053],[34.839221199836359,10.736691900102471],[34.848321200139772,10.741491899593708],[34.860221199776539,10.7480919004275],[34.865421200206583,10.754291899702064],[34.867321199914592,10.769091900330107],[34.868121199980749,10.780791900179926],[34.86922119962253,10.796191900107946],[34.871521200261938,10.798091900019495],[34.884921199573554,10.808891900077439],[34.892121200169022,10.814791899925099],[34.926321200302617,10.843291900297817],[34.976421200403735,10.883491900392801],[34.976783700265266,10.88377010007523],[34.977478600138141,10.885457699690935],[34.97790110027416,10.886483700228116],[34.978911200115597,10.888936499812058],[34.980115200412811,10.891860600394221],[34.980221199819688,10.893191899651894],[34.980621199852777,10.898491899572713],[34.980121200260569,10.905191900119876],[34.974021200205215,10.911691900084675],[34.96912120024917,10.919891899927347],[34.968721200216073,10.923691900066871],[34.967721200133376,10.930391900427118],[34.965821200425374,10.941391899575768],[34.954921199973036,10.941391899575768],[34.952521199774544,10.943291900322938],[34.954921199973036,10.952791900318314],[34.955821199598311,10.955591900059421],[34.963421200226882,10.995091899566745],[34.973421200155641,11.047491900023417],[35.008668699690887,11.185962099883263],[34.994653599649688,11.202313199730311],[34.994392199783491,11.202618100044461],[34.994392199783491,11.203094099579271],[34.98772119999083,11.209791900008621],[34.97981010020299,11.218746000038847],[34.974658599815108,11.224593400326286],[34.973244099992264,11.22619899993944],[34.971304799889012,11.228400099992502],[34.970121200331867,11.22974360019497],[34.969221199808231,11.229991900427018],[34.966321200017582,11.230691900067317],[34.962021200111089,11.231691900383957],[34.955821199598311,11.23259190034879],[34.950121199576053,11.234991899745234],[34.944421199553794,11.235891899987843],[34.939221200022018,11.235891899987843],[34.936333199926935,11.241165099805045],[34.936621199807014,11.241491899767576],[34.936737500195271,11.241648399872785],[34.939221200022018,11.244991900008074],[34.945421199636499,11.246891900337078],[34.95442120038085,11.250691900409926],[34.95632120008883,11.253991899865193],[34.955321200006132,11.260691900222641],[34.958721200287322,11.263991899570113],[34.962021200111089,11.272091900279154],[34.964421200309609,11.274491899964646],[34.96682119960974,11.276391900222215],[34.970621199924025,11.284491900333119],[34.988721200073535,11.331091900184296],[34.992021199897337,11.341091900150021],[35.023421199799337,11.383891899663906],[35.050721199811356,11.423991900215883],[35.052921199993335,11.427191899964155],[35.056121200257977,11.445691899629647],[35.060541199815077,11.471021100276353],[35.061221200230662,11.471491899837725],[35.061968700056617,11.471973100172017],[35.065321200120586,11.483391900104376],[35.075321200049281,11.505291899783959],[35.082921199779548,11.524791899818215],[35.086221199603379,11.531491900157659],[35.086721200093834,11.553391900307279],[35.088621199801835,11.598091900390031],[35.090521200408112,11.645191899674399],[35.088421199785259,11.650691900273976],[35.082821200220422,11.656291899762879],[35.07572120008237,11.663291900016263],[35.074021200390938,11.665691900240681],[35.067721200319042,11.674191900420405],[35.064021199563882,11.686191899620553],[35.067721200319042,11.690891899587879],[35.06802119989468,11.694091900092069],[35.068121200352167,11.696591900120323],[35.060783399988708,11.713654600192962],[35.05982120011484,11.715891899771256],[35.052321199943691,11.733291900269341],[35.050642899956252,11.739501700007306],[35.050321199778331,11.740691899714385],[35.050364900121934,11.740746700037521],[35.049926799842709,11.741882300090188],[35.049644400060075,11.742339399866708],[35.04298570000033,11.753118199835875],[35.033558700356991,11.768378100157834],[35.001098600384836,11.820922899923263],[34.972516799683746,11.869002700324883],[34.963073700433952,11.884887699672703],[34.934875500122146,11.928283699749027],[34.918701199582571,11.952270499821866],[34.917473299607202,11.95573680010413],[34.894897400435475,12.019470299977405],[34.890736999622483,12.039702100067839],[34.887329099556652,12.056274499620663],[34.879882799774897,12.084472699675807],[34.870117199948204,12.122497700319856],[34.869261199805521,12.126579399988954],[34.863525400122569,12.15393080038511],[34.859222399842999,12.16961669964617],[34.854919399563492,12.185302700225961],[34.847289999770645,12.205871600316236],[34.847289999770645,12.220092899833407],[34.845092799637456,12.228698699578072],[34.84008789981236,12.243896599622595],[34.826293900315427,12.299499600243937],[34.824092699984263,12.30781180014543],[34.813476600399348,12.347900399823699],[34.805480999685976,12.373718300052422],[34.79412840014573,12.397888200404434],[34.784484900230751,12.421875000187907],[34.75952150001941,12.438720699702658],[34.704284699561711,12.469116200176087],[34.68792720019637,12.491882300108562],[34.672729500423003,12.498290999596804],[34.65649410007105,12.512512199897602],[34.640319800429836,12.51788330013388],[34.629430000347575,12.5162818996741],[34.617492699965304,12.514526400028979],[34.594726599600101,12.52111820005557],[34.568725600319844,12.524291999907302],[34.54150390016283,12.531921400262384],[34.528503399624427,12.534118700274792],[34.527709500017295,12.534597999817523],[34.512329099983177,12.543884299927779],[34.494872999652898,12.541686999897765],[34.483093299704066,12.549316399921585]]]},"properties":{"adm0_ar":"السودان\u200E","adm0_en":"Sudan (the)","adm0_pcode":"SD","adm1_ar":"النيل الأزرق","adm1_en":"Blue Nile","adm1_pcode":"SD08","adm1_ref":"","adm1alt1ar":"","adm1alt1en":"","adm1alt2ar":"","adm1alt2en":"","date_":"2020-03-11","shape_leng":8.8473956000000005,"validon":"2020-08-31","objectid":3}},{"type":"Feature","id":4,"geometry":{"type":"Polygon","coordinates":[[[23.607513400149312,13.500915499916612],[23.602905299659916,13.503906300039787],[23.595886199999732,13.507080099884549],[23.589691200408133,13.509796099968758],[23.583496100205227,13.5125122001379],[23.577087400390713,13.516204800110668],[23.570678699677906,13.519897500094997],[23.559204099938892,13.523193400277963],[23.547729500199949,13.526489300279394],[23.537628199951534,13.531799300048833],[23.527526899703147,13.53710939972545],[23.522125199644087,13.541595500049217],[23.516723600196229,13.546081500057516],[23.511108400238474,13.550079299647757],[23.505493200280682,13.554077100129305],[23.499908400210501,13.556701700379429],[23.494323699853265,13.559326200031347],[23.487609899828865,13.557800299621048],[23.480896000091516,13.556274399890539],[23.472198499832583,13.554779100186684],[23.463500999573647,13.55328370025139],[23.449890100087835,13.551483199914001],[23.436279300314965,13.549682600354465],[23.398071300352996,13.498718299900004],[23.377319300109896,13.500305200296115],[23.368897100247906,13.492883999978236],[23.358746499558386,13.483939900211848],[23.35369869978857,13.479492199571489],[23.339165700324855,13.475196399996735],[23.321899399641108,13.470092799860785],[23.301086400196972,13.454711899887496],[23.278686499854004,13.441711399678082],[23.276583400043432,13.440288699719725],[23.262085000091226,13.430481000073723],[23.250217700029133,13.427682099732996],[23.242675799738205,13.425903300309614],[23.236708400001941,13.425903300309614],[23.232425799564222,13.425923299921182],[23.231452700431003,13.426264299638456],[23.231187400079882,13.426357199947683],[23.230887800254486,13.426462200093958],[23.230088199938606,13.426742400059783],[23.229659399917537,13.426892599730916],[23.228632799821018,13.427252300037694],[23.228218099756557,13.427397600218494],[23.227668399972995,13.427590200390775],[23.226685999683291,13.427934400062206],[23.224691100152047,13.428633400070963],[23.224475100242032,13.428705200027512],[23.224170300069503,13.428055799945339],[23.223836799621942,13.427345299573025],[23.22307280043907,13.425717799879328],[23.222462500306413,13.424069899683618],[23.222288500229155,13.423579000145157],[23.22084930032932,13.419517199946171],[23.219715900426916,13.416318399818699],[23.219559400429684,13.415259899624051],[23.219107899981363,13.412205799924168],[23.218914299562904,13.410895599783563],[23.218764700423673,13.409883799919248],[23.218709899598142,13.409517299707831],[23.218375700261308,13.409118400081889],[23.217767200352434,13.408754599704363],[23.217115200424274,13.408364700125693],[23.216002200363658,13.407699199748061],[23.207265699746639,13.40247540038855],[23.204164000326941,13.40062069984662],[23.202293600107524,13.399502400361769],[23.201262200312382,13.398885600339009],[23.201031099722393,13.398746600076826],[23.200897799615696,13.398414099840711],[23.200877000023603,13.398128300309063],[23.200759600097467,13.396514400273455],[23.20070549995777,13.395769900288082],[23.200672900096137,13.395322300321707],[23.199781400330064,13.383389199943597],[23.199086000095573,13.374082099814879],[23.194691500116143,13.315488299605574],[23.18608549955713,13.294675299757914],[23.185958800271141,13.294628900304797],[23.163754599709417,13.286485300351833],[23.118519600302623,13.269895100122175],[23.113270600367066,13.267880899687958],[23.111049600268743,13.267034800389705],[23.110707099600365,13.266904299832134],[23.107289099775798,13.265683600013974],[23.09190829999131,13.259885300138428],[23.083586900087326,13.256829399993892],[23.082734099743679,13.256516199729182],[23.082511199873924,13.256434399900781],[23.082218400295321,13.256326900306718],[23.081814900425837,13.256178700062861],[23.081086099930832,13.255919700045375],[23.080838700308302,13.255942099915954],[23.080142600286205,13.25600500018958],[23.075917999574784,13.256386900167353],[23.070301799792123,13.256894599648712],[23.066638099957572,13.257893800294086],[23.058452800209036,13.260126200073623],[23.05351720001822,13.261472200045651],[23.044019999730434,13.26294590000454],[23.042896999624094,13.263120199972551],[23.03868559965575,13.258908699635084],[23.034443799799867,13.253632399905987],[23.033680900154973,13.25268220016491],[23.03490139980898,13.246274499920133],[23.03868559965575,13.231075899763315],[23.038868699666871,13.218320400277861],[23.038686400054665,13.216132300156072],[23.037794099889677,13.205424700149027],[23.037532399986151,13.202283800312847],[23.03749850026232,13.201877199788562],[23.037480300394627,13.20165970011273],[23.037314100389001,13.201138899844974],[23.036255000143729,13.198780499599726],[23.032887299686877,13.191281799702406],[23.029194300401059,13.186018299969993],[23.028752100210887,13.185388099649451],[23.024995699628896,13.180034299935544],[23.016421200291902,13.167813600429843],[23.016022100370733,13.167244700176608],[23.014515700199464,13.165097700071048],[23.010609100403681,13.164212599615887],[23.006703200395471,13.163327699770676],[23.005673500212868,13.161049999687517],[23.004689100273364,13.158872300080679],[23.00231660020065,13.15887209976801],[23.000303100153172,13.158689399671671],[22.997678000110803,13.15887209976801],[22.997059899906478,13.157284500352898],[22.998707800006382,13.155513100015011],[22.999867400172359,13.155085799738657],[23.000307299777134,13.154286400314113],[23.005299599832043,13.1519119997947],[23.006885599720654,13.149106000250434],[23.00487209967314,13.147702700203102],[23.002308700416041,13.147885800382099],[22.989674399899773,13.136289100261825],[22.982106000206301,13.137876000134341],[22.97667390025963,13.137692900359388],[22.975814299669352,13.135973600421693],[22.973683200269683,13.13171150034057],[22.966115099715175,13.119503700190785],[22.967274300130818,13.115903200367255],[22.957956199656138,13.10725320004048],[22.951100499952862,13.100887899642188],[22.963673600045475,13.085871900089261],[22.975269999658874,13.075496200407683],[22.974293500402339,13.059873099981393],[22.951283299926683,13.039121099946946],[22.942494200254814,13.029477600012706],[22.925099199736948,13.032895599964085],[22.910267699985784,13.031674899739881],[22.897511299557799,13.023068900162862],[22.880909700082004,13.01470709990498],[22.878468799588632,13.009091700200853],[22.900318900435025,13.000485900277454],[22.910694900107423,12.989682700100689],[22.912892100240583,12.98150349985298],[22.912258499606075,12.978282400004236],[22.911682499845924,12.978543399606412],[22.911489900150631,12.978631500040816],[22.910799299614766,12.978947600052672],[22.90943410023306,12.979572299631565],[22.908695299692265,12.979903000366901],[22.908464899788211,12.979638599655216],[22.908227699637397,12.979332599600776],[22.907740299815366,12.978703999661343],[22.906248700286742,12.976780000397007],[22.90605560022987,12.976531000324472],[22.905547699954745,12.975875800239599],[22.905393300218694,12.97567679993848],[22.904972099944903,12.975133400176446],[22.904783999910904,12.974890800108941],[22.90464110040709,12.97470650016262],[22.904428600333333,12.974456699665701],[22.904008399884511,12.974165799710743],[22.903746199619341,12.973984299577868],[22.902883700165596,12.97338719998972],[22.902628399860198,12.973210400110945],[22.902260599938465,12.972955800116365],[22.902072199867202,12.972825399837255],[22.901742500191631,12.972597099609104],[22.901522400370592,12.972444699751879],[22.901308700147613,12.972296800176862],[22.901691899888291,12.971751799817785],[22.901821899584615,12.971576100019252],[22.906425799551748,12.965353699750112],[22.906767100070876,12.964892499946632],[22.907922199677262,12.963331199957846],[22.908492600238276,12.962560200022224],[22.909088200339699,12.961755300322528],[22.909065000449093,12.961498099968512],[22.908453500167244,12.958215899849018],[22.907292300101801,12.951984399624498],[22.907038199945525,12.951552600215159],[22.902817000255745,12.945375700087402],[22.902156799607386,12.944409699920051],[22.899415799825366,12.940398899835323],[22.899112700163645,12.939955400271836],[22.898320999632411,12.93879689986559],[22.89812080018984,12.938503899934428],[22.897320700410674,12.93733309972157],[22.896728799571669,12.936467100388924],[22.896583799806709,12.936254899962965],[22.896450600311358,12.936082600144498],[22.891464799567515,12.933654399602949],[22.890188200123969,12.93303269995771],[22.888025000325953,12.931979199599969],[22.887046799660283,12.931512000163909],[22.886819400129234,12.931477099687079],[22.885930700411912,12.931341099673935],[22.883227799977689,12.930927400335538],[22.882062199963993,12.930748999611254],[22.879085800254973,12.930293399609505],[22.87854060013267,12.930210000344976],[22.875603199883443,12.92976040030076],[22.875111400113159,12.929685099592771],[22.874891199680818,12.929593200390876],[22.874568099927583,12.929458399715857],[22.873612400263148,12.929059599841167],[22.868428900088226,12.926896599573285],[22.858876100372552,12.922910200050888],[22.85210119963747,12.922727099702454],[22.84306790014217,12.922299899764573],[22.830067500215002,12.914914599725341],[22.826456800083974,12.910593399949944],[22.824279699755238,12.907987899649498],[22.822281499813656,12.905596499831981],[22.821456999994766,12.904609700212973],[22.816093499894741,12.898190700296443],[22.815085699740443,12.896984600056609],[22.814869699830361,12.896726100024594],[22.814318599573255,12.896479999879137],[22.809703699735493,12.894419000280809],[22.802354199713768,12.891136700074053],[22.799275599573271,12.891110900092762],[22.797293500136501,12.891110900092762],[22.792103600363522,12.891110900092762],[22.791444200114011,12.890531900283229],[22.790213899840236,12.889451699932447],[22.788145400439465,12.887635400365653],[22.787780399668151,12.887314899909834],[22.787265900368983,12.886863199873702],[22.787098399602765,12.886712300251958],[22.787080300346442,12.886498999745504],[22.786231299876452,12.876452000366964],[22.785507500302618,12.867887500410616],[22.784901399793856,12.860715400266793],[22.777272000001048,12.860288099747571],[22.764088500062766,12.854306699781944],[22.758639800147964,12.848437300353778],[22.748280400443761,12.837277899989356],[22.721956199900635,12.814548899973605],[22.682667600313692,12.791074300406878],[22.682641100012781,12.790976299743688],[22.681305800157006,12.786032500174057],[22.674671999600314,12.761472199619666],[22.668532600334867,12.742793000346373],[22.666065999939534,12.735288099768837],[22.663658600318051,12.73297530011437],[22.645863400341103,12.715879000421079],[22.626515200087486,12.704892599992993],[22.616078200315716,12.69311280025032],[22.615854200009718,12.691536100404582],[22.611500700038178,12.660885999668643],[22.626271099976996,12.634275000405278],[22.638858300026286,12.617552800243823],[22.638905399594968,12.61749029979817],[22.647267200330518,12.596311100300024],[22.659474200113902,12.572690499902315],[22.695301699607278,12.47387400004477],[22.692677300250843,12.460874100083439],[22.692643299915634,12.460713800105204],[22.686695999983861,12.43267499993688],[22.688848199911252,12.417565700071069],[22.690864899757756,12.403407900046458],[22.692677300250843,12.390683600319527],[22.725087000243974,12.324277399699328],[22.732106000191177,12.288510499736205],[22.724293500387247,12.256101100056869],[22.708783500407055,12.232331899684491],[22.684864800446881,12.19567629981568],[22.666989000029361,12.167841300304454],[22.657793100077772,12.153522199606233],[22.624501099965379,12.101682200127772],[22.619491500154734,12.09513219997058],[22.610379200118391,12.083217600137511],[22.608858199628763,12.081228899676589],[22.600948600027412,12.070886999617565],[22.600810899972434,12.070707000105667],[22.59850009978673,12.067685600139976],[22.597489000120394,12.066498699951838],[22.596941699736877,12.065856200293357],[22.596710699758191,12.065584999873641],[22.596007699776457,12.064759800242749],[22.595645700276478,12.064334699658954],[22.594809899651338,12.063353599782133],[22.594496899656907,12.062986199873601],[22.592239400110213,12.060412699722297],[22.597950300290119,12.053274299768127],[22.604914800347348,12.050488500014032],[22.612117099731663,12.050956199944377],[22.622517099693482,12.056656200159669],[22.631917099572604,12.06055619974186],[22.635716600423567,12.06081519956154],[22.636442399647272,12.060861699589104],[22.636973400099954,12.060888699856543],[22.635069799944311,12.054702200349874],[22.635069799944311,12.0523226001956],[22.623172499744985,12.003781599641862],[22.585576999889767,11.870531699824303],[22.586053000090828,11.869579900261067],[22.580818100112019,11.85197189977529],[22.563685999646857,11.756793400321733],[22.5532164997264,11.707776600082981],[22.560354800434965,11.631157900409798],[22.585576999889767,11.596893699592183],[22.586053000090828,11.596417799591507],[22.601757399990127,11.573099099643057],[22.608895800411606,11.565008900212211],[22.616509999811527,11.55691879969145],[22.627455499933014,11.545973200120054],[22.638401000054504,11.533600099851002],[22.648394799811129,11.525033900295885],[22.657912600265057,11.515516200006383],[22.668858100386544,11.51075719956183],[22.677900100065333,11.507901799736624],[22.696935799787834,11.50266709989922],[22.707881299909324,11.499335700221442],[22.727868799709597,11.492673300274673],[22.742621400429357,11.487438600002131],[22.746428500129369,11.483631299578205],[22.754042899853545,11.476968799630384],[22.760705300073994,11.471258200151745],[22.76451250038528,11.467451099593506],[22.769036099949137,11.462140700404374],[22.775457999608467,11.454601900161617],[22.784499899574314,11.441276899745684],[22.78497580006233,11.439849400040742],[22.786872900008571,11.406176099712905],[22.807923299927779,11.410881499973158],[22.826717100412218,11.415156199676504],[22.940940699616565,11.426093399563719],[22.941544399826849,11.426048400133114],[22.937261299925812,11.361802899917139],[22.936785400336088,11.359423599685254],[22.93393000010261,11.320876200012055],[22.939640600245184,11.31802089997155],[22.955821100058525,11.311834300360385],[22.96914609992541,11.30755130039967],[22.981519299714456,11.301364700202212],[22.981995099591231,11.296129799890695],[22.983422899870099,11.288515600252005],[22.986278300103578,11.249492399842696],[22.98722999957004,11.23569160001585],[22.986754000267343,11.216655800118204],[22.983898800358148,11.21142110037534],[22.975332599657772,11.193813100229091],[22.967242499769768,11.177156799913286],[22.953917499902882,11.151458599854923],[22.942496100191679,11.127188099923151],[22.928695300448084,11.099586299844617],[22.92821939996,11.095303299628656],[22.929171100324794,11.090544400038169],[22.928695300448084,11.089116699623547],[22.908665700203638,11.025886000200902],[22.909961200200716,11.025880000006635],[22.910259100413604,11.02588650014359],[22.912463399932456,11.025934599565845],[22.929816200293278,11.026313099976349],[22.946289099934912,11.026672400211902],[22.951293900047066,11.026916500232392],[22.977722200060199,11.027893100203263],[23.007873500394812,11.035888699592773],[23.020080599891177,11.040527299786932],[23.040100100376858,11.048095700254276],[23.045105000201922,11.050109900153549],[23.059509299831511,11.055908200094446],[23.083496100175076,11.066284200197087],[23.093078599990655,11.073730499563339],[23.107910200353128,11.084899899795756],[23.117919900290278,11.101074200107085],[23.126525899951027,11.115295400184912],[23.132080099809418,11.124511700159847],[23.13501659994672,11.129381099597508],[23.141723599724429,11.140502900334633],[23.143886300059126,11.143657799999882],[23.146911599560582,11.148071300271523],[23.153756600328826,11.158053600392853],[23.160095200110138,11.16729739993375],[23.18109129956536,11.178893999560747],[23.205505399743476,11.174316400105315],[23.25310769977412,11.159120299628606],[23.270507800027875,11.158691400327621],[23.296081500371944,11.158081099791062],[23.334472700058043,11.162719700355819],[23.353881799799687,11.175476100284559],[23.356079099645925,11.177307099819449],[23.359680200379838,11.181091300026614],[23.365478500348711,11.187683099711753],[23.369323700294817,11.192504899882421],[23.370727500284264,11.195129400143578],[23.376281700142652,11.209106399747714],[23.381530799791218,11.221496600250934],[23.384887699803436,11.229492199979489],[23.386474599803936,11.232482900267534],[23.393493700362448,11.244872999624473],[23.406127900267439,11.252075200286525],[23.438720700271656,11.255676299600974],[23.447558999773353,11.256878799877985],[23.447692899954575,11.256897000264541],[23.448486300098352,11.256897000264541],[23.466674799574715,11.259521500174971],[23.473877000144345,11.262085000061473],[23.497924799688917,11.27087399956511],[23.521728500021297,11.27947999999083],[23.534484899550986,11.283874499954646],[23.543090800397053,11.286926300255473],[23.569702099809994,11.295288100356503],[23.576477100258057,11.297302200232968],[23.579284700236951,11.297912600221428],[23.596313499834284,11.300720200038613],[23.604309099649395,11.302123999768186],[23.617675800210041,11.308105499808454],[23.630676299850183,11.314086899645993],[23.651489300192651,11.326110799602395],[23.660705599986024,11.333129899775306],[23.662902800119216,11.335693399766818],[23.664489700119784,11.33947749991788],[23.665527300086993,11.347290000137098],[23.66607669983329,11.365905799719199],[23.669677699956001,11.37231449977288],[23.675903299759394,11.382873500001176],[23.677917499594475,11.385498000287015],[23.683105500329024,11.390685999799249],[23.688293500165173,11.394897500097025],[23.692688000144603,11.397888200406875],[23.703918499773128,11.404480000142879],[23.718078599579254,11.413085900028008],[23.723510700424217,11.415893600166491],[23.741060399817208,11.42172519969548],[23.741017499872488,11.422050999992107],[23.740925400098003,11.422751300258104],[23.740924700310398,11.422756900377992],[23.740756900405177,11.42403250002433],[23.740685199574184,11.424577600033125],[23.740638199718514,11.424934500373915],[23.740581300428392,11.425366899938174],[23.740194899990392,11.428304600410737],[23.739959899813801,11.430090499687177],[23.7399122998835,11.430452199725648],[23.739874300248648,11.430741400054194],[23.739752399762889,11.431668400062069],[23.739596799877614,11.432851199931692],[23.739388300001863,11.434435500151084],[23.739352300016815,11.434709000010606],[23.739314100057712,11.434999699860573],[23.738974299725072,11.437582699574447],[23.738686800206615,11.439768499907663],[23.738627099969445,11.440222399867567],[23.738456400302493,11.441519399797595],[23.738220700338296,11.443311099855615],[23.738084799608806,11.44434440008186],[23.737500200276436,11.448788499995986],[23.737234299850687,11.450809200110431],[23.736865400391039,11.453614099962941],[23.736108799732893,11.459365299582814],[23.735811000131346,11.461628899947806],[23.733504100430608,11.479164599878986],[23.733276399963959,11.480896000019138],[23.732548099830503,11.486783699709459],[23.732262899999146,11.489089699803232],[23.73186940017542,11.492271300256506],[23.729964899907884,11.507668399593859],[23.727225599738407,11.529815199788439],[23.726749799861629,11.533661800193174],[23.726074200292661,11.539123500352789],[23.723684200139893,11.558656700228473],[23.723472600178059,11.560386000285709],[23.721130400279943,11.579528800136629],[23.720204399817078,11.587950899769494],[23.719323200134021,11.59596560016557],[23.714666899639763,11.635800299853633],[23.714111500045714,11.640318699911145],[23.714046000285087,11.643809999618272],[23.713950200349927,11.649946200152169],[23.713847000093441,11.656554200088758],[23.71368420021113,11.669492499628387],[23.715088099913558,11.710324999686216],[23.716308799891916,11.71709989966096],[23.725891299707495,11.765928000048458],[23.728193399709713,11.780498100059514],[23.730529800084433,11.795286300372451],[23.722290199871914,11.811704399676374],[23.72128139989265,11.817726500203042],[23.720276099749807,11.823728400172618],[23.728837400140318,11.832079799967239],[23.732727199643616,11.83587429983511],[23.741886000072341,11.841404599979969],[23.753573600246632,11.84846179959157],[23.758300899987649,11.851316199609844],[23.758452300249058,11.861408700266345],[23.758483799674483,11.863512800379556],[23.753740299715574,11.872694499867313],[23.752078199945984,11.875908900093656],[23.761474499664462,11.897093299587722],[23.745309599994346,11.951871200230459],[23.745300500060516,11.951902199605513],[23.731689800000726,11.997495800354129],[23.737756500406771,12.011964899576785],[23.744690100214846,12.028501300293142],[23.747924499666709,12.030882999575454],[23.743114999585554,12.034092399962562],[23.741833899582453,12.034947099651722],[23.740675200426725,12.035720000166432],[23.740100399917498,12.036103500240465],[23.738272299568205,12.037323099688967],[23.73576310016378,12.038996999643146],[23.734145999701695,12.040075700182173],[23.733508800416121,12.040500799662443],[23.730594099695843,12.042445200183959],[23.723499399617967,12.047178100205933],[23.707982199640739,12.057529800047082],[23.705902400332043,12.058917299834013],[23.701721199926922,12.061706499639177],[23.701647900094699,12.061958799919102],[23.701272300101362,12.063251199987851],[23.700833500034506,12.064761199650755],[23.70075710011626,12.065024100218215],[23.700194799664107,12.066959100021929],[23.697655500409507,12.0756972000893],[23.695495600123461,12.083129900273221],[23.693465500107855,12.091588600344853],[23.693298300277259,12.092285200233665],[23.693048999819645,12.094203799603166],[23.69189450028788,12.103088400366207],[23.689880499878718,12.127684499594098],[23.691646499692393,12.134851700207973],[23.695485500364761,12.150332799738983],[23.706715900280276,12.195498800061852],[23.718495699942057,12.243289399591701],[23.721413400137141,12.255633499896975],[23.72166959965617,12.256717099916854],[23.732007499980771,12.281017200262863],[23.732289700337354,12.281680500328962],[23.735417200270319,12.292325999911807],[23.735463500338387,12.292483699924105],[23.767079699576495,12.402896300285015],[23.789113399897261,12.448733700188953],[23.783498199939469,12.476504699772466],[23.776288200196571,12.511040000286798],[23.776296000268168,12.517093100154321],[23.776296000268168,12.521550899928462],[23.776295700230872,12.522115499757136],[23.776295700230872,12.522155599887199],[23.776296000268168,12.526999600097058],[23.776296000268168,12.560733199782527],[23.776288899984245,12.599263099881355],[23.776290799921004,12.60314990002437],[23.776637999676634,12.606263699577198],[23.776824600422373,12.607994899898328],[23.778066000279853,12.619510099562341],[23.779897100103817,12.633914400310168],[23.782546699898994,12.65702609992664],[23.784949800183501,12.677987900253004],[23.785781899749704,12.685246499721595],[23.786061600094865,12.687686299916837],[23.786326900446049,12.689702399772255],[23.786448199958887,12.690624099818628],[23.786525700313376,12.691213000427581],[23.786696900341944,12.692279400298737],[23.786972799915151,12.69238690036631],[23.787598899617027,12.692610500116171],[23.790741599942947,12.693732799716949],[23.798095700237241,12.696289100331965],[23.838196199872922,12.71186680003073],[23.838256999647971,12.711890399575136],[23.839568799575879,12.712399099750394],[23.846109199597624,12.714935200003426],[23.849348099609077,12.716191099748899],[23.85114420017123,12.716887500052943],[23.851839700118735,12.717157200289874],[23.85324280032054,12.717741799997283],[23.853295599699674,12.718149299740046],[23.853309800267727,12.718407199606023],[23.853357899661276,12.719280399985793],[23.853829499914088,12.72784150031462],[23.85498160004574,12.748755500200284],[23.856115600022736,12.768599000102721],[23.878159799852575,12.786046899644072],[23.892542999852772,12.79743140042803],[23.891724499881629,12.798101999812138],[23.891219599979543,12.798449199692543],[23.889379299610408,12.79971489999005],[23.888315800315244,12.800446300157112],[23.88629260025931,12.801837699592763],[23.885795900179097,12.802179300296327],[23.884660700052876,12.802959999678935],[23.883326799772377,12.803999200416664],[23.885074700329668,12.804221499801361],[23.886592299797648,12.804414500214603],[23.888101400304695,12.80460640025483],[23.889724000252944,12.804812800161161],[23.8907805995884,12.804947200070348],[23.891819500316171,12.805079400337435],[23.893161600418644,12.805237199982299],[23.893676800403746,12.80529789967397],[23.894016699551134,12.805341000177849],[23.895234199730368,12.805495599731614],[23.896610600205378,12.805670399978499],[23.89817319987916,12.805868799644907],[23.909140600028888,12.807261499746984],[23.91178769981261,12.807597699783548],[23.912905000108498,12.807739500109422],[23.920790199670058,12.80874080020393],[23.930325200166745,12.809951599915919],[23.933393299899905,12.810341199880526],[23.936087899900848,12.810683399600254],[23.93922169971896,12.811081299840639],[23.939707099891184,12.811143000214745],[23.942615600439389,12.811512299912481],[23.944464200343447,12.811747100371415],[23.948515899617195,12.812261500170367],[23.952678000042699,12.812790099774045],[23.989961300302397,12.817524500413942],[24.007086299585204,12.819699100120818],[24.009133799967888,12.819959100237835],[24.010686800244589,12.820156300026275],[24.013850900237198,12.820558099788844],[24.016723600226413,12.820922900101325],[24.017522100106046,12.821117899704323],[24.020183200133463,12.821767900209979],[24.020833399837805,12.821926800062167],[24.024719200041492,12.822875999698384],[24.029422900141697,12.823876000208708],[24.030173400340757,12.824035499603074],[24.0318931000864,12.82440109983461],[24.032470699746082,12.824523900176477],[24.033160700207386,12.824687500150899],[24.035861099731857,12.825327599860984],[24.040724799665622,12.826456199874565],[24.047372700179086,12.827652200243429],[24.048751899804419,12.82790030012529],[24.050634400330704,12.828233499827057],[24.054504400066879,12.82891850008089],[24.055597900397636,12.828946299984024],[24.055838000310114,12.828952399688253],[24.05644379988318,12.828962499585826],[24.05903940014997,12.829005100285764],[24.061408599812314,12.829043899613389],[24.061659299845211,12.829047999657064],[24.063236600448626,12.82906580038027],[24.080083999647382,12.829255800226473],[24.082690500071816,12.82931290035407],[24.097466899858379,12.829636500199106],[24.098009500256317,12.829648400020066],[24.098535600399103,12.829659900435415],[24.098765799978871,12.82966490000639],[24.09923520025756,12.829674499743216],[24.099683599721466,12.829683600223246],[24.100247200035785,12.829695099761105],[24.101078299777118,12.829714900091266],[24.101761899742037,12.830215600226648],[24.119330700012842,12.843004400275362],[24.132905600412005,12.843004400275362],[24.144674700240458,12.848471000269202],[24.145045999998516,12.849027400300143],[24.145504500119525,12.849714500162927],[24.147627999771917,12.852896899838283],[24.149805700175246,12.856160399950879],[24.154544899898848,12.863262699957327],[24.155061300033175,12.864036499622628],[24.155229000225351,12.864287800417202],[24.155485799819008,12.864672700030647],[24.155917600213115,12.865910300231256],[24.156307900237781,12.867040500133319],[24.157036999871824,12.869152299580676],[24.157551100319044,12.870641299966257],[24.161530600196748,12.882166699995254],[24.161775700132136,12.882876400304649],[24.162456899798613,12.884849399929905],[24.209099499966808,12.932681700016346],[24.223536599782417,12.9385588004028],[24.267446300277488,12.956434000242439],[24.272091500289779,12.95793500031486],[24.272705099934509,12.958129900242264],[24.273315400067169,12.958312999984253],[24.279278900216767,12.960306599666318],[24.294142900116618,12.965232100400478],[24.315223300172988,12.972143799618401],[24.324696100421086,12.97524970039581],[24.326029399728693,12.975510699680022],[24.326055999742614,12.975516099885661],[24.326346600245387,12.975575200135006],[24.330688500271705,12.976501500211496],[24.336685099746255,12.977584200211179],[24.339476999868911,12.978120899797828],[24.369514499826689,12.984935299890129],[24.386714699776878,12.988901399574191],[24.386587699555296,12.989406099832966],[24.38431869977633,12.998423899737322],[24.383795500293605,12.999952899854165],[24.382507300006576,13.003906300078699],[24.379144899609866,13.013720899818059],[24.377401600223372,13.018809499614356],[24.374950800295622,13.025963099743182],[24.374500599709464,13.027277200097956],[24.374292499584094,13.027884599712703],[24.373951899750772,13.028878699770649],[24.373608599581843,13.029888100215276],[24.373487600106305,13.030243700280177],[24.373673500166138,13.03133959980117],[24.373930700408433,13.032714899816549],[24.374106700135496,13.033656300340779],[24.374192299700614,13.034114000344974],[24.374338199577497,13.034894500285874],[24.374625699994255,13.036431699731711],[24.375440199767425,13.040729600304134],[24.375625900401271,13.041709299904824],[24.375688699826163,13.042040700157782],[24.375827900067627,13.042775300237462],[24.376094900031323,13.044183900356689],[24.376306299668833,13.04529990029183],[24.378558700377933,13.048795999581845],[24.379005799979709,13.049490100200789],[24.379284000138316,13.049921800116921],[24.380194500170965,13.051193800298751],[24.380896200290536,13.052174000130286],[24.382147900231036,13.053906399919487],[24.383765100406066,13.05614449999954],[24.386136599755577,13.059426700331027],[24.386901899698952,13.060485800398492],[24.387617500349236,13.064188500314415],[24.388076799970861,13.066565100410118],[24.388326999642107,13.067859500217573],[24.38862850030263,13.069419099709849],[24.389787699819941,13.075416700044517],[24.390227300285748,13.077691200084324],[24.390358200093932,13.07835950018927],[24.391123100287025,13.082264899752465],[24.392166900426336,13.085810200325502],[24.392279799792949,13.086193799970248],[24.39349370042288,13.090270999619735],[24.393631299866513,13.091074500024781],[24.394681600215289,13.097204700364502],[24.395165599913938,13.10002980016583],[24.395773199710852,13.103576200350091],[24.395816900054452,13.103831300288414],[24.39591959994932,13.104430700285278],[24.396193499872723,13.106029100139672],[24.396343099910247,13.106902699658445],[24.396484400412923,13.107727099889663],[24.39782329981794,13.108799200057254],[24.398843500316435,13.109616100387498],[24.400417799648515,13.110876799586475],[24.404053299569718,13.113787899731985],[24.404533399681696,13.114172300056309],[24.404987100104147,13.114535600159465],[24.407119399653041,13.116243100130543],[24.409325900044347,13.118009900298087],[24.410031400037603,13.118574299763381],[24.411359799933646,13.119637000313539],[24.412741799607762,13.120742599590782],[24.413665600096472,13.121374700071316],[24.41385030000712,13.12150110002551],[24.413877999558924,13.121519999647635],[24.413878700244826,13.121520500068145],[24.41432109986102,13.121866699804009],[24.416702099792904,13.12357209995089],[24.417945500198481,13.125403399795241],[24.418617800255415,13.126425299614647],[24.419470599700769,13.127721500194722],[24.419639700366453,13.127964900373314],[24.420041400012089,13.128542999654323],[24.420303099915543,13.128919499893298],[24.420698799713364,13.12948890021736],[24.421114600214004,13.130087299852883],[24.421443800426257,13.130561099699552],[24.421900699749436,13.130736699642231],[24.422291400422711,13.130397199599541],[24.42248150010651,13.130231300403727],[24.42287740022865,13.129885800070401],[24.423491500235002,13.129349800046272],[24.424253000304684,13.128685300430311],[24.424479700048092,13.128487400323486],[24.425780200068047,13.127352400142719],[24.426433899608778,13.126782000171097],[24.427552900415439,13.125805399600411],[24.42796770019288,13.125443299820336],[24.428288599971921,13.125163299630266],[24.428775900080939,13.124737999783612],[24.42929600037591,13.124284100319304],[24.42965320017726,13.123972400289476],[24.430939499629261,13.122849799587126],[24.431560799632546,13.122307599841696],[24.43264219965647,13.121363800171954],[24.433587500423172,13.120538800000428],[24.434573099613569,13.11967860026752],[24.43503349967137,13.119276900144541],[24.435926699948283,13.118497299690725],[24.436877399589875,13.117667599696356],[24.437301699949753,13.117297299963299],[24.437645900230606,13.116996899735081],[24.437886699930761,13.116786799669116],[24.438453800081369,13.116291800306589],[24.438676600238178,13.116132799642395],[24.439354800429879,13.115660999955297],[24.439586500196167,13.115499800303777],[24.439876600337392,13.115297999849744],[24.440372299694339,13.11565739981655],[24.440563199777021,13.11579779993699],[24.440758600419361,13.115941599764083],[24.441261499773244,13.11631170031653],[24.441734600212573,13.116659799749284],[24.44208559984186,13.116918100420518],[24.442552100358782,13.117261400299302],[24.443152100408419,13.117713400256077],[24.444019500172065,13.11859849958134],[24.4442421997175,13.118825799804451],[24.444586099961121,13.119176599898868],[24.444856500048132,13.119452500277301],[24.445222700070303,13.119826299731729],[24.445640099572145,13.120252200361715],[24.446104400114944,13.12091379986483],[24.446106000014506,13.121393100157279],[24.446106000014506,13.121675500010669],[24.446106000014506,13.122109699847424],[24.446106000014506,13.122655199989715],[24.446106000014506,13.122878999661724],[24.446106000014506,13.124032700347136],[24.446106000014506,13.124511699732524],[24.446106000014506,13.125614099639535],[24.446106000014506,13.126031400137878],[24.446106000014506,13.12630629987348],[24.44621649998097,13.126627999895293],[24.446217600417182,13.126631699605339],[24.446212499782995,13.126635199851286],[24.446106000014506,13.127857599717144],[24.446106000014506,13.128218500036832],[24.446106000014506,13.130676299749886],[24.448269199812522,13.135445299777381],[24.448791500081651,13.13659670018696],[24.451155399683788,13.141807899775374],[24.451477099861776,13.142517099570407],[24.468475300145645,13.152496299764014],[24.475549900419033,13.156649599589596],[24.485473600142491,13.162475600291986],[24.489511399783822,13.164457900194947],[24.505676300352235,13.17239380036089],[24.508176600147113,13.173621299812913],[24.520638999948943,13.179739599681238],[24.525878899950669,13.182312000086945],[24.535675000276214,13.184020999696298],[24.542009100396264,13.185125999958979],[24.545471200314804,13.185729999609343],[24.550170900217001,13.192230200014965],[24.55126700027219,13.193746299615995],[24.554870600119266,13.198730500434781],[24.558990500387718,13.201019299698594],[24.563110399757807,13.203308100254729],[24.563992300126767,13.203585599954691],[24.579854000422149,13.208575999962989],[24.582885999559021,13.209529899622563],[24.58341429967593,13.20969610016569],[24.590366400287294,13.211721299989946],[24.592058100443772,13.212214100371671],[24.592287399911616,13.21228219968836],[24.592714699746203,13.212686699741077],[24.593244500049664,13.213190900342143],[24.594263300074619,13.21416059959129],[24.595089099755743,13.214946500032948],[24.595564700206495,13.215399099831471],[24.595875800264132,13.215695100346975],[24.600472599947175,13.220069699823664],[24.604957500088581,13.224337899929923],[24.607071500056868,13.226349799690357],[24.607989100373509,13.227223099575486],[24.608390100231503,13.227604599588737],[24.608705799663344,13.227884899726932],[24.609024699792545,13.227885000292241],[24.609325000303848,13.227868100074355],[24.609700000222553,13.227846900032242],[24.61145069993033,13.227748100273505],[24.612762799895606,13.227674000209515],[24.613845799818989,13.227612900170536],[24.614119099667729,13.227597399979235],[24.614665799976617,13.227566599850219],[24.615310800232091,13.22753020040817],[24.61623249956132,13.227478099631046],[24.616914699951028,13.227814099996346],[24.617180199728207,13.227953800065071],[24.617376600195382,13.228057200381082],[24.617879200410364,13.22832169990731],[24.618886399591769,13.228851799940356],[24.619740100047277,13.229301099894149],[24.620071299909373,13.229475500036466],[24.620848300409335,13.22989310004669],[24.621422499945677,13.230836900157446],[24.622021100420071,13.231912499725222],[24.622735400309825,13.233196299619264],[24.623465300342779,13.234508000174554],[24.624025399922477,13.235514499971123],[24.624253999602683,13.235925400073446],[24.624493800376193,13.236356299914496],[24.624836600183574,13.236972400209197],[24.62512219976524,13.23748569992105],[24.626159399982175,13.238911799798167],[24.627491100288616,13.240742900092521],[24.628013299946399,13.241460800320024],[24.629219899968088,13.243119999924176],[24.629463300290904,13.24345459974732],[24.629734700202818,13.243827799670816],[24.630125099940464,13.244364699565898],[24.630424699765825,13.244776500252787],[24.630714899620063,13.24494479985669],[24.631559800179105,13.245226400413991],[24.632466399726756,13.245528600174604],[24.634040799670075,13.246053399652656],[24.634607800107741,13.246242400148844],[24.636931800138299,13.247017099971565],[24.637192699642871,13.247103999913172],[24.637698000193559,13.247272499896829],[24.638040299639322,13.247386600047248],[24.638800199809509,13.247639900126508],[24.639044699670272,13.247881200426592],[24.639163899820257,13.248069200054664],[24.639488300334019,13.248580699577388],[24.639736099706823,13.248971600095231],[24.640062799907621,13.249486700262819],[24.641215999577216,13.251305199648975],[24.641517800275,13.251781100120931],[24.641664199615203,13.252011999767177],[24.641837700229171,13.252285499637232],[24.642076999742773,13.252664799766849],[24.641982399956834,13.253212299631526],[24.641832000418656,13.253952000027015],[24.641689199729559,13.254653900272634],[24.641614900072362,13.255019600047454],[24.640162200290483,13.262162000207667],[24.639902199999437,13.263455199846069],[24.640436400251147,13.264372300076479],[24.64089870024581,13.265125300316001],[24.641849999962098,13.266674800158711],[24.642592499765172,13.267884299985178],[24.644922699967793,13.271680100170885],[24.647272699937574,13.275508099577378],[24.649339700050088,13.278875099773433],[24.65883779955151,13.294346899775023],[24.660486100300012,13.297007199606787],[24.662911000001586,13.300920799812443],[24.674973500381597,13.320389100105309],[24.676653499981551,13.323100500137164],[24.694927699634405,13.352510600369133],[24.708193600236978,13.37381559977641],[24.714361800388669,13.383721600337546],[24.715087899649667,13.384886500361544],[24.713817200340991,13.392051700290891],[24.713197599950153,13.395545699736976],[24.713109399762267,13.396042900370634],[24.713062699943961,13.396306099659428],[24.712902799823347,13.397207699688982],[24.712654299764608,13.397542900098204],[24.712308200445257,13.397933999567742],[24.711807999630388,13.398499099820041],[24.71143600008476,13.398919500122867],[24.711044599623843,13.399361699921169],[24.710672999828521,13.399781599742189],[24.706340499773333,13.404676799593263],[24.705420599769589,13.405716300218408],[24.704361000061063,13.406913499900158],[24.698759299985351,13.413242899956828],[24.696496900128828,13.415799099851156],[24.696295300212782,13.416026800311338],[24.696105799705311,13.416241000339991],[24.689760299964295,13.423410699914061],[24.689101600400718,13.424154999809545],[24.686404000026702,13.42720310033654],[24.684704900447134,13.429122800395866],[24.683917200113871,13.43001290018266],[24.683559700275158,13.430416900122999],[24.683345700014915,13.430657800409225],[24.68262299997896,13.430633899907479],[24.681781999904921,13.430521299975265],[24.681467600335242,13.430479200151609],[24.681259399598492,13.430451299610572],[24.680570000110144,13.430359000278106],[24.679914900095905,13.43027130032667],[24.678737100062264,13.430112900006357],[24.678021299985986,13.430016700122517],[24.675899599659147,13.429731299917206],[24.675210999671382,13.429638699737243],[24.674364200073875,13.429524800068751],[24.673660299980149,13.429430100182042],[24.673162999825408,13.429363199573487],[24.672708899652619,13.429302099791562],[24.672330000147248,13.429251200187158],[24.672058499623994,13.429214700024858],[24.671833800428754,13.429184400010332],[24.671379400218697,13.42912330018277],[24.670595000295741,13.42901779966606],[24.669664399560304,13.428892699920013],[24.668649800057612,13.428756200229513],[24.668317700083559,13.428711499801238],[24.667510899770743,13.428603000374887],[24.666628700262788,13.428484400282375],[24.665812700303132,13.428374599730313],[24.665113299870665,13.428280499660444],[24.664283400278588,13.428168899949512],[24.663893800041524,13.428116499863808],[24.663594900003769,13.428076300040455],[24.662059300094214,13.427869799641599],[24.661328700273586,13.427771500090795],[24.661091999586159,13.427739699650717],[24.659823699677496,13.427569099981548],[24.658730399671128,13.42742199995943],[24.658159300220806,13.427345199964389],[24.65753460009411,13.427261200160132],[24.657095700314272,13.427202200363187],[24.653718999636631,13.426748000001522],[24.653333800246148,13.426696199880183],[24.652791499885577,13.42662330012916],[24.650160900357008,13.426269399798404],[24.647794400132042,13.425951099631828],[24.645425600220005,13.425632599824455],[24.641597399992339,13.425117700199708],[24.641117599917621,13.425053099894669],[24.638932999554587,13.424759300357913],[24.638605000389816,13.424715599651408],[24.636929900201434,13.424492599577095],[24.636146899853753,13.424388300207138],[24.622274400177396,13.422541200286666],[24.620388999889382,13.422290199713428],[24.617658499616404,13.421926600156317],[24.611959900067653,13.421167799923053],[24.603058500205574,13.419982600207179],[24.602648800163987,13.41992810037188],[24.601113699717686,13.419722599567317],[24.597492800114878,13.419237799802804],[24.596409899904469,13.419092900121633],[24.595912599749767,13.419026299837361],[24.595243999853412,13.418933699896677],[24.593248699673627,13.41865729967475],[24.582092399989222,13.417112099984042],[24.581268699670915,13.416996000266451],[24.576798300134858,13.416366000075072],[24.576541399929894,13.41632980028854],[24.576473100120545,13.416326999759255],[24.576449900229971,13.416326000131898],[24.575905099857941,13.41630389997921],[24.57539589972059,13.41628870022482],[24.574967500348123,13.416276000412124],[24.574124499725944,13.416250800011241],[24.570581099579325,13.416145099853848],[24.568950800170821,13.416096499925526],[24.568690100092169,13.416087999590085],[24.567318200176818,13.416042900097347],[24.567001299697385,13.416032500116222],[24.566745499928633,13.41602410026576],[24.566023099929982,13.416000400154976],[24.565743299871844,13.415991199901404],[24.565052499909921,13.415968500289996],[24.562865800184067,13.415896600406167],[24.561843699748742,13.415863099722509],[24.557247599853206,13.4157120997391],[24.556794099755077,13.415697199661649],[24.554867899783556,13.415641599610314],[24.553328899750554,13.415597199949781],[24.550673900182293,13.415520599768469],[24.549366099553993,13.415482799920904],[24.548644599667266,13.415459599572356],[24.543090999883439,13.415281099854795],[24.54162230020799,13.415308400108017],[24.540110299939215,13.415336400274878],[24.539338000323124,13.415350799685378],[24.537316000416443,13.415388400326481],[24.534946300392448,13.41543239982367],[24.523694299587632,13.415641400383308],[24.522889300396898,13.415656400077765],[24.518453399761004,13.415738799641341],[24.51113139986516,13.415874799927975],[24.498458000176122,13.416110299863044],[24.478674199654741,13.416477800129767],[24.472856399955973,13.416585899593162],[24.469365700373771,13.416650800141571],[24.467529499915553,13.416684900141346],[24.420715500292868,13.39990020002374],[24.389266199949756,13.389845299591093],[24.382936799815223,13.38782159975711],[24.379486599879296,13.386718500088287],[24.377416399967689,13.386056700258026],[24.376036300230428,13.385615399734679],[24.372936000385909,13.384624200077916],[24.372210600014153,13.384392300430571],[24.368191300277815,13.383107199855461],[24.367076499993381,13.382750799840563],[24.365052799575793,13.382103800376944],[24.362861300151383,13.381403099864794],[24.361778600265293,13.381057000068065],[24.359927500349784,13.380465099992048],[24.349250800415877,13.377051599920994],[24.34488439973849,13.375655599926544],[24.34236180016503,13.37484899980177],[24.332522400144455,13.371703199696391],[24.325073400026959,13.369321600000083],[24.317291099786154,13.366826200360265],[24.304136200409925,13.362608000330475],[24.301849500226684,13.361874800343216],[24.301441700121995,13.361744000422984],[24.300078399778819,13.361306900393805],[24.27782880015932,13.354172500355618],[24.275936499911634,13.353565799916355],[24.2719367996181,13.352283199940981],[24.271249600103811,13.352062899945308],[24.269892599645715,13.351627700012369],[24.269338400200887,13.35144999991404],[24.269063999915868,13.351361599944235],[24.268704500427351,13.350427500290735],[24.268414599712113,13.349237299779066],[24.26762459969175,13.345994899868034],[24.267486499886466,13.345428000060618],[24.26610070033869,13.339739600327224],[24.265699599869386,13.338093299567261],[24.258963500066404,13.310444300421912],[24.258357599882025,13.307957400048908],[24.252873599769782,13.285447700299148],[24.250131600162828,13.274192899890721],[24.249084600224489,13.269895300343601],[24.248884000133316,13.269029400046],[24.248511299901711,13.267420899976893],[24.248232600279788,13.266218099684355],[24.247958599745079,13.265042399957705],[24.247197099675393,13.264925300333568],[24.246868099787424,13.264940200093967],[24.246460599719999,13.26495850019165],[24.246237699850248,13.264968500105917],[24.245426499589147,13.26500510029557],[24.242029399967951,13.26515800002027],[24.238990599686122,13.265294899983195],[24.206796799890032,13.266744500030715],[24.204807099807688,13.266834099882955],[24.204001300218074,13.2668703998929],[24.197022599592756,13.2671846001776],[24.180009599564638,13.267950699762601],[24.157501300414623,13.268964200148554],[24.150329600343838,13.269287099953429],[24.143468400256101,13.269553400383275],[24.138412000015773,13.26974960021381],[24.129882800023609,13.270080599635456],[24.127253900107586,13.265254400251244],[24.127251199771877,13.265249399862929],[24.126760799576775,13.264742500370115],[24.126451700067307,13.264423000118047],[24.123077200262056,13.260934899849495],[24.12223930027406,13.260089999608603],[24.121258799921222,13.259101199860595],[24.120969800216209,13.258809799687448],[24.120639399854767,13.25847659986337],[24.119311999783598,13.257138199996188],[24.119008900121877,13.256832499660046],[24.118599299793335,13.256419499618975],[24.117865100423476,13.255679199907025],[24.116840299652409,13.25464570029248],[24.116634800149665,13.254438499868906],[24.115649299773985,13.253444799800214],[24.114895700387137,13.252684799731766],[24.11065520039352,13.248372999948597],[24.109991400195824,13.247698000288345],[24.109192199630225,13.246885400344993],[24.108905099862039,13.246593500239349],[24.10770590016174,13.245374100166526],[24.107347899961475,13.245010000073107],[24.107122100329921,13.244780499850972],[24.106687000423776,13.244337999971838],[24.106479999836214,13.244127600003294],[24.105806199592799,13.243444700381838],[24.105141399570101,13.242768699826309],[24.104756399605641,13.242377299666787],[24.104321199986479,13.241934700106704],[24.104091899620308,13.241701599575281],[24.103660899625044,13.241263300122174],[24.103469800116372,13.241069000190814],[24.102694899877587,13.240281100186158],[24.102434700160586,13.240016499966647],[24.102247200201216,13.239825799976202],[24.10208809958122,13.239664000033661],[24.101793900427374,13.239652000112516],[24.101478299810179,13.240003199774446],[24.101069700204871,13.240457899789774],[24.100811800175041,13.240744899924811],[24.10053299994177,13.241055100194636],[24.100387600426469,13.241216900087283],[24.09993859998967,13.241716599568864],[24.098822599555948,13.242958600034726],[24.096780000381454,13.245231700265142],[24.09228499958299,13.250233900352585],[24.09019529994152,13.252559299990789],[24.078399699812159,13.265686000091172],[24.076262100203124,13.268064799829014],[24.05487060008905,13.291870099667696],[24.032470699746082,13.316711400119411],[24.028282199630983,13.330702699981957],[24.027823100333709,13.330873700428077],[24.022441599792014,13.332878000062877],[24.019718199803062,13.333910399713755],[24.015721899632876,13.335425300301738],[24.015014600314164,13.335693400367692],[24.011741099892941,13.336928999571825],[24.010392399868092,13.337438100272793],[24.009977399766367,13.337594800283675],[24.009535799650823,13.337761499726231],[24.009124700034089,13.337916699598486],[24.008754400100901,13.338056400114027],[24.0085356001421,13.338139099809233],[24.007032699807155,13.33870629992335],[24.005795499573708,13.339173399963856],[24.003748200413636,13.339946100271312],[24.002953999870947,13.340245899811716],[24.002382900420624,13.340492399629198],[24.001709400214438,13.340782900091183],[24.001360700272325,13.340933399877244],[24.000930100027404,13.341118800429781],[24.000612300334378,13.341148600196082],[24.000116900116431,13.341186400346002],[23.99761059957541,13.34137760017204],[23.99626719961077,13.341480000305673],[23.995141299742631,13.341565899678251],[23.994522100000495,13.341613100398076],[23.994089999569024,13.341646100077353],[23.993840300259361,13.341665099758266],[23.993369800442828,13.341794699970626],[23.993124599896127,13.341880199781315],[23.991631599893893,13.3424009999435],[23.989525700034633,13.343135599899789],[23.988107599764124,13.343630300432944],[23.987151900099686,13.343963699615665],[23.971997400308371,13.349250100146451],[23.971591699566432,13.349391700395294],[23.970185200139571,13.349882300222989],[23.969862699562736,13.350041100347333],[23.969285499653292,13.350358500127681],[23.968344199982827,13.350876099636027],[23.966335300207884,13.351980899874185],[23.960018199806274,13.355454800116362],[23.959788000226503,13.355581400281142],[23.956591300372196,13.357339399727438],[23.949005099663072,13.361511200389579],[23.946028199592437,13.363148300010121],[23.934752500332127,13.369349199995801],[23.927917499609634,13.373107900106902],[23.926566100147344,13.374238999765632],[23.917999300270633,13.381408699988741],[23.914003499563805,13.384752800172119],[23.911002900139344,13.387264100130759],[23.910806699996485,13.387428299963267],[23.910167999626086,13.387962900326116],[23.909630799899706,13.388412399860174],[23.909318000229522,13.38867430013951],[23.909306499997282,13.388683899937186],[23.909050499904243,13.388898099855156],[23.908479899917207,13.389375699583413],[23.908458299926203,13.389393700134304],[23.908107799760234,13.389687099835591],[23.908102499700092,13.389683899625171],[23.907725899881825,13.389455300319819],[23.904217700219572,13.386944699622576],[23.902953200184601,13.386039799710481],[23.89520259969364,13.380493200347551],[23.889039699602087,13.376082699593304],[23.887044700357897,13.37465500013827],[23.885737300378207,13.373719400090758],[23.884021299894911,13.372491299893099],[23.882813900372671,13.371627299567695],[23.882464799781886,13.371377500002453],[23.882105000256132,13.371290399927265],[23.87865129958552,13.371503399630891],[23.876841700039552,13.37161500029417],[23.865997299913435,13.372283899650554],[23.858058799712762,13.372773599940148],[23.849670399861594,13.37329100015808],[23.846891100407422,13.373324499778187],[23.842071499669274,13.37338260038403],[23.837500199563802,13.373437600180374],[23.834538000422864,13.37347330040059],[23.834472700088259,13.373474100070114],[23.834102300442058,13.373591599893128],[23.833901500026631,13.373655400369529],[23.832403400288541,13.374130700365344],[23.831298800374149,13.37448119997374],[23.830711499807677,13.374667599895933],[23.829291099850096,13.375118299706482],[23.828594800402044,13.375339200021559],[23.828401100270607,13.375400699802229],[23.828188900234149,13.375467999963373],[23.827861699671701,13.375541200130332],[23.826789200155687,13.375756900070533],[23.820738900291747,13.376973799776806],[23.806274400063369,13.379882800357844],[23.801262499667327,13.382512199769753],[23.793884300268932,13.386383100206713],[23.788581800268275,13.389164900430636],[23.781494099863085,13.392883299709641],[23.779132499948052,13.40318100038065],[23.777861300277724,13.408724099623214],[23.772114600437124,13.433782099918343],[23.769470200090847,13.4453125002509],[23.760070800286321,13.449279799791926],[23.752523899972516,13.452722999709037],[23.738799999610489,13.458984400232737],[23.717529300444291,13.468689000431343],[23.702728300293614,13.471984900058958],[23.687927200429993,13.475280799694092],[23.680023200027847,13.475402800197775],[23.672119099912621,13.47552490022772],[23.660400400063189,13.47921750015937],[23.648681599602412,13.482910200289496],[23.638000499720288,13.486419699594897],[23.62731930012502,13.489929199758413],[23.619720499645677,13.493926999879196],[23.612121600351653,13.497924800323149],[23.607513400149312,13.500915499916612]]]},"properties":{"adm0_ar":"السودان\u200E","adm0_en":"Sudan (the)","adm0_pcode":"SD","adm1_ar":"وسط دارفور","adm1_en":"Central Darfur","adm1_pcode":"SD06","adm1_ref":"","adm1alt1ar":"","adm1alt1en":"","adm1alt2ar":"","adm1alt2en":"","date_":"2020-03-11","shape_leng":8.8361410899999999,"validon":"2020-08-31","objectid":4}},{"type":"Feature","id":5,"geometry":{"type":"Polygon","coordinates":[[[25.522247700325202,12.956800300135372],[25.520606700185038,12.956868599612102],[25.519474300107536,12.956915800013554],[25.510017300327025,12.960354899833161],[25.509004699575836,12.960723099769005],[25.503930899866731,12.963166000143769],[25.496155699910016,12.966909599789345],[25.492366700364723,12.968804099975175],[25.488541499611731,12.970716700277992],[25.487592200443714,12.971191400101867],[25.486676200026537,12.971649400053973],[25.486377299988845,12.971798800433916],[25.485674800368656,12.972145099572012],[25.477595800064289,12.972620300017942],[25.474703900382508,12.97213830042045],[25.471885199921648,12.971668600012849],[25.470351299624635,12.970792099761708],[25.469432500057067,12.97026699999156],[25.465222699988253,12.967861500084551],[25.460463699599131,12.965482000327793],[25.458514400348346,12.963337699956167],[25.456565100199263,12.961193400370659],[25.456585200003722,12.960072899667676],[25.456638499744539,12.957100299605532],[25.456666999695184,12.955516499882831],[25.456845900082339,12.945548699999476],[25.456864499700341,12.94451149979662],[25.456964899908041,12.938919799989012],[25.457043300374483,12.934547800276423],[25.457181700217038,12.926838300284908],[25.457641800237539,12.901203899668653],[25.458326300314386,12.895044000042768],[25.4594059998274,12.885326399778082],[25.460007899813835,12.87990919960844],[25.460742100082125,12.873301399674189],[25.464304300170962,12.841241399580857],[25.464519799719465,12.836230900380878],[25.466334799936917,12.794032099669252],[25.46163769975912,12.70597060013958],[25.459545400393214,12.690859499674948],[25.462448099621302,12.686795799862377],[25.473822200337906,12.670871999781928],[25.478051699562535,12.650570099750315],[25.478581100115655,12.64802920013412],[25.468111499583951,12.628041700224752],[25.46711459958734,12.627564999746337],[25.446220399628036,12.617572099928164],[25.41957049960731,12.595681099644908],[25.417478999741991,12.569746399614884],[25.414811500116485,12.536670399890641],[25.416730500091038,12.513002799981432],[25.417666900349968,12.501454399738471],[25.430991900216817,12.465286599856364],[25.434855500354903,12.458387199887909],[25.443782999869352,12.442445199912212],[25.444316900083699,12.441491999809458],[25.451409100150155,12.41912420036118],[25.456690099872748,12.402468799798175],[25.436702600072469,12.361542099997068],[25.431026199691026,12.342242200410587],[25.427184699905531,12.32918140011798],[25.422508100180796,12.31955309971694],[25.422389100355161,12.319308099641837],[25.411004400416541,12.295868999675417],[25.362104299803324,12.243284199885021],[25.36221810018019,12.24274539980191],[25.360706399948715,12.241806700343059],[25.333196000124051,12.224723100125555],[25.315527699757375,12.206400400407782],[25.313922399564831,12.204735600169268],[25.309639400275163,12.193314200129436],[25.308327799773178,12.183084000234203],[25.306102999801162,12.165470700127685],[25.309103999874264,12.101586000353814],[25.309279299813685,12.098197100262171],[25.309750099667617,12.089095300066386],[25.310956299938962,12.065774200406604],[25.311245499968262,12.060183400325514],[25.309817800300635,12.039482100064069],[25.311169000336939,12.009656099917473],[25.311242600206533,12.00803260001423],[25.311053300023314,11.998068900081325],[25.310579000333053,11.973094100322239],[25.309694200202401,11.926505999591244],[25.305069600356216,11.890480900077739],[25.303478899583727,11.877933599603493],[25.30118329979091,11.866497899679715],[25.292476100421879,11.823121599861876],[25.291508700200815,11.814832600326337],[25.29092799955675,11.809856799809284],[25.288341400409148,11.78769450030495],[25.286430099894851,11.714322399946813],[25.286037399571772,11.699631000082327],[25.289600199735307,11.633836999936143],[25.294478700311711,11.575657100272325],[25.296212700338351,11.572280400029813],[25.296212700338351,11.572280299703591],[25.299072300195729,11.566711399810522],[25.300306800093502,11.556834999792791],[25.302673300318368,11.537902800119209],[25.309376099573782,11.525821400096525],[25.369873000448969,11.416687000261931],[25.389892599749363,11.400512700375536],[25.513488800216592,11.345275899729634],[25.531921399803437,11.328491200057254],[25.549682600343548,11.30712889974186],[25.549682600343548,11.283874499954646],[25.541870099641223,11.246276900329022],[25.537902799783399,11.19873049959833],[25.537719699772282,11.18530269961439],[25.544494599608999,11.157104500281486],[25.566711399940878,11.127502400242937],[25.572408399590135,11.126730000260237],[25.599121099934042,11.123107899562099],[25.612179300161515,11.13257759993866],[25.612734399718263,11.132980200329371],[25.615112299564199,11.134704599950988],[25.61567399994162,11.134763600333168],[25.618379599813256,11.136405000291633],[25.637179700182841,11.147810799571788],[25.637974400188849,11.148292999566706],[25.63892979981599,11.148872599895192],[25.638818800386208,11.148650700091062],[25.637585000276104,11.141779300316719],[25.637263999885722,11.139991199666415],[25.637262700023523,11.13998439974811],[25.636673300094198,11.136701600099197],[25.640843099980025,11.134473400202577],[25.641162699896896,11.134064999572978],[25.643541400141679,11.131025500273633],[25.645237599959451,11.128858200291699],[25.656651199599096,11.113111100418108],[25.664646800312472,11.102490999605916],[25.664786500017254,11.102309999723339],[25.667942899651244,11.098222899930812],[25.688450499746555,11.071668300417553],[25.699927799821275,11.059220399624488],[25.703985300415148,11.054819800059887],[25.705052000407701,11.05366289974106],[25.706883100231668,11.046460699823907],[25.7106714997024,11.031023499724782],[25.71497910025451,11.013471000417224],[25.71498179969192,11.013460000331534],[25.715855299914651,11.009900700209483],[25.714977999818267,11.006123400117522],[25.709692699860401,10.983367299892832],[25.709165299855382,10.981096800404281],[25.708007100162941,10.976110199627353],[25.707422799969542,10.973594000274753],[25.706639000121214,10.970288900308875],[25.697516799752162,10.95213180023833],[25.696473299650147,10.950054800169369],[25.694139599611198,10.945409799952676],[25.697326700068356,10.934509299939702],[25.750488299693277,10.799499500083352],[25.765106499870065,10.76518430042398],[25.770690900190004,10.752075199668319],[25.786926299643628,10.725097699572501],[25.809082000163095,10.698486299880724],[25.84509279999191,10.658691400295364],[25.970886199694064,10.497680700413261],[25.970266199552949,10.49545139993503],[25.937585699722469,10.377949999860782],[25.93249550036958,10.372929499714854],[25.93571679968964,10.371230200141691],[25.945234600143568,10.346483799597278],[25.945528599871391,10.322079500387568],[25.945528599871391,10.296927499597338],[25.945765899735186,10.267148400429257],[25.945884600421852,10.244250599714944],[25.94647780022483,10.226217099923527],[25.946359100436396,10.207471700001106],[25.946359100436396,10.189438200264217],[25.946833700163982,10.181251900305213],[25.946952300239339,10.176624900126528],[25.947189600103101,10.162862500142971],[25.947138200299211,10.138994800165406],[25.987113100186814,10.13709129989766],[25.990920299599736,10.112344900004116],[26.023280900374413,10.106634199685203],[26.030895200385643,10.087598499686287],[26.049930900108148,10.085694900049234],[26.063280399727766,10.070974600086199],[26.07087019998626,10.062852100315931],[26.08152979959052,10.051303700006764],[26.081558499865487,10.051272600007024],[26.085696099639954,10.046897799739755],[26.093713000307005,10.038105699724726],[26.097805100412383,10.030369499658036],[26.100622800149981,10.025327200027789],[26.101423700328088,10.023784900092815],[26.105368500082978,10.016251099754978],[26.107681999706159,10.012098699654514],[26.112101400086932,10.003408199915054],[26.117677599686637,9.9927303998244703],[26.122266499585074,9.9848057995596111],[26.158608899924616,9.9525108997290666],[26.177354300079873,9.9356637998525255],[26.195150499881763,9.919765799675444],[26.214370499764538,9.903393299860662],[26.231374200432871,9.8581901001102388],[26.231378100019572,9.8581805999702059],[26.236200499908112,9.8457334998770367],[26.248776499762425,9.813937600377896],[26.266652000142649,9.7473677003277857],[26.274256600145485,9.7316830996026003],[26.290891699594873,9.6870060003180178],[26.300978800173567,9.6592289001375313],[26.309520999686157,9.6390597996642988],[26.311893900407544,9.634314200300528],[26.314029399755434,9.6290940001584726],[26.32447919962161,9.605355400355009],[26.346774500132913,9.5911285999586351],[26.362909699703092,9.5804509002203684],[26.375248500304988,9.5726206001187428],[26.394259199913069,9.5591368996065942],[26.415349299977965,9.5531632996872862],[26.43148460015945,9.5474685004395212],[26.444772399892067,9.5436720000535935],[26.460670400209793,9.5391635998610251],[26.476805700391278,9.5337060999666434],[26.493889999703519,9.5294349997606034],[26.508364299653365,9.5265876003447936],[26.535177299593666,9.5201809997272573],[26.55961750032235,9.5142488996881305],[26.575515499741744,9.5104524001220732],[26.594498100047783,9.50641859956872],[26.609446999725151,9.5023847000708663],[26.623209400083581,9.4976390996172082],[26.64124289974923,9.4928933997350722],[26.662191100135185,9.4868183000348481],[26.669242300193748,9.4871985996412551],[26.679682799801839,9.4876731996112991],[26.703918599667396,9.4883346998730786],[26.729986800117484,9.4881476996893941],[26.745647499673122,9.4886223001175889],[26.761020399672997,9.4886007998378066],[26.793104100151197,9.5057066997884139],[26.819889200215478,9.5206544996907461],[26.853159600336831,9.5315861003428779],[26.869794699786215,9.5401413001790107],[26.87787460020251,9.5444189998790723],[26.915542300352008,9.5583836000561266],[26.952558400323664,9.5711969001046455],[26.97771040003235,9.5816373000427397],[26.996218500323849,9.5878066996868299],[27.00381160009438,9.5892304000174953],[27.014252099702475,9.5935014996910581],[27.025641699950995,9.5977725995812815],[27.048503699964304,9.6071571998077676],[27.079482499592483,9.6161900997390113],[27.131944500257276,9.6210263002387357],[27.144512199678406,9.6237923002975982],[27.183485999945368,9.6247429998691789],[27.2367185000024,9.6256935001473671],[27.331374799855329,9.6204295000021052],[27.390713800177075,9.6233155997411437],[27.421266200082627,9.6278541999869667],[27.46366640032041,9.6233992002968733],[27.475530600296388,9.6238736998384216],[27.518565300382271,9.6180888004256904],[27.546132100033731,9.6166630000983151],[27.583137800209354,9.6141959004005368],[27.572441899684552,9.6327475997190888],[27.565252700432048,9.6457676003624719],[27.555681199588761,9.6631019999390961],[27.493141100362756,9.776364300227824],[27.489266999817332,9.7833803997470188],[27.484654200240715,9.7917342995923864],[27.482986500373624,9.9319215000842807],[27.482786900107385,9.9487015997050179],[27.482548700131701,9.9554584004184719],[27.481290400268794,9.9911502996241488],[27.477949400437133,10.085920399572457],[27.449395799649494,10.238205900340835],[27.453711099661859,10.262920700318922],[27.459853699624631,10.298100799773389],[27.475569899793438,10.388112000374992],[27.4456280003449,10.467518400256756],[27.419167500220308,10.537692100425698],[27.339940599907102,10.668888400021329],[27.301235500114643,10.775896600420149],[27.299489800429708,10.780723000340064],[27.288749600384975,10.802240400245459],[27.261316799729514,10.857200299567472],[27.261316799729514,10.85720040014226],[27.28831590005397,10.945794199965407],[27.297885599775103,11.049950000406353],[27.297731800113649,11.05038660034047],[27.297634199954636,11.050663899794415],[27.29737599988751,11.05139670016303],[27.296722300346779,11.05325210002956],[27.296622599926717,11.053535300304279],[27.295989499653761,11.055332400231613],[27.295717900315825,11.056103299696629],[27.294635300142787,11.059176300335171],[27.294433700226673,11.059748599625109],[27.293507099689247,11.06237879956805],[27.293291999891089,11.062989499576185],[27.293067100371463,11.06362789968909],[27.293000299850302,11.063817499902171],[27.292534400306305,11.065140100335016],[27.292359599830103,11.065636199808457],[27.292280600187425,11.065860499896814],[27.292114899645018,11.06633080043062],[27.29203580028933,11.066555300113032],[27.291779299834676,11.067283500195929],[27.291600100308521,11.067862800363029],[27.291447299573669,11.068356499903173],[27.291074399916045,11.069562100103477],[27.290551399859343,11.071252599581859],[27.286900700443592,11.083053599755589],[27.286801800422378,11.083373300435349],[27.284942000323412,11.089385300373081],[27.283217700305169,11.094958900194868],[27.282040999809471,11.098762699893983],[27.281674400036991,11.09994780041319],[27.279023000018032,11.108518399703602],[27.276697100050683,11.11603699958453],[27.275009199767759,11.121493000241692],[27.274016500293406,11.124702099997428],[27.273890799933987,11.125108499679099],[27.273708399710475,11.12569819979978],[27.271984800378231,11.131269500034529],[27.270630399644602,11.135647700312031],[27.270360199881846,11.136521300134433],[27.269688199862212,11.138693400427831],[27.265123499679152,11.153448900419752],[27.264816300106478,11.154442000428498],[27.263472600104574,11.158785399719807],[27.262484700328677,11.161978799829596],[27.261590299902608,11.164870099951971],[27.258942900081593,11.173427799823685],[27.258187699896986,11.175869099621339],[27.257233399807728,11.178953899559652],[27.25580880022618,11.183559000329078],[27.254928700081074,11.186403899999807],[27.254864200145381,11.186612399768514],[27.253022899951272,11.192564399632944],[27.251949200286038,11.196034999567596],[27.251618199849936,11.197105200271455],[27.251667699717029,11.197799200080148],[27.251826999763015,11.200032499836485],[27.252308399737231,11.206778299773994],[27.25261849996993,11.211124199820505],[27.253289800201959,11.220532300311593],[27.253378000389876,11.221768900156256],[27.253931899797404,11.229531699574277],[27.253982500100744,11.230239800419325],[27.25460070001801,11.238903399861091],[27.255307899623745,11.248814800051983],[27.255829599818277,11.256126199933496],[27.25584360006194,11.256508999983652],[27.256378899851534,11.271079799753569],[27.255212900087496,11.289888700200779],[27.254975099862151,11.29372390005401],[27.254333900378633,11.303146499886488],[27.253109299915309,11.321140900199147],[27.252872099764524,11.324625799655772],[27.251424600329774,11.345896799988418],[27.251337799717135,11.347171899600392],[27.251186500067135,11.349394600050852],[27.250741100077899,11.355940500371155],[27.250580599882728,11.358299100116824],[27.249970200037023,11.367088100092467],[27.249715700130537,11.370762199690542],[27.249620999733292,11.372130400085158],[27.249466500284161,11.374361099778044],[27.249435600035067,11.374807299795641],[27.249173500381204,11.378590600185822],[27.248951400012068,11.381797000289149],[27.248726900242751,11.385039000207632],[27.24858409955365,11.387100699647426],[27.248017100014284,11.395286400271511],[27.247756799685973,11.39904810030858],[27.247571900349367,11.401719000038847],[27.247535700040071,11.402242400365386],[27.247371199646885,11.404619200227428],[27.247199999618385,11.407093299998349],[27.246906999715428,11.411327399650659],[27.246883799824925,11.411662399612915],[27.246799700446292,11.412877299823503],[27.246798399685758,11.412895899736592],[27.246771600245918,11.413238200261647],[27.24597919992701,11.42325219972625],[27.245450200022532,11.429936200083519],[27.245091800071926,11.434465399683116],[27.244198599795077,11.44575180020624],[27.243946899937345,11.44893249961728],[27.243535999746538,11.454124699944893],[27.2434886998536,11.454722099881879],[27.242927300411708,11.461817200068488],[27.242502399977237,11.467186099802795],[27.24116349967386,11.484104499891512],[27.239199900142044,11.50891749962307],[27.237397000231461,11.531699999932266],[27.234341800305721,11.571141500437419],[27.231419700162455,11.608865899708698],[27.231180900112175,11.611948100289881],[27.228222700270816,11.65013850007505],[27.227770899785195,11.655971400171191],[27.225881899947879,11.680357700346828],[27.225698000436211,11.682732300059101],[27.2245316000235,11.697790099616283],[27.224162999702848,11.702548500066307],[27.224066499980086,11.70379479968526],[27.223175799714628,11.715293699701467],[27.220612299846252,11.74709300016913],[27.219560399598016,11.760188599869863],[27.219505499957737,11.760872499732766],[27.219391599867926,11.762290800427618],[27.21904799966163,11.763421999714234],[27.218881499618611,11.76397019995621],[27.177862499554429,11.780043999962789],[27.159793099616749,11.786724300031242],[27.121407199990852,11.788200599816086],[27.076478400331734,11.789928700243895],[27.058988400277613,11.790360600320476],[27.035290799963416,11.78830699996924],[27.009013900211556,11.786095599608634],[26.992492699953722,11.784729000035293],[26.969482399765049,11.78149409991258],[26.955644600211539,11.777398799964038],[26.949890100299275,11.775695799952521],[26.940111700378104,11.771402800259594],[26.926236200328777,11.764878600246996],[26.915283200172954,11.759521500412285],[26.906805099947384,11.756348300288323],[26.893920899797198,11.751525900034338],[26.880772499732036,11.748683000208837],[26.878112800178162,11.748107899998024],[26.858468700259827,11.748107899998024],[26.821899399852619,11.749511700283188],[26.806305199882516,11.752373599842754],[26.80596839992295,11.752435400292251],[26.782303400368715,11.761407900188482],[26.780517599889514,11.762084999729812],[26.779086899848885,11.762558599663402],[26.771484400107191,11.765075700281283],[26.766479500282127,11.76727289980114],[26.765645499880833,11.76770890023958],[26.76110840043486,11.770080600256152],[26.759792399984622,11.771944899877983],[26.756393299815358,11.776782099676641],[26.755806099860191,11.777654000228431],[26.752685499886898,11.782287600368361],[26.746330499563445,11.787185400320991],[26.743103000071287,11.789672900226289],[26.741397400282349,11.790352000155806],[26.732438599870171,11.793918899739532],[26.728620099650961,11.795484099656456],[26.718208799781188,11.799988699923214],[26.702570000253822,11.806764699574256],[26.700929699901266,11.807605100425274],[26.696229000174103,11.810116399798323],[26.669317899713143,11.824630199936438],[26.64996929970922,11.835180700128481],[26.635608500098943,11.8429226999957],[26.612737199827482,11.846634400112034],[26.590971399582308,11.850166699978136],[26.562531300032468,11.854782199827778],[26.559854999612096,11.855212999745254],[26.557130500085229,11.85539429972347],[26.553936600279641,11.855570099600548],[26.551724400077848,11.855691900061082],[26.54948969977309,11.856221399947977],[26.540806000331866,11.858279200377504],[26.539306599833278,11.858520499865923],[26.515978499951586,11.860680500176223],[26.490749399638752,11.863021499611273],[26.452144400016724,11.866603600380563],[26.40807390018745,11.870714899914079],[26.351233400335094,11.876584899872672],[26.308911799989747,11.897058900057033],[26.237041199944859,11.932565300186715],[26.236341999836711,11.932909600122779],[26.236297400279515,11.932931599943737],[26.236297299668209,11.932931599943737],[26.207990299900775,11.941496400379222],[26.208126300343146,11.943005099694302],[26.216369599818048,11.996344600096091],[26.207630999838209,12.020999899962064],[26.20464909974476,12.02904690005294],[26.201416499618418,12.037770499662622],[26.183677899792588,12.059555100384943],[26.178100599756707,12.066101099960028],[26.176399199591703,12.06962020035605],[26.175736799867515,12.07099039968767],[26.175475199676971,12.07153139960228],[26.166503900105944,12.090087900389687],[26.156778199850894,12.091888899894153],[26.148522899782165,12.093417699637961],[26.138488799805252,12.095275900099562],[26.130347600150589,12.096861599605283],[26.077697800387462,12.107116699885935],[26.073641899693186,12.114354099583446],[26.070027600012686,12.120803600015817],[26.067504899827917,12.125305199935704],[26.058610699962706,12.141384799828408],[26.053631400326591,12.150386799751347],[26.05250370023467,12.152425499897731],[26.042724599627594,12.170104999935283],[26.033691399845274,12.186279300162481],[26.033673700339261,12.187371799941452],[26.033668199954803,12.187715200390482],[26.033588699950407,12.192630400418485],[26.033505199748106,12.197795500053461],[26.033470799662656,12.19992109997539],[26.033419300145688,12.203105199848071],[26.033376100163707,12.205773100072497],[26.033333999719606,12.208379600363759],[26.03328519964008,12.208943200168449],[26.019714400050269,12.215698199651944],[26.019487700306858,12.215683900063178],[26.011415699675172,12.215171299635774],[26.008661200011037,12.214996500435623],[26.000488299708366,12.214477499961399],[25.989074700068723,12.213928200208883],[25.972473099694636,12.215698199651944],[25.972217999713518,12.21610699969724],[25.95986269975484,12.235956800139791],[25.959673299858608,12.23870970000889],[25.959028299603137,12.248081000373826],[25.958383600283323,12.257450099970502],[25.958273500067168,12.25904919959326],[25.957636099559007,12.264141799582962],[25.953368599801163,12.285057100233178],[25.952932599783054,12.287193899956922],[25.95284189958382,12.287638500070239],[25.952495899977407,12.289334100207038],[25.949466099916332,12.292666700106361],[25.947952300322072,12.294331799742828],[25.936324700422183,12.307121400327475],[25.936096300167932,12.307372600231277],[25.927538399900804,12.316381800168259],[25.915568699981179,12.328982699706653],[25.909783599857121,12.335072899703325],[25.905962599626392,12.33909539962375],[25.898055800073788,12.347419099691272],[25.896416799583431,12.353175799937686],[25.895739300077601,12.355555300156173],[25.895248699558245,12.357278600191069],[25.890709799888487,12.373220399592171],[25.890324799923995,12.374572599602766],[25.889296999678223,12.379188400289614],[25.889551099834396,12.379459100356083],[25.890392399945771,12.380195199729116],[25.890557500413514,12.380339600361156],[25.891026500043566,12.380750000151108],[25.891320199734125,12.381007000262287],[25.891698200025935,12.38133780013059],[25.892397100096716,12.381949299666216],[25.897160399822784,12.386117200000131],[25.897484500299182,12.386400800390689],[25.898586900239483,12.387365399673609],[25.89965149997089,12.38829689990105],[25.900458000246402,12.389002599750748],[25.900843799711513,12.389285200282826],[25.903038499833251,12.390841199873737],[25.903204600125928,12.390958900022476],[25.903870499686541,12.391431000376045],[25.904087200282493,12.391584700366394],[25.904555800162232,12.391916900293049],[25.905839700214056,12.392827099812536],[25.906476900397934,12.393278800279314],[25.90672349962151,12.393453700232046],[25.907297499731857,12.393860599701728],[25.908191300083367,12.394494300013926],[25.908630400187523,12.394805599743529],[25.909317400275757,12.395292599742326],[25.910315900171973,12.396000500414189],[25.910632799753071,12.396225199954667],[25.910978599933454,12.396470299944832],[25.911261899828016,12.396671200397384],[25.911788399721075,12.397044400345878],[25.912047000436878,12.397227800355118],[25.912323299760391,12.397423700101946],[25.912709599587053,12.397697600305927],[25.913095799700702,12.397971400202284],[25.91342090000207,12.398201800043445],[25.914051200226208,12.398648699911694],[25.915524200136961,12.399692999842015],[25.915771500046478,12.399868299954097],[25.916187199935745,12.400162999773711],[25.916619799830467,12.400469699763823],[25.917641399904209,12.400487299565768],[25.919603500147801,12.400080499931063],[25.920060299757967,12.399985800376111],[25.921622799718772,12.399661800017348],[25.921874999938154,12.399609599678266],[25.925955200060915,12.398629499673273],[25.92685600008511,12.398413100323411],[25.933406100115242,12.396839800310469],[25.934326200443309,12.396618800295968],[25.935909199958907,12.396247700167333],[25.936215800355221,12.396175900398015],[25.942416900405973,12.394722199770678],[25.942845999566011,12.394621599658606],[25.943300000025758,12.394515200038489],[25.948464499934136,12.393304499681784],[25.954845800234146,12.391808600025945],[25.958312999888509,12.391613999858224],[25.959304800149301,12.391630199947185],[25.962255299631973,12.39167860016353],[25.965872100222196,12.391737900155398],[25.969482399704621,12.391797100111608],[25.970979399904827,12.392561899902189],[25.989674499794042,12.402114000436491],[25.992225799642569,12.40341749998988],[26.004032599966877,12.409450100425255],[26.005663800385705,12.410283599987904],[26.011462500104855,12.413246400015044],[26.016906700358394,12.416028000137283],[26.019101500193141,12.415588300320913],[26.030905499570434,12.413223200295787],[26.046607200032224,12.410077200426791],[26.049736999652392,12.409450100425255],[26.050720200340937,12.409253099900983],[26.054610699631912,12.409450100425255],[26.056196400381516,12.40953039959502],[26.061157200112707,12.409781600280821],[26.079729299978283,12.410721899783136],[26.089294400325144,12.411206200340583],[26.092102100017019,12.426648099785393],[26.092102100017019,12.427123999806181],[26.092102100017019,12.430643999785788],[26.092102100017019,12.432629599640245],[26.092102100017019,12.43310550011495],[26.092102100017019,12.436914999840926],[26.092102100017019,12.443767900413947],[26.092102100017019,12.445366900375094],[26.092102100017019,12.457931600353461],[26.092102100017019,12.474141700076649],[26.092102100017019,12.483377899584873],[26.092102100017019,12.486401500426481],[26.082367599865471,12.500315799789135],[26.081305800182786,12.501832799713316],[26.081099900031468,12.501999300157216],[26.080758300373311,12.502266800069231],[26.08007989985726,12.502798299783914],[26.079485299580838,12.503264099799461],[26.079204300271741,12.50348420041167],[26.078536000412754,12.504007600207057],[26.078126199759929,12.504328599853313],[26.077853499985746,12.504542300044465],[26.077366499914024,12.504923700115731],[26.076877200155206,12.505307000090815],[26.075843900423234,12.506116500343612],[26.074783299991473,12.506947200365213],[26.074516399740755,12.507156300293074],[26.074352500320529,12.507284799664404],[26.073385899600115,12.508041900329244],[26.071073200375846,12.509853500278519],[26.070312499806743,12.510449399900839],[26.066916199686233,12.513117199914038],[26.066251200237581,12.513639499753825],[26.063608800439408,12.515714999948017],[26.062103799843349,12.516897199570383],[26.059498000104849,12.518943999696862],[26.058574000190088,12.519669800100919],[26.057892399875005,12.520205099786246],[26.049820499854693,12.526545499961198],[26.049021999975029,12.527172699863829],[26.043159599820733,12.531777499648818],[26.037474899904403,12.53624270003629],[26.036589799736419,12.536937999780287],[26.032897899988484,12.539837799926893],[26.032673499932244,12.540014200437755],[26.032234200402065,12.540359200333066],[26.026308300137011,12.545013900321543],[26.023283400385868,12.547389899871614],[26.022718500209319,12.547833599675636],[26.019980700226323,12.549984099661074],[26.01921959990695,12.550581899609195],[26.017904699892956,12.551614700141192],[26.014898999834376,12.553975600110709],[26.012007299578585,12.556247099610038],[26.011347200439829,12.556765600427584],[26.010546900336315,12.557394199809858],[26.008651100252337,12.558883300163441],[26.007581199562392,12.559723699605907],[26.006197399664423,12.560810599741348],[26.005636900334487,12.561250799837202],[26.005074100419115,12.561692900107285],[26.004775999881975,12.561927099930095],[26.003696100044611,12.562775300031685],[26.003425499633245,12.562987799641228],[26.00308720038549,12.563253600144265],[26.002869299640249,12.563424800052331],[26.002657099603891,12.563591400125771],[26.001984099759319,12.564120100019895],[26.001651299997661,12.564381500433717],[26.00142319978071,12.564560599576627],[26.001106000162313,12.564809799731814],[26.000485799696911,12.565296900002989],[26.000288100265799,12.565452200432309],[25.999989699691394,12.565686600247826],[25.998411100124073,12.566926600263708],[25.997878199734597,12.567345199749971],[25.997377999818095,12.567738099807364],[25.9971791999508,12.567894300102484],[25.99693849996363,12.568083300140596],[25.996630899742382,12.568353099670411],[25.986847300372308,12.580424800124689],[25.966648799786533,12.614933599727102],[25.966132399652139,12.615954399826395],[25.94618540039647,12.655384399670785],[25.931432799676678,12.677751399987358],[25.912397099954237,12.693931699873229],[25.892885499743681,12.709636099951128],[25.87306310041112,12.725678400396218],[25.866835100309277,12.733526899911137],[25.860113999676631,12.741996800126467],[25.859358699778948,12.742948600224508],[25.854449500176003,12.749135200113411],[25.848660900215581,12.756429899908708],[25.822326699626771,12.774426500338567],[25.820984199773957,12.774364199631545],[25.820019499888666,12.774319500246863],[25.81834960004748,12.774242200131873],[25.816990399615225,12.774179200266659],[25.816353200329715,12.774149699983701],[25.814743100438644,12.774075099900141],[25.813109499721406,12.773999400311984],[25.809843599945822,12.773848000191373],[25.808717000290148,12.773795799697181],[25.807925899833471,12.773759199595936],[25.802235400393648,12.773495500339962],[25.79502449964053,12.773161400404481],[25.79384349980786,12.773106700298205],[25.793557999939203,12.773093399577077],[25.790977699778349,12.772973899811648],[25.790110300014735,12.772933699756075],[25.780915399888016,12.772507600326435],[25.779209100311508,12.772428500174172],[25.773951799942743,12.772184899619425],[25.765686000364909,12.771801899901757],[25.762878400386047,12.773632999862075],[25.749598900188314,12.782216999757559],[25.749223300194981,12.782459799564357],[25.74905349974166,12.782569499704948],[25.742686499722645,12.786685199985545],[25.736413800350565,12.790740000339294],[25.730493699608942,12.794566800362954],[25.721373600399332,12.800462100388662],[25.720002599697509,12.801348300210526],[25.718689000444115,12.802197399877047],[25.707546900429396,12.807638499609967],[25.704360700084163,12.809194399658448],[25.701756299920842,12.81046619959449],[25.699489299791747,12.811573200437502],[25.699099500128728,12.811763599779132],[25.686852899912662,12.817743899925375],[25.682474500438076,12.819882099658464],[25.671875599997659,12.825057800414548],[25.668617900043948,12.826648699754948],[25.66715620004118,12.827362500295633],[25.659768700384667,12.830970000130819],[25.659143799933688,12.831275199926697],[25.658793899842316,12.831445999642947],[25.657598899765979,12.832029600156799],[25.655473699602783,12.833067400407796],[25.654468200033854,12.833558399687369],[25.653589099713681,12.833987699744998],[25.653337799606227,12.834110399937698],[25.651729799976266,12.834895600399905],[25.650695799558427,12.835400600371038],[25.650285600053557,12.835578800120524],[25.649941300059655,12.835728499899554],[25.649496599858061,12.835921700384699],[25.647827099767184,12.836647199805132],[25.647332400235108,12.836862199824084],[25.646351400419018,12.837288499669775],[25.645799400049984,12.837528399870479],[25.6455361002469,12.837642800432237],[25.645147499834774,12.837811699586817],[25.643004699878546,12.838742899991777],[25.642564099587904,12.838934300028185],[25.641662299738773,12.839326199794694],[25.640455299966877,12.839850699615972],[25.640063499755659,12.840021000402706],[25.639866299787862,12.840106699912102],[25.636177299801659,12.841709800074133],[25.634355999699096,12.84250130039397],[25.632507300082064,12.843304600177515],[25.632291199560676,12.843398300246758],[25.626222600116098,12.846027799864661],[25.623767599666017,12.847091599955283],[25.620731099969554,12.848407299910761],[25.617913299620685,12.849628300334455],[25.616691899854683,12.850157500182183],[25.615516400406509,12.850666800393395],[25.611769300082667,12.852281200311717],[25.609802400140584,12.853128599848457],[25.608955700256057,12.853493400202119],[25.607038999968577,12.854319100269727],[25.605143499921894,12.855135699815438],[25.602646000175699,12.856211800417112],[25.602106700188198,12.856444099915356],[25.601197599730728,12.856835799836139],[25.599008099956123,12.857778999870485],[25.597289099998083,12.858519599565584],[25.596639399757098,12.858799600167435],[25.594893000284557,12.859551999795501],[25.594678900311369,12.859644199715914],[25.594253500413579,12.859827500346979],[25.593513099973254,12.860146399984947],[25.591660300445238,12.860944700431592],[25.591088900059319,12.86119079957099],[25.590390200312822,12.861491800088778],[25.589549699702065,12.86185400037008],[25.589056999819864,12.862066199979095],[25.588810699735284,12.862172399992538],[25.588536300348593,12.862290599826046],[25.588003000208808,12.862520299655861],[25.587539599777934,12.862719999666812],[25.587349700418418,12.8628018003719],[25.586570299620075,12.863137600376515],[25.586305699954824,12.863256299820675],[25.585403300031064,12.863661100261044],[25.584852700135546,12.863908099654141],[25.584248799601006,12.864179000267866],[25.584008699688496,12.864286699577152],[25.583577099618672,12.864480300216455],[25.58321619965664,12.864642199713565],[25.582881199920863,12.864792499586407],[25.582388400325645,12.865013599739145],[25.581738900408912,12.865304900086143],[25.581209799893088,12.865542300370636],[25.580960099685161,12.86565429996655],[25.580526800002833,12.865848600160218],[25.580070000392663,12.866053600258253],[25.579121199789533,12.866479199865989],[25.578755400415965,12.866643299732429],[25.578559699736363,12.866731099860079],[25.578227700373684,12.866879999894907],[25.577864499826223,12.867042899710471],[25.577517600107889,12.867181700323611],[25.576529800045108,12.866927099942671],[25.576090999978213,12.866805499970233],[25.575743500185254,12.866709299585938],[25.575394800243139,12.86661269981821],[25.573695200301984,12.866141899776295],[25.573413500307016,12.866063900089525],[25.568682300080969,12.864753400136836],[25.56753950020747,12.865544600125213],[25.56753950020747,12.866020499972626],[25.56753950020747,12.868965799636628],[25.56753950020747,12.876965999757083],[25.567063599719383,12.882200799955605],[25.566997299559841,12.885646499959911],[25.566465199569311,12.91331880003394],[25.565635999764837,12.956439999666349],[25.565251699587918,12.956439999666349],[25.564705600252054,12.956439999666349],[25.563806199803039,12.956439999666349],[25.562448699881624,12.956439999666349],[25.560178700277788,12.956439999666349],[25.559075299614324,12.956439999666349],[25.553738599852501,12.956439999666349],[25.553490000080821,12.956439999666349],[25.54435290025441,12.956439999666349],[25.542317200141294,12.956439999666349],[25.533859499757575,12.956439999666349],[25.530895800430056,12.956439999666349],[25.522247700325202,12.956800300135372]]]},"properties":{"adm0_ar":"السودان\u200E","adm0_en":"Sudan (the)","adm0_pcode":"SD","adm1_ar":"شرق دارفور","adm1_en":"East Darfur","adm1_pcode":"SD05","adm1_ref":"","adm1alt1ar":"","adm1alt1en":"","adm1alt2ar":"","adm1alt2en":"","date_":"2020-03-11","shape_leng":10.395926809999999,"validon":"2020-08-31","objectid":5}},{"type":"Feature","id":6,"geometry":{"type":"Polygon","coordinates":[[[34.165527299823154,15.720275899879127],[34.131896999564674,15.72589110024864],[34.112304700098868,15.729309099922473],[34.104675300306063,15.730529800360511],[34.093078599757035,15.732116699892352],[34.083679199952478,15.733276399929107],[34.062072800364597,15.739929200031089],[34.027893100359812,15.750305200016838],[33.986694299796483,15.762878400272506],[33.924316400378189,15.746887199674834],[33.833923300047836,15.723693800174759],[33.799499499932566,15.714904800224661],[33.79907229981103,15.718078599715325],[33.776122999721728,15.712707500034625],[33.762878399971164,15.709472699654844],[33.75872800010216,15.709106399745385],[33.747680700197797,15.704284700092064],[33.742675800372666,15.70227050007137],[33.738098200382183,15.701476999962003],[33.734313999637116,15.700073200252174],[33.729675299834255,15.697692900223483],[33.72747799998799,15.69549560035672],[33.720275900029698,15.690490700390971],[33.714477500347847,15.687683100027327],[33.708679200379002,15.687072800065977],[33.704284700399569,15.686706499689587],[33.698486299819457,15.687500000198343],[33.691528299971587,15.688476600196985],[33.688476599882236,15.689086900282913],[33.684509300024352,15.690307599622667],[33.679687500210406,15.691528300305304],[33.67529300023098,15.690673800130035],[33.667724599639143,15.688720700385982],[33.665100099671399,15.686096200266245],[33.660705599691973,15.680480999958434],[33.655090300021236,15.676330599935572],[33.651916500020135,15.673889199720616],[33.644897500072965,15.669128400309591],[33.635925300389978,15.6649169999395],[33.627319299830972,15.658691399856314],[33.622497599729932,15.652526899863517],[33.620117199872681,15.645874000351911],[33.617309599893744,15.625671399838293],[33.611084000090351,15.605896000334088],[33.599304200428513,15.582519499909543],[33.586486799901188,15.564514200032473],[33.579284699942896,15.552123999839484],[33.575500500096126,15.540100099908946],[33.573486300260974,15.523498499780496],[33.569702100414275,15.499084500053366],[33.568725600259384,15.485467200351593],[33.569274699968382,15.455505400141213],[33.575073200261578,15.438476599651944],[33.581481900076056,15.438476599651944],[33.598083499551848,15.434067699734797],[33.607739699848359,15.425313099578814],[33.609321100362727,15.42381489995736],[33.610573599803772,15.42261410018723],[33.611426899610713,15.421819999622052],[33.611999999609139,15.421277100215251],[33.613297599867394,15.420033399940348],[33.614722399773221,15.418649600311984],[33.615272299881141,15.418099699780447],[33.615998199716145,15.41737380027266],[33.616518800372738,15.416853199784526],[33.617262800362425,15.416123399812486],[33.618080799971992,15.415305399741762],[33.62052249996588,15.412809999739563],[33.624877899874278,15.408325200172243],[33.63372799964548,15.399291999766289],[33.642700200226692,15.368102999907755],[33.64788820006288,15.336120600074604],[33.649902300185019,15.30932619989292],[33.652282700042306,15.300720199593316],[33.660522499680852,15.297729500103515],[33.684326200013302,15.297729500103515],[33.713061300014232,15.296874399653916],[33.729309099812021,15.292893400132078],[33.735290499791944,15.291503900191785],[33.763671899827884,15.271103900009779],[33.774108899599618,15.261901900044256],[33.798522999777738,15.251084299876466],[33.832885799793637,15.235886599712718],[33.89331060008756,15.209092199732746],[33.920898500266674,15.196885100144529],[33.994873100234024,15.164109199611293],[34.041503900132611,15.143310500373078],[34.049499499947693,15.129868499812654],[34.061889700353476,15.108872400094524],[34.095519999713659,15.05229279985833],[34.108703600263219,15.030259100027338],[34.13171389955356,14.991257699602254],[34.143493700113737,14.97166540022374],[34.158874499898154,14.94566439992029],[34.174499500404409,14.919494599694257],[34.199890199552065,14.877060899965358],[34.245483400381744,14.799912499904513],[34.285522500167808,14.732299800228798],[34.259887700011362,14.667480500385613],[34.209716800376462,14.593322800074892],[34.106689500141144,14.444274900400268],[34.099487299571543,14.433715799847011],[34.092102099602137,14.423095700158814],[34.084472699809261,14.411926299948457],[34.072326700125274,14.394287100345863],[34.060119599730548,14.376709000038547],[34.050292999804448,14.362487799672904],[34.037902800296962,14.344482399631504],[34.032155900132082,14.336376199991479],[34.025516300051827,14.338536699578203],[34.003300799582213,14.346128699900362],[33.994306200407664,14.350595499752883],[33.994079600377198,14.350707999773416],[33.990266199893888,14.342183999808398],[33.989595000273098,14.340683699635495],[33.98906580004433,14.339500800175644],[33.988978899718653,14.339306500132061],[33.988892799791948,14.339111400086701],[33.988846300297922,14.338439600074091],[33.988651499730238,14.33554999980699],[33.988628999627345,14.335215500323244],[33.98858370028244,14.334543800040095],[33.98852689980707,14.333701500314014],[33.992309600365587,14.329101600342094],[34.015319799942944,14.311706499729734],[34.032810600395941,14.281240299848683],[34.035888700174858,14.275878899836144],[34.039672900021628,14.263122599851336],[34.03210450032816,14.245102900110448],[34.022705099625298,14.224289900260258],[34.015319799942944,14.210510300023046],[33.998547700226219,14.193738200237066],[33.991088900387226,14.186279299775499],[33.979492199838191,14.177123999635278],[33.973451500269704,14.173920600117158],[33.955322300381908,14.164306600016742],[33.945551800245312,14.155630199808483],[33.931884800071728,14.143493700294115],[33.931257800257939,14.139599599645091],[33.930725100192703,14.13629139967321],[33.933288600061147,14.128295899980349],[33.943121599585297,14.110461399724405],[33.953458400371922,14.090818499769162],[33.956131100344599,14.08573960006292],[33.958099600186245,14.08199879962487],[33.960182399868039,14.078040799682004],[33.961281800333566,14.07595159971792],[33.963313800286038,14.072090300230199],[33.973510700145255,14.055481000244709],[33.985900899652769,14.039672899893793],[33.990721399604489,14.017876100313655],[33.988525800269123,14.005495300031562],[33.965515100330215,13.997314500255181],[33.988525500231823,14.005493900224804],[33.9915160996105,14.003723300063218],[33.991868499713327,14.00358190015081],[34.000488199580474,14.00012229978811],[34.003112800159528,13.990905900049086],[34.017700199800238,13.989318999664935],[34.029724099572533,13.984680400142253],[34.039537300227828,13.977937699818687],[34.039679599657013,13.977487299877538],[34.039753099813566,13.977254399694305],[34.040250199644014,13.975680299689685],[34.040609399993535,13.974542899760921],[34.041098600039419,13.972993699729637],[34.04132040037122,13.972291499633345],[34.041320800121561,13.96452840030666],[34.041320800121561,13.963073800332934],[34.043701599729125,13.951475700358284],[34.046874999979913,13.941513999898863],[34.049926799782277,13.936509100434026],[34.055480999640665,13.932114599975495],[34.06127929960951,13.931687399570047],[34.062683099598949,13.929307000390031],[34.067077700189721,13.923874899671606],[34.071289100158033,13.912888499714752],[34.074890199993689,13.906296699766363],[34.079891800306676,13.898306300232651],[34.077275299836515,13.890932900089695],[34.07952880008353,13.885911000389697],[34.085082999941953,13.880112700353051],[34.086303699920286,13.870896400078522],[34.087524399898641,13.863266999845573],[34.093688999602705,13.851059900267369],[34.094299299735397,13.835068700094975],[34.095275899603237,13.825486200275984],[34.098327700303898,13.815903700330521],[34.103881900162285,13.810288399983987],[34.110473699987914,13.807663900035465],[34.120483399925064,13.805893900243332],[34.12432859987117,13.804062899665857],[34.128722300349978,13.798875900019659],[34.128296300377627,13.791870099644141],[34.128296199766318,13.791869299639451],[34.12829839974048,13.7918634998234],[34.132324199686245,13.781311199887201],[34.138122499655125,13.775695999682364],[34.143127400378482,13.770874199683089],[34.148498500225827,13.762695499884018],[34.150329600049787,13.755493300304664],[34.155883799908175,13.750671600396887],[34.159912099865394,13.748108100150944],[34.261108399989695,13.650329600063783],[34.271301199937966,13.63311790007003],[34.288879400179965,13.604919600227859],[34.308715799756222,13.577087600106603],[34.373901399764684,13.485473600172602],[34.401672300241977,13.459716999955399],[34.409912099880522,13.451293899945352],[34.439513700431505,13.420898999819824],[34.43951410018181,13.420898599627003],[34.470703100196616,13.389282399590213],[34.566284099751812,13.281494300245347],[34.574707000299775,13.267517199635739],[34.575683600167608,13.26171880010582],[34.586120599939377,13.26171880010582],[34.588908100113755,13.258180799975932],[34.589294399940485,13.25769040004325],[34.591811800065102,13.258180799975932],[34.598693799744971,13.259521499811042],[34.603698699570067,13.263122600075054],[34.611084000150782,13.261901899625235],[34.613230099619024,13.257264700283166],[34.614501999975289,13.25451659997038],[34.616005699810884,13.24958760026303],[34.616699200108513,13.247314499615122],[34.618710299857575,13.246259800131639],[34.621160700035091,13.244974900001701],[34.622059800446806,13.24487339998598],[34.622717500185409,13.245212600339048],[34.623932600066269,13.245839400320019],[34.624169999643073,13.245961800224451],[34.624633900435526,13.246201099777645],[34.624966499872833,13.246372599628138],[34.626395800338287,13.247109899569992],[34.627129200207598,13.247488099889422],[34.627511300410291,13.247678099596392],[34.627794199656186,13.247715799772331],[34.628363600392355,13.247784500381815],[34.629719399802831,13.247948000024547],[34.631386900243939,13.248149000301273],[34.631932299792297,13.24821480037758],[34.634230899958119,13.248491900076953],[34.635029900199406,13.248588200236849],[34.635337999883966,13.248625400111308],[34.635678899754488,13.248666499832076],[34.636242899819116,13.248699799843306],[34.636511600293652,13.248663100140497],[34.637072299947874,13.248586399833721],[34.637406200145769,13.248540699845822],[34.639007599853322,13.248321499975669],[34.641188800092948,13.248022999807954],[34.641695899969193,13.247953700295675],[34.64190670043044,13.247924800208169],[34.642013200198889,13.246168400147788],[34.642047300247079,13.245605700179244],[34.642095699677959,13.244806499860312],[34.642137700409052,13.244113799866037],[34.64227240009096,13.241881400067951],[34.637895599617607,13.236823200052893],[34.637978099994974,13.236561800060418],[34.63930270001736,13.232367199977439],[34.639467999911126,13.231843799884631],[34.639599700118289,13.231426600225801],[34.639772800083655,13.231062899900573],[34.640429100247111,13.230883900306978],[34.641790799792396,13.230514699621004],[34.642988800241866,13.230189800036216],[34.643310200382523,13.230090599844118],[34.64288330029828,13.221665399627101],[34.640741899917295,13.215160200296882],[34.64112479962057,13.214400199727994],[34.643057700125809,13.210563699935488],[34.644714400122247,13.20727539970451],[34.651489299958961,13.204894999608598],[34.656921399905634,13.205871599732301],[34.659765800268424,13.204135999940586],[34.660522499741283,13.203674300371231],[34.661742700256326,13.200044399597004],[34.665109600314267,13.198443100148905],[34.666686999732327,13.197692899788374],[34.669076600134787,13.196234799784545],[34.669506300267784,13.195972599774976],[34.670288099567983,13.195495600321049],[34.671202599798569,13.195018500231624],[34.674499500434621,13.193298300337164],[34.676421299559593,13.190082299620807],[34.677536399881326,13.188294300105731],[34.677774200106732,13.188293499825937],[34.678316799606307,13.188293499825937],[34.682185099729978,13.188293499825937],[34.682736299700089,13.188293499825937],[34.683016200369607,13.188293499825937],[34.684351399614037,13.188293499825937],[34.684819599743506,13.188293499825937],[34.685305599990286,13.188295800083703],[34.685560900295755,13.188371500415398],[34.686800199892019,13.188746199744493],[34.687254900139372,13.188883699760837],[34.687522500177728,13.188964600402894],[34.688016400209122,13.189177399802819],[34.68837719955981,13.189542900411649],[34.689180400323387,13.190356800417273],[34.689376000391682,13.19055500041337],[34.689993099872673,13.191180300082767],[34.691318999757286,13.192523900409492],[34.691970099573588,13.193183699969284],[34.692566100323518,13.193725000403512],[34.693743000245234,13.193803800396159],[34.694341100358081,13.193841599859665],[34.695092700095053,13.193888999831268],[34.695460199979422,13.193912200415584],[34.696512800015299,13.193978699940633],[34.697011099994974,13.194010199617118],[34.697408399692328,13.194035299825821],[34.697842300347588,13.194062700235383],[34.698292899785649,13.194094299605782],[34.699118200003525,13.194549000362358],[34.699699300397896,13.194875000417666],[34.700204900087549,13.195158600398466],[34.700422700221417,13.195280800094515],[34.701384399733669,13.195820199760236],[34.702248199947945,13.196304900255821],[34.702450000188307,13.196418000106615],[34.702706400031651,13.19656189957812],[34.702927900326195,13.196686099640397],[34.703354300048858,13.196868800232023],[34.704018899747204,13.196521300087767],[34.704213100240253,13.196418000106615],[34.704472499558342,13.196279999687738],[34.705365200371972,13.195805199567626],[34.705845899660282,13.195549499974801],[34.706480800157024,13.195211799573688],[34.710839300151399,13.19289349966726],[34.711935799956898,13.192262500183718],[34.712012599625481,13.192053399568156],[34.71212079990481,13.191758900089123],[34.713343099782676,13.188430300399185],[34.713502999903213,13.187994899954601],[34.714341700290156,13.185711099688476],[34.715521499973576,13.182498300082711],[34.715959300215502,13.18146069963738],[34.716375699892403,13.181142800182247],[34.716879999719893,13.180759599854909],[34.722902099670414,13.176182799723362],[34.723249000287048,13.175919199738557],[34.723507000029954,13.175723100205389],[34.72528029955361,13.183286900066681],[34.724487900133035,13.192315199713402],[34.729492199883573,13.196289200417807],[34.734313899984535,13.194519200103809],[34.739318799809602,13.194519200103809],[34.741088799821291,13.189697399924363],[34.74511720038975,13.182922500027999],[34.748718199614125,13.181518700106194],[34.753723100337488,13.184082199857535],[34.760925300008793,13.191894699918755],[34.768676799713383,13.195922900021634],[34.776672299815516,13.195922999725548],[34.782470700395663,13.193725799790807],[34.786681099640738,13.18829480038991],[34.790710400321203,13.177917699715188],[34.792907700167369,13.169677900067233],[34.79711910013571,13.170715499736026],[34.802917400104583,13.174316599974835],[34.813720699611572,13.171081699683501],[34.817687800043402,13.15849840000892],[34.816895600048817,13.148680000080029],[34.82232659955924,13.139526499733375],[34.830871500305904,13.132324399993287],[34.839477499966655,13.124695000051728],[34.840270800397427,13.115287500377445],[34.836733499811594,13.100887199694657],[34.839904799801239,13.095886400419181],[34.847473099781773,13.0836793995937],[34.848876899771149,13.070678900284651],[34.859680099565153,13.054321500235122],[34.861694300298538,13.042480600028268],[34.865112300123066,13.033081200082943],[34.866882300134719,13.028686699735793],[34.875915499917006,13.0241091000478],[34.885070799611078,13.023681800277675],[34.890685999568838,13.019707199780083],[34.89041799978024,13.004004999878417],[34.890826199635207,13.003713000165611],[34.891309500444578,13.003367299958301],[34.89248830030315,13.002523999848922],[34.893708700244154,13.001651099964636],[34.894284099929742,13.001239500024829],[34.895420099556581,13.000426899610309],[34.896870399938386,12.999389400430582],[34.897502500386366,12.998937300332146],[34.897951499924943,12.99861610002154],[34.898365299877412,12.998320099985486],[34.898673399561979,12.998078500266788],[34.898959600116562,12.997671500229327],[34.89954520017217,12.996781800220992],[34.899725500134572,12.996507799635769],[34.904073499721612,12.98990170004096],[34.909728999899613,12.981309099683131],[34.914854699774232,12.973762100089038],[34.919677699737463,12.966660700137176],[34.929504400274809,12.954087500022162],[34.971923800205154,12.918504000000647],[35.002929700208831,12.899277899617196],[35.006803899568943,12.898186800154775],[35.017883299871784,12.895066500131122],[35.03108230024025,12.894080799965099],[35.0324736998855,12.893976899831191],[35.036682100379068,12.893662600196928],[35.05249770003244,12.89934979972692],[35.054504399833192,12.900071299646468],[35.05504330007048,12.899883899794665],[35.057311999812121,12.899094800344429],[35.059098200041554,12.898451400195182],[35.059667399555018,12.898246299636975],[35.061115400249783,12.897724700367613],[35.065047000159886,12.896308400298002],[35.065495500235173,12.896146799719459],[35.066118400138024,12.895922400416332],[35.067707100362369,12.89535010002138],[35.074324800414281,12.892966200322235],[35.076200700119792,12.892290500221963],[35.07665480029258,12.892126899644952],[35.07703279968603,12.891990699580832],[35.077696699596736,12.891751600152986],[35.078021799898032,12.891634500046296],[35.078496099588328,12.89146880005296],[35.079732399709847,12.89177420036402],[35.081011200025848,12.892092399979052],[35.085696299609822,12.893258200233939],[35.091491699816899,12.894700199841155],[35.094221999765587,12.895385299765492],[35.095525999621898,12.895712500055652],[35.104332399947801,12.897922100010508],[35.105628299695191,12.8982471998041],[35.106317300331554,12.898420100144813],[35.107428599881374,12.898699000137102],[35.108339699988584,12.898845199941015],[35.108716500131131,12.898471499825449],[35.108940799576104,12.8982471998041],[35.109589400279269,12.897598599609331],[35.112911200418367,12.894276900371608],[35.116882300149847,12.890305699933139],[35.130823500284194,12.873471099784457],[35.136291499604496,12.866868199922424],[35.137186899855571,12.866047200192668],[35.156127900079063,12.848679700018618],[35.178707399698489,12.830063999995295],[35.199156399992873,12.810787100321768],[35.215427099643868,12.79544909988911],[35.217102100119241,12.793869999674262],[35.223083500099207,12.788071599576986],[35.232482899903701,12.779465699969327],[35.272888199712007,12.765061399766253],[35.340881399699292,12.735093099621965],[35.360717800173859,12.729905100287866],[35.412292499798276,12.719468099811397],[35.444274899956852,12.71849159968432],[35.507324200218513,12.717515000286802],[35.569274900413525,12.723069199632052],[35.57910160005261,12.713059400192625],[35.588684099868253,12.709702500153091],[35.605529800352834,12.706711800250988],[35.611877500067976,12.698288900374902],[35.619875399570155,12.69249090019286],[35.624881500442768,12.695298200263174],[35.626976800181751,12.695971700047791],[35.631905399801511,12.697365499946212],[35.6322746999098,12.697114600017887],[35.632596199763434,12.696896200096662],[35.639709500357611,12.692063500000422],[35.645080600204878,12.687669000174758],[35.649408100237125,12.678697199910355],[35.650283800434018,12.677301500241523],[35.651590099977433,12.67735700014004],[35.654015400327609,12.677460299716627],[35.656200899904199,12.677553299623741],[35.657320199849899,12.677600900341421],[35.657929800194985,12.677626800148275],[35.65895930005334,12.677691199964492],[35.659547600444647,12.677761499784628],[35.659805399863231,12.677792299606276],[35.660301700193102,12.677851600404644],[35.664943599795031,12.678406199755189],[35.66866979991547,12.678851300079048],[35.669112099818648,12.678904200206953],[35.669425200424392,12.678941600135056],[35.671553799812607,12.679195900044149],[35.672042699821155,12.679254299567402],[35.67254569978644,12.679270000434848],[35.673029299734786,12.678980800203805],[35.673489900116934,12.678704500413604],[35.674097700238178,12.678339800147226],[35.674853999960661,12.677885999646653],[35.677312299922818,12.676410999799073],[35.678018199666347,12.675987499848045],[35.679068599728069,12.675264299591637],[35.679210600018251,12.675103499625969],[35.679463599738249,12.674817100098585],[35.679801999597373,12.674433899933568],[35.680592800016719,12.67353859978415],[35.681907300280407,12.672050200385989],[35.683863300064871,12.66983550032846],[35.684517899717427,12.669094399648761],[35.685440700381264,12.668049600019295],[35.685641499898395,12.667822200333561],[35.685974499984304,12.667445200172585],[35.6863594999488,12.667102600151869],[35.687338500115082,12.666888399858848],[35.68779739998643,12.666796600304281],[35.693861799807081,12.66558380010277],[35.694612200293129,12.665433699946471],[35.694821199632159,12.665391899975905],[35.699821200045726,12.666091899580696],[35.702995600121383,12.667414200146229],[35.70448170016391,12.668157299628508],[35.705851000354869,12.668842000306746],[35.709182199566754,12.669793700203231],[35.711561700210488,12.669317799865443],[35.712989300165027,12.667414200146229],[35.714893000033683,12.667890099655915],[35.719176000221715,12.668842000306746],[35.722983099921692,12.670745499965863],[35.726790199621703,12.670269599652386],[35.730121500343202,12.669793700203231],[35.734404499632937,12.665986599708248],[35.73630809978858,12.662655299930254],[35.734880300408008,12.658848199780742],[35.736784000276693,12.657896500226268],[35.740591099976605,12.659324100377008],[35.743446500210084,12.657896500226268],[35.747729500398115,12.657896500226268],[35.752964299765651,12.658372300049649],[35.756295599588853,12.660751700426363],[35.761530300141743,12.662655299930254],[35.762958100420605,12.661703599680727],[35.765337499554697,12.660275799864245],[35.76724109971034,12.658848199780742],[35.767717000198424,12.661227700018298],[35.764861599964945,12.667890099655915],[35.767717000198424,12.671697299679311],[35.771048200308613,12.672649100220045],[35.773903599643795,12.670745499965863],[35.77437950013185,12.664082999655177],[35.775331199598341,12.663131200434627],[35.777710700242032,12.664082999655177],[35.796270500374817,12.668366099944862],[35.80959550024167,12.671697299679311],[35.859564199885902,12.685498200102789],[35.895691600140232,12.695142400285109],[35.966319499567177,12.713996499587125],[35.966164000293183,12.714527599586983],[35.990910499584217,12.721190100323456],[35.999476499960302,12.722141799764445],[36.00471119961486,12.720714199755699],[36.010897799958535,12.721190100323456],[36.018512099969833,12.722617700284111],[36.027078200058867,12.720714199755699],[36.035168299946875,12.718334700181913],[36.04373449974895,12.716431100061797],[36.050396999682413,12.716431100061797],[36.061342499803899,12.716907099792301],[36.068480799614029,12.719286499708815],[36.076571000113411,12.718334700181913],[36.083233500046802,12.716907099792301],[36.089895999980229,12.714051699674307],[36.097433299998592,12.711671499717088],[36.098937999659086,12.711196299873212],[36.107504000035171,12.706437499659053],[36.112263000424228,12.698347199995277],[36.112263000424228,12.692160600340705],[36.109407600190814,12.686449999896983],[36.11607010012424,12.686449999896983],[36.131774500023475,12.685974100006533],[36.133678100179118,12.685022200277249],[36.136533500412604,12.686925799866225],[36.145803799734367,12.689019200318013],[36.151286100234067,12.690257100379487],[36.168894100288909,12.692160600340705],[36.169369999878697,12.701202599585846],[36.173653000066729,12.738322199594503],[36.176508299688869,12.785911499739802],[36.179839600410396,12.835880100220255],[36.182219100155827,12.85967469976471],[36.18201679955385,12.862789799655566],[36.18249270004187,12.897530000202693],[36.17725800038734,12.900385299642545],[36.171071300330659,12.908475500222703],[36.16250520024159,12.917517500007305],[36.155366799820115,12.928463000202857],[36.150607999755309,12.942739699920306],[36.153939199865505,12.946546799594056],[36.15917409984435,12.952257600074592],[36.159650000332462,12.9579683002859],[36.157746299565481,12.959395999743544],[36.155842800021148,12.9636789999699],[36.162029299753513,12.972245099689719],[36.163457100032439,12.978431700108708],[36.170119599965837,12.98509420027343],[36.171071300330659,12.998419099608027],[36.174878499743649,13.002226199638994],[36.176306099698195,13.006509300283666],[36.180589199599233,13.019358300175353],[36.18249270004187,13.025069099849542],[36.18820349961053,13.046008299831939],[36.189313299872126,13.049221099698151],[36.19724550018762,13.072182499772774],[36.202480199842213,13.092170000156884],[36.208666800185874,13.112633199963001],[36.213425699963693,13.133572499946823],[36.213901599553417,13.136427800214292],[36.217232799663606,13.147849299850535],[36.223746799995745,13.171989099796605],[36.233413199763973,13.207811699703774],[36.247214100118875,13.251593800254074],[36.251497100306963,13.266822299777449],[36.254828300417159,13.284430300365425],[36.260539099985756,13.300134800378121],[36.267384999967597,13.322954600331286],[36.269105100361848,13.328688300240279],[36.27576760029531,13.357241800289708],[36.284333700384373,13.381036500332923],[36.286237199928706,13.384367699690502],[36.297658700251183,13.405306999956144],[36.321287999857773,13.445639799975377],[36.325260500062797,13.452420299938295],[36.368566600060589,13.530466599730895],[36.370946099805984,13.533797800287937],[36.378084500227466,13.537604999735027],[36.382367500415555,13.546171099776185],[36.384271099672837,13.559020200026268],[36.386174600115474,13.568062099677952],[36.406162099915811,13.648011999611455],[36.406162099915811,13.649439699960329],[36.409969199615759,13.664192300348024],[36.429956700314399,13.716064600311816],[36.448486200272583,13.767020800031121],[36.448757699897506,13.767767300072277],[36.448942699845482,13.768276299841943],[36.450896000192479,13.773647600387138],[36.453751299814648,13.778406500362079],[36.45755850012597,13.779834099892852],[36.463269100268576,13.783165299920331],[36.467140799617226,13.790134399669942],[36.468028099759337,13.791731499878638],[36.472311099947362,13.800297499751776],[36.475642300057622,13.808387699744385],[36.48040119983537,13.815050200035554],[36.486587800179038,13.822664499794302],[36.491817199773422,13.827458000291687],[36.492298599747706,13.827899200097644],[36.495629799857895,13.833609999908328],[36.49848520009138,13.83789300037404],[36.494202100190343,13.855025100386525],[36.485008400212841,13.886947800142398],[36.477069999725181,13.914511600379516],[36.475642300057622,13.917367000057309],[36.458510199592467,13.97875710009215],[36.470407600403028,14.000172199786835],[36.49848520009138,14.081549800368235],[36.53037000009094,14.178156000283904],[36.531321699557473,14.178156000283904],[36.53560469974547,14.186246100290521],[36.544170799834603,14.212896100388058],[36.546456899943252,14.219373200350132],[36.546994900068583,14.220897600237755],[36.546508800108754,14.220703100266974],[36.520690899941322,14.218078599989759],[36.49707019990695,14.219909699643905],[36.473693399658778,14.223327699824374],[36.465785300243979,14.224824899736296],[36.463750899993101,14.225210000073492],[36.461777199804224,14.225583699645666],[36.461559399670392,14.225624900081485],[36.461055699917495,14.22573250010211],[36.459200500091072,14.226431499741464],[36.458629099705156,14.226646799972235],[36.457135699952644,14.227209599940128],[36.455999800038818,14.227637600362417],[36.454894699762775,14.228053999715437],[36.454173799950674,14.228325700049332],[36.452973799851399,14.228777800036015],[36.452754600142285,14.228860400009408],[36.451485199797482,14.22919589961422],[36.450624499669217,14.229418799767059],[36.450183399915296,14.229533000037266],[36.449689100133625,14.229661100086256],[36.449366400130671,14.229744600095465],[36.448900000225052,14.229865399634882],[36.447890099809577,14.230126999684691],[36.447045599899276,14.230345700158983],[36.445009199998488,14.230873100206095],[36.444564000333571,14.230988400366918],[36.440725500022822,14.231982600261459],[36.435730000168917,14.233276400007391],[36.433583200014674,14.234490700368012],[36.429693699650343,14.236690800430306],[36.429038400210146,14.236922300307983],[36.428417899707412,14.23714009996867],[36.42800569965447,14.237284899673252],[36.426362999901698,14.237861699595362],[36.425502100347494,14.238164000058621],[36.422993500119397,14.239044900276653],[36.422097100043452,14.239359700025698],[36.421691899663195,14.239502000224261],[36.42057349982943,14.240328600224755],[36.419911899605822,14.2408176004034],[36.419202100275655,14.241342300309162],[36.418485499800433,14.241871900201117],[36.416733099581812,14.243167200100229],[36.416565500000978,14.243290999860516],[36.41619839986685,14.243562399756939],[36.41467289971596,14.244689900042392],[36.414391499758253,14.244878200040203],[36.412186699877751,14.246353400194028],[36.410360200326366,14.247575500334923],[36.406766899664007,14.249979700236807],[36.405380800078909,14.250907199695034],[36.398658699621286,14.25540489984464],[36.397888200229048,14.255920399603863],[36.397380999741564,14.256186199952095],[36.391078499658249,14.259487999774105],[36.38933960022004,14.260399100029874],[36.38697279995781,14.261639099963404],[36.383557399857708,14.263428400325306],[36.381899600323386,14.264296900034857],[36.377190300125676,14.266764200225261],[36.37551630037354,14.26764119987215],[36.369786799677307,14.270642999961987],[36.36853030003828,14.271301299572153],[36.365193000367263,14.273068899595755],[36.359278600334449,14.276201399752244],[36.358266599657895,14.276737400041847],[36.355145399609974,14.278390499857434],[36.353096900300685,14.27947550014375],[36.351713899903331,14.279561500243757],[36.34978600031927,14.279675899730425],[36.347889200410322,14.279788399597541],[36.345837399792323,14.27990600001589],[36.344873900056257,14.27988079993146],[36.342718999793121,14.279824499970823],[36.341118500197496,14.279782700042011],[36.33931400038739,14.279735600135883],[36.337412000131245,14.279685899856362],[36.335123799761448,14.279626100193909],[36.334677099910046,14.279614499975159],[36.331490300388488,14.279531200375269],[36.330801200039069,14.279513199787774],[36.329528800219485,14.279480000073962],[36.328021100186021,14.279171999715974],[36.327332500198182,14.279031300272822],[36.323823699563071,14.278314599612063],[36.322920599851713,14.278130099707068],[36.322667300094452,14.278078400252589],[36.32097550022489,14.277732799897624],[36.319378200428297,14.277406500399898],[36.315971499613426,14.276710699607564],[36.312834100245979,14.27606980030653],[36.305092599688813,14.274488400132659],[36.304887499936406,14.274446499966988],[36.301280700290242,14.273709799602132],[36.296694300403232,14.27277290021595],[36.292843099711014,14.271986299997252],[36.292624200039199,14.271941500300787],[36.290774900347543,14.271563799650847],[36.289528200429956,14.271309100082387],[36.289096700073074,14.271192100236449],[36.287906000232013,14.270861299865212],[36.286799300056437,14.270553899747636],[36.280291299572106,14.268746099943492],[36.277585999737774,14.267994699915608],[36.272427199639914,14.266561699683106],[36.267763600334,14.265266199822126],[36.264648599559848,14.264400899891495],[36.258854899863508,14.262791599577898],[36.255008400055203,14.261723100071697],[36.250650500135379,14.260512600305974],[36.245936700276481,14.2592031998725],[36.240180899603686,14.25760439987527],[36.238808999688331,14.257223299697271],[36.237605700077019,14.256888999711286],[36.229539599580164,14.254648500433753],[36.226561299934346,14.253821099641204],[36.224759600172987,14.253320700201074],[36.224224100059047,14.253114500325628],[36.223654499896945,14.252882999643376],[36.222633700222154,14.252468100093816],[36.220667899817919,14.251669100346971],[36.205111800094045,14.24534650008842],[36.195556900117154,14.241462900348095],[36.18487550019767,14.237121599683402],[36.177700400003538,14.234709000433584],[36.169477000008804,14.231943900021905],[36.168573699973152,14.231640199781276],[36.164446800032053,14.230252600341258],[36.158674199965205,14.228311599856042],[36.156921399996278,14.227722200019567],[36.156357099894393,14.2275845997356],[36.154752900138057,14.227193500405612],[36.153134000350484,14.226798799787868],[36.135714800117171,14.222551899926069],[36.123289700162559,14.219522500375598],[36.110107400373522,14.216308600339913],[36.101069900356002,14.213004499781041],[36.098071700331651,14.211908500107919],[36.093078599877828,14.210083000418273],[36.0928726000135,14.210039100193535],[36.092349200206492,14.209927600098009],[36.091717000045499,14.209792900169553],[36.088820400378204,14.209175799654068],[36.075317400236052,14.206298799722804],[36.067769400384371,14.206810599873389],[36.061351899775026,14.207245600397101],[36.060913099708202,14.207275399658904],[36.047998300244451,14.208860399659992],[36.047485399946453,14.208923299953886],[36.032897899694433,14.211120600111428],[36.025742600165827,14.2145335996992],[36.021274999780125,14.216664599872098],[36.01888420012677,14.217805000317384],[36.018377700325189,14.218046599902575],[36.015655900235735,14.219748400366672],[36.01460719978656,14.220407999636276],[36.010995300404566,14.222679900309373],[36.010334499681584,14.223095499842989],[36.005755100365484,14.225975899799534],[36.004322200350792,14.22687730005649],[36.004142099814416,14.226990600370698],[36.001310999907652,14.228771299836493],[36.000003399603706,14.229593800418238],[35.996770300014113,14.231627399818269],[35.991919199850472,14.234678699761778],[35.989685099620345,14.236084000047738],[35.988669900043014,14.236604500119819],[35.984398600411581,14.238794500155258],[35.982036699560886,14.240005499573616],[35.976151500164697,14.243022999728469],[35.975596999784209,14.243307300250089],[35.974241999874316,14.244001999974826],[35.972900400133462,14.244689900042392],[35.972692999795562,14.244742800007643],[35.97232440037331,14.244836900374642],[35.972058700271781,14.244904600372717],[35.966538499850266,14.24631240031535],[35.964492199616764,14.246834300377937],[35.96124120019681,14.247663400250987],[35.95928120021437,14.248163300279048],[35.95471189975877,14.249328599811818],[35.951443400258754,14.250311199929108],[35.947169700328878,14.25159589975177],[35.935808999781408,14.255011100049904],[35.929466500413398,14.256917699761622],[35.92015059991288,14.259718199908505],[35.914916999796233,14.261291499796059],[35.913590799874285,14.261432099749488],[35.906273899714293,14.262207599743281],[35.901767999656478,14.262685200404114],[35.901216300223076,14.263365599661094],[35.900655599670458,14.264189699730657],[35.900162500037943,14.26491460040886],[35.899410199615097,14.266020300014004],[35.898166400357503,14.267848499965618],[35.897026099597099,14.269524499982182],[35.895628000316435,14.271579499900207],[35.894193699828207,14.273687699842384],[35.893858199730808,14.274180700261812],[35.893281399571741,14.275028499699934],[35.89113400024123,14.278184900106094],[35.890415300403227,14.279241199827384],[35.889995799741939,14.279857899862526],[35.889538300344164,14.280530400047647],[35.889282000213804,14.280907000074565],[35.887999099986914,14.282792699904197],[35.887719800290355,14.283203199587765],[35.887451099815792,14.283532099707475],[35.886827699551326,14.283774500326226],[35.885423100061324,14.284320700139252],[35.879752200064374,14.286526100375168],[35.878723099956403,14.286926300075267],[35.874827100280903,14.287594200152578],[35.865905800040252,14.289123499683392],[35.862731399964595,14.291092500001039],[35.861837499900076,14.291646899700266],[35.861216899684401,14.292031799739181],[35.860995899751437,14.292501900367416],[35.860421199853448,14.295030500284476],[35.859940000203558,14.297147900146086],[35.858037499585791,14.305518699658077],[35.857748100130536,14.306792300412116],[35.857888300196933,14.30715190001977],[35.858172800240652,14.307622999642954],[35.858936699710519,14.308888300069716],[35.859449299971189,14.309737299597797],[35.859636499893227,14.310053500315787],[35.859629500220542,14.310580799954694],[35.859603200243988,14.310820800334385],[35.85954880006696,14.31131650041163],[35.859487499930296,14.311875099693987],[35.859442000261211,14.31228939969105],[35.85941760022142,14.3125108997999],[35.859364400193641,14.312995900287387],[35.859268000183917,14.313873900003857],[35.859185100056244,14.314629599872978],[35.859112299687268,14.315291900025214],[35.85901160034058,14.316209500046829],[35.858754899561632,14.318547900272865],[35.858444200152604,14.321377700355621],[35.858261899642102,14.323038300218958],[35.858227900205257,14.323348399911019],[35.857558700234314,14.329443099737537],[35.857294800356662,14.331847399623655],[35.85696039979721,14.334893099895798],[35.856868900097354,14.335687099802389],[35.856568499873049,14.336453400059499],[35.856306899682565,14.33710759996281],[35.856022399638789,14.33781889977314],[35.855541500026185,14.339020999764138],[35.854604700016985,14.341363100399825],[35.854319500185625,14.342076000275501],[35.854422200080492,14.342358899724758],[35.854601899968195,14.342766999869035],[35.854919299910911,14.343487999633039],[35.855534800390799,14.344885899814035],[35.856178000422418,14.346346700182679],[35.857442399846086,14.349218400338668],[35.857563400219924,14.349493199686115],[35.857790199676273,14.350008400123134],[35.857894399757697,14.350245699590088],[35.857951599983373,14.350532000242296],[35.858059500225437,14.351186199945067],[35.858215599574031,14.352131999832912],[35.858306299773304,14.352681599743191],[35.858406600268061,14.353289599849585],[35.858519000171384,14.353970700315656],[35.858676400280508,14.354924899587706],[35.858990899563125,14.356830899675037],[35.859190199792067,14.358038400272692],[35.859529600374401,14.360095500373657],[35.85985309987791,14.362056199806501],[35.859931999807642,14.362495100108889],[35.860286399560273,14.362829499678536],[35.860837100067101,14.363349199871267],[35.862730599565687,14.365136300239069],[35.863746300402951,14.366094800421417],[35.864247299820036,14.366567600183044],[35.865212400353933,14.36747840010538],[35.866254299658152,14.368461700108663],[35.866645799831979,14.368831200434872],[35.868650199945691,14.370722900304438],[35.869308799796187,14.371344399609972],[35.86971150016506,14.371775899756381],[35.870145099884716,14.373221299658004],[35.870484999930298,14.374354199789149],[35.87089889959578,14.375733900402327],[35.871497800107512,14.377730400304806],[35.872838400023426,14.382198800381303],[35.875360800171002,14.390606799765868],[35.87702289994062,14.39614740003681],[35.877591399666471,14.398042400374102],[35.879601300164616,14.404742000285568],[35.879860400343738,14.405605799940476],[35.879939700023712,14.405870099570953],[35.880015899617668,14.406123999821761],[35.880114699925905,14.406463299569515],[35.880207500386355,14.407078700321799],[35.880276800020638,14.40758249984105],[35.880339300306531,14.408036200074296],[35.880509699936113,14.409273500096088],[35.880552100417518,14.409580799626928],[35.881125799592269,14.413746899695242],[35.88153079964821,14.416687000208515],[35.881635999554497,14.417547699803441],[35.882873499825308,14.427673299713975],[35.886174500372313,14.434126899748472],[35.887243299727679,14.436216500415284],[35.887379199558808,14.43648209998206],[35.887781299852982,14.437268199905803],[35.888094800209132,14.437881299824692],[35.888296000374829,14.438274599946133],[35.888365099684798,14.438647099926067],[35.888438299804015,14.43908339985537],[35.888476400050173,14.439310100135463],[35.889377800148992,14.44467699975516],[35.889636000216122,14.446213799591821],[35.892272899629802,14.461914099936719],[35.893041599696517,14.477397000084478],[35.893108400217677,14.478742400105487],[35.893125699973446,14.479092099583575],[35.888552599644164,14.485419599809349],[35.88206890038488,14.494349100295608],[35.879766300021053,14.499570599899576],[35.879485599850952,14.50020720021049],[35.87785500040512,14.503904999756239],[35.877351299753961,14.505047200433717],[35.874846600010763,14.510727199920533],[35.874461900083638,14.511599599935179],[35.874360400337956,14.511830499641997],[35.874400299909674,14.512276600216016],[35.874555500044636,14.513087700301304],[35.875156700243465,14.516230199798466],[35.875301499684134,14.516987600217201],[35.875339299892964,14.517185000339328],[35.875439400063399,14.517708399572648],[35.875532300236799,14.51819399995725],[35.875570599908947,14.518394200079991],[35.875659400171457,14.518858400030627],[35.875849100104986,14.51936939966051],[35.876101900398929,14.520007099642175],[35.87630799997627,14.520526899794191],[35.876986500205263,14.522238699865136],[35.877652699803136,14.523919499954125],[35.877949399866743,14.52466819973859],[35.878145099648044,14.525161999984304],[35.8783315000695,14.525632099889561],[35.878469299837427,14.525979800056103],[35.878577200079448,14.526252000262193],[35.879037999887593,14.527414600199716],[35.879371900085459,14.52825699962214],[35.879878300174035,14.529534799595506],[35.880130699819439,14.530171499810685],[35.880367800257176,14.530769700109369],[35.881021400084862,14.532418700234436],[35.881172800346242,14.532800599598515],[35.881261899747685,14.533025399735816],[35.881484099829834,14.53358589994048],[35.881703300437302,14.534138999572626],[35.88182869986106,14.534455500232202],[35.88212349998787,14.535199099998493],[35.882236700290036,14.535484700113191],[35.882323899754688,14.535704800149121],[35.882894600352998,14.536430500195559],[35.883362900195479,14.537025500108056],[35.883815200144383,14.537600300418159],[35.889207200195052,14.544452599909743],[35.890275800124464,14.545810699611037],[35.890511500088664,14.546110200074265],[35.890821600321431,14.546504400333241],[35.891087700173166,14.546840999568424],[35.891534799774945,14.547196099858265],[35.8928841995874,14.548223699602422],[35.895839499666991,14.550474499603936],[35.896358500424043,14.55086969982284],[35.900329600155523,14.553894000213823],[35.901192599970884,14.559503400217571],[35.901544499712095,14.561790699822563],[35.903082400207118,14.571787200430263],[35.90315829976381,14.572280599696237],[35.903311500248968,14.573276700246973],[35.903361600190692,14.573601899763371],[35.903400700261791,14.573856000104655],[35.903461100286528,14.57424889970382],[35.903496899947228,14.574481699656248],[35.903091100390704,14.574916800028412],[35.901729099909701,14.57621430006372],[35.900604499903864,14.577285799613417],[35.899752299634841,14.578097699881951],[35.898946100294886,14.578865699851974],[35.898714699667593,14.579086100025947],[35.896758200419811,14.580950100219964],[35.894495300201669,14.583105999981452],[35.894293899711577,14.583754200432404],[35.893705499607258,14.585837499996934],[35.893060299925764,14.588122199900901],[35.892821199838188,14.588968900354828],[35.892301899942133,14.590807399875853],[35.891675999666241,14.5930235002352],[35.891410899639375,14.593962199755348],[35.891036300369279,14.59528880042315],[35.890493000183739,14.59721229959235],[35.890098199599471,14.598610499931882],[35.889531899847782,14.600615499629171],[35.88929640020784,14.601449300248381],[35.889141400397158,14.601998300419758],[35.889032099681586,14.602385200317718],[35.888912799818556,14.602807799820663],[35.888818700394268,14.603141000177981],[35.88866839967077,14.603672999701933],[35.888558600390276,14.604061700434395],[35.888503500425678,14.604306299910046],[35.888621699852429,14.604723899915765],[35.888827500290802,14.605366400235955],[35.889555200349591,14.607637699980103],[35.889913900337497,14.608757099985294],[35.890597699728374,14.610891499854212],[35.89065989997696,14.611085599661878],[35.891125999845286,14.612540499573972],[35.892050100371357,14.615424699866253],[35.892181099892582,14.615833600203649],[35.892334300377776,14.616311900187085],[35.892453799666761,14.616690599672081],[35.892278400014298,14.618317200005853],[35.890178500002747,14.63094169962768],[35.888806999837676,14.639186600399444],[35.888554099830657,14.640706999893325],[35.888174099889063,14.642991299716147],[35.887820600248361,14.645116399973165],[35.887652500305876,14.646127400208465],[35.887596699655376,14.646462399975867],[35.887495700271415,14.647069599601188],[35.887446300117261,14.647366599986231],[35.887352199794577,14.647930500249561],[35.88698729963464,14.649029400129027],[35.886452299882308,14.650528699830556],[35.886218000391594,14.65118540025737],[35.884949500158676,14.65474029978474],[35.884207600430166,14.656819800071197],[35.883898500022362,14.657686100247103],[35.883383999824829,14.65912800010341],[35.883244699870353,14.659518299928717],[35.882917200168912,14.660436199946751],[35.882786600397957,14.660802300005306],[35.882719199802196,14.661014899799854],[35.882881299896901,14.661567600072368],[35.8831356003774,14.662227900087363],[35.883847400255775,14.664076699815642],[35.885435000043913,14.668199999680784],[35.88603889968018,14.669768399573417],[35.887217800150005,14.672830299631887],[35.88767880028243,14.674027600007364],[35.887792800085286,14.67432379997418],[35.888243999597947,14.675495499868799],[35.888433200068192,14.675987100212586],[35.888833400425575,14.677026400410066],[35.889017299937244,14.677504000317603],[35.889283200363053,14.678194600278616],[35.889591699797897,14.678995900218471],[35.889741500159744,14.679385000165949],[35.890056199766683,14.680202299936242],[35.890442799630705,14.681206300140346],[35.890553700245775,14.681494400136712],[35.890918000331148,14.682440600213067],[35.891203999663126,14.683183499691355],[35.891381000113455,14.683643100079594],[35.891713400124729,14.684247999830889],[35.89219899972295,14.684972599588214],[35.894264900297614,14.688055000190321],[35.895221400360967,14.689482199715185],[35.89841180033023,14.694242700354241],[35.899048699578444,14.695192899676631],[35.902298499747481,14.700042100356782],[35.903124700077278,14.70127480039824],[35.903566300192786,14.701933699766416],[35.904946799680424,14.703993600081004],[35.905650699774142,14.705043900206773],[35.905827700224442,14.705307999568459],[35.90705729981228,14.707142599823603],[35.907232200001495,14.707403599951094],[35.907459100069225,14.707742200375113],[35.908560599897534,14.709385800000796],[35.909798499918622,14.711232900253064],[35.910108600151325,14.711695500032747],[35.911116899768942,14.713200000379524],[35.912554199731979,14.715344600260677],[35.912979299592401,14.715978900043389],[35.913420100207397,14.716636600327934],[35.913637399979685,14.716960900025517],[35.913831599574436,14.717250600188471],[35.914374500009608,14.718060699830055],[35.914672899685748,14.718505899689971],[35.914672899685748,14.718742499715674],[35.914672899685748,14.720869699818529],[35.914672899685748,14.721897600358634],[35.914672899685748,14.726987300040305],[35.914672899685748,14.727424499988938],[35.914672899685748,14.728233500160325],[35.914674099835004,14.728517300110168],[35.915381700089377,14.729512499683109],[35.915530199690622,14.729721300289848],[35.915656299800347,14.729898600026466],[35.916179100431094,14.730633800398707],[35.917250200371861,14.732139999744144],[35.918549699668617,14.733967399769641],[35.919051399771668,14.734673000340985],[35.919869499992473,14.73582339997345],[35.920076900330344,14.73611500025851],[35.92102259994909,14.73744500025621],[35.921373799902668,14.737938799811859],[35.92189209997381,14.738667699755904],[35.922492199736432,14.739524600373779],[35.922779499828899,14.74047530006963],[35.923442499627754,14.742669400066204],[35.927746099981881,14.756911400371198],[35.931481199711797,14.769271799586527],[35.932498900198873,14.772639599730365],[35.933854500183429,14.777125699621552],[35.933936999662464,14.777398599988372],[35.934183200034099,14.778213499777609],[35.934276899708109,14.778544199645673],[35.934065200033338,14.779318399727376],[35.933269899952698,14.781243400099708],[35.932585799626224,14.782899499659081],[35.93242660019159,14.783284899854609],[35.93036240012772,14.788281799819524],[35.929908299954967,14.789381100202984],[35.927612700162214,14.794938099604227],[35.92733100016715,14.795620099778585],[35.927077400372582,14.796234000067392],[35.927000700417011,14.796419599931117],[35.926701900092269,14.797142899831607],[35.926298899686103,14.798118499852293],[35.925956799666359,14.798946599729247],[35.925746300140773,14.799455999659726],[35.925178299878176,14.800831100262252],[35.925006100024731,14.801247899887532],[35.924639599965232,14.802135000041616],[35.92435199983543,14.802831300032963],[35.923732200018669,14.803924400309677],[35.923396799634283,14.804502600220131],[35.922796300121355,14.805537700391898],[35.92259209958258,14.805889600113366],[35.920435700031227,14.809606499846549],[35.920265899577927,14.809899300359513],[35.920125400372534,14.810141399979488],[35.919911100074991,14.810510899590046],[35.919708900084323,14.810859399866441],[35.919648400346567,14.811123300426946],[35.919446500393157,14.812568999850107],[35.91941210030771,14.812815000218905],[35.918975599928018,14.815940599646739],[35.918592899650662,14.818680399651011],[35.918425099745441,14.819882000125439],[35.918382599551066,14.820186300412923],[35.91830310044503,14.820755300212648],[35.917952699992043,14.823264500239192],[35.917872599913096,14.823837900032805],[35.917825200307149,14.824176900113327],[35.917720100113833,14.824929600389128],[35.917631200138416,14.82556649998123],[35.917587199757442,14.825881599623083],[35.917385899878703,14.827322599730444],[35.917283400308158,14.828056199905104],[35.917236999628777,14.828388599630081],[35.917184599999956,14.828763800396077],[35.91702300026683,14.829920899723241],[35.916861599959738,14.831076500104896],[35.916622799909454,14.832786599568671],[35.916495900299182,14.833694799773458],[35.916408300185921,14.834321999876005],[35.916298500007038,14.835108199637222],[35.916235500257855,14.835559299901856],[35.916081900022391,14.836659599595688],[35.915955400162453,14.837564699987903],[35.915901099698445,14.837954000033466],[35.915779699574301,14.838823199757607],[35.915666399559051,14.83963390024546],[35.915620699565608,14.839961199717731],[35.915576499758693,14.840278299916051],[35.915533100350686,14.840588599604938],[35.915481800259734,14.840956100410436],[35.915451299760953,14.841174000068195],[35.915420299798782,14.841396599864334],[35.915376600353483,14.841709000211477],[35.915322800251118,14.842094300153311],[35.915250899994064,14.842609499837987],[35.915208699836953,14.842911199614209],[35.915148800173831,14.843339899576383],[35.915113899726762,14.843596399641276],[35.915155600420562,14.84394740042517],[35.915420299798782,14.845179200075249],[35.915549800031826,14.845781700260817],[35.915760799919035,14.846763900102488],[35.91585949961592,14.84722329979377],[35.91605650015773,14.848139800411253],[35.916155199854614,14.848599299639446],[35.916233300283771,14.848962499951604],[35.916279300314471,14.849176700332],[35.916347399799562,14.849493499600712],[35.916425500228684,14.849857200294629],[35.916485499604782,14.850136600409918],[35.916573800403981,14.850547200024517],[35.916627400182023,14.850797000351593],[35.916670300126775,14.851022499936505],[35.916656800244667,14.851025900228777],[35.915157399746107,14.851404799777111],[35.912783599811164,14.851917800431091],[35.911331200066485,14.852231600036815],[35.904067400221216,14.853801299758675],[35.900837799569651,14.854499300374403],[35.887878399650369,14.857299799869731],[35.880778899873938,14.858577899827608],[35.869796900304152,14.860555000432859],[35.860862799969027,14.862163399785006],[35.844482399852147,14.865112300363622],[35.823109399643073,14.868926499768845],[35.822832699670947,14.868975799914079],[35.816533499997995,14.870100000269893],[35.806518599713641,14.871887200005705],[35.788366599685624,14.872608999989136],[35.769362299675592,14.873364599879645],[35.764631500098183,14.873552700028002],[35.745117199551885,14.874328599794058],[35.728552800210331,14.869700800390785],[35.727899699845928,14.870105399797312],[35.727504099761191,14.870372200012437],[35.725514200252789,14.871714399991404],[35.707685999765495,14.883739600338567],[35.684185399993133,14.899590800133881],[35.660756100403162,14.91539400026711],[35.643130300230865,14.927282699996502],[35.611694300343842,14.948486299654157],[35.595593799998149,14.958183899818971],[35.572283699659899,14.972223900328745],[35.562527100053984,14.978100399656558],[35.555864600120529,14.982113300048306],[35.480644999848167,15.027419000383567],[35.477818299889648,15.029121499577501],[35.405244699863026,15.072833499638243],[35.271481199923429,15.153939900057232],[35.056931900157522,15.284171199936761],[34.936889999994527,15.357252900257437],[34.93688979967024,15.35725310035869],[34.861321300029672,15.403259400327519],[34.843774600111388,15.413941800199613],[34.80844469991176,15.435450700414046],[34.806212999980104,15.436809500134116],[34.805434800229214,15.437283199869874],[34.794741999790432,15.443792999770457],[34.781973700278186,15.451566400129721],[34.777432100272691,15.454331299986629],[34.776826200088252,15.454700199931768],[34.775790500057866,15.455330699790272],[34.773629500233945,15.456646400069237],[34.720092800079009,15.516296399876419],[34.693725599878221,15.540283199874363],[34.605301199713836,15.579959300231717],[34.604492200325126,15.580322300119784],[34.518920899808748,15.611877400067407],[34.515310799752278,15.613740900172621],[34.432128900212405,15.656677199635512],[34.380676299601504,15.68328859996676],[34.368041699946161,15.685471800032154],[34.2927246001261,15.698486300044427],[34.165527299823154,15.720275899879127]]]},"properties":{"adm0_ar":"السودان\u200E","adm0_en":"Sudan (the)","adm0_pcode":"SD","adm1_ar":"القضارف","adm1_en":"Gedaref","adm1_pcode":"SD12","adm1_ref":"","adm1alt1ar":"","adm1alt1en":"","adm1alt2ar":"","adm1alt2en":"","date_":"2020-03-11","shape_leng":10.885978399999999,"validon":"2020-08-31","objectid":6}},{"type":"Feature","id":7,"geometry":{"type":"Polygon","coordinates":[[[35.85599729981142,17.1203240001567],[35.78527719999871,17.151212800125258],[35.656921399966066,17.207275400047227],[35.657372700090072,17.187898600080974],[35.659728999944925,17.086730999983111],[35.661900599889165,16.898290699590863],[35.666088100179394,16.617405300025389],[35.671081499772221,16.415283200405373],[35.623290999994573,16.372680700430262],[35.623226800096177,16.372649500109581],[35.417724599744879,16.272888200302429],[35.417713100410928,16.272893000014346],[35.375488299825683,16.290710400158002],[35.333313000005823,16.308715799937122],[35.328125000169607,16.30950930024764],[35.259930900053781,16.310119199770924],[35.259887700071793,16.310119599814652],[34.982727099712072,16.297485399969339],[34.534484900215659,16.293884299603118],[34.405090300066504,16.291503900099602],[34.405084399931738,16.291496000209399],[34.405044800397356,16.291443699859045],[34.40502899992984,16.291422899912074],[34.404636499931051,16.290903899864528],[34.404522899878572,16.290753699692722],[34.404406799814602,16.290600199578506],[34.40396459962443,16.290015699863858],[34.403713899591601,16.289684300046293],[34.403647700043393,16.289596700280875],[34.403096800110504,16.288868399934376],[34.401625499812297,16.286923300343087],[34.401226900252745,16.286396300338573],[34.401014000428745,16.286114799943885],[34.400417699641451,16.285326500114827],[34.399594300258741,16.28423789986514],[34.399211800305736,16.283732299591943],[34.398650499678517,16.282990199915758],[34.39862050043962,16.282950500421911],[34.398427299771498,16.282695099865307],[34.398231800314548,16.282436699949116],[34.398041900056704,16.282185599806805],[34.39781240026457,16.281882299917125],[34.397588300245559,16.281585999618656],[34.397164500247364,16.281025699972975],[34.397085799743657,16.280921599838781],[34.396040999779409,16.279540400325086],[34.395853300394016,16.279292199835808],[34.393761699917391,16.276527000125771],[34.393124700057868,16.275684999933951],[34.39221910033509,16.274487699938625],[34.391786200403061,16.273915399777902],[34.391526500149382,16.273572000254237],[34.390680500052426,16.272453699992884],[34.389942599623552,16.271478100065426],[34.389566299842649,16.270980599597863],[34.389540800264982,16.270946900391792],[34.388871700007073,16.270062299983756],[34.388509899933119,16.269584000274076],[34.388363300268665,16.269390100108097],[34.386972799836975,16.267552000187393],[34.386493800161169,16.26691860020177],[34.384250800321496,16.263953299609867],[34.382001499698482,16.260979700413287],[34.381015300433454,16.259675900225119],[34.379856400055083,16.258143800042745],[34.378937899626614,16.256929499592751],[34.37817219993287,16.255917199805211],[34.374509599636262,16.251075199911281],[34.374067899807677,16.250491199998418],[34.369079599950744,16.243896499981943],[34.363187799733808,16.2361549998529],[34.362870900152743,16.235738599608702],[34.360648000117592,16.232817800394372],[34.358448500297229,16.229927699607632],[34.355406999679587,16.225931399761041],[34.355406999679587,16.225931299707231],[34.354133200284828,16.224257700017549],[34.348283999975351,16.216572000191956],[34.348083499597223,16.216308600115596],[34.344396800196421,16.211314700416409],[34.344009300220499,16.210789900024469],[34.34358770019643,16.210218799815046],[34.335793899723427,16.199661699779284],[34.329534700233431,16.191183200196839],[34.320931300297111,16.179529500316828],[34.312161500030889,16.16765029962205],[34.280625499686415,16.124933000106271],[34.28062500022309,16.124932300234185],[34.275258400037082,16.117663000278206],[34.247470199804056,16.080022300368789],[34.236919200229501,16.065730399607947],[34.236877399822696,16.065673800103664],[34.218198899901608,16.055213899605118],[34.215604400071072,16.053760899733692],[34.215628599786541,16.053725600073932],[34.233166100057907,16.028150100338365],[34.235683299858252,16.02364959978765],[34.237194400015106,16.020948000309751],[34.246655300280615,16.004492799805281],[34.258512000222318,15.983870800203164],[34.261742899837799,15.978251299759471],[34.308361400003555,15.897168699879582],[34.335583100160576,15.849561200204226],[34.352474499740289,15.787083800300509],[34.380676199888462,15.683289000402207],[34.380676299601504,15.68328859996676],[34.432128900212405,15.656677199635512],[34.515310799752278,15.613740900172621],[34.518920899808748,15.611877400067407],[34.604492200325126,15.580322300119784],[34.605301199713836,15.579959300231717],[34.693725599878221,15.540283199874363],[34.720092800079009,15.516296399876419],[34.773629500233945,15.456646400069237],[34.775790500057866,15.455330699790272],[34.776826200088252,15.454700199931768],[34.777432100272691,15.454331299986629],[34.781973700278186,15.451566400129721],[34.794741999790432,15.443792999770457],[34.805434800229214,15.437283199869874],[34.806212999980104,15.436809500134116],[34.80844469991176,15.435450700414046],[34.843774600111388,15.413941800199613],[34.861321300029672,15.403259400327519],[34.93688979967024,15.35725310035869],[34.936889999994527,15.357252900257437],[35.056931900157522,15.284171199936761],[35.271481199923429,15.153939900057232],[35.405244699863026,15.072833499638243],[35.477818299889648,15.029121499577501],[35.480644999848167,15.027419000383567],[35.555864600120529,14.982113300048306],[35.562527100053984,14.978100399656558],[35.572283699659899,14.972223900328745],[35.595593799998149,14.958183899818971],[35.611694300343842,14.948486299654157],[35.643130300230865,14.927282699996502],[35.660756100403162,14.91539400026711],[35.684185399993133,14.899590800133881],[35.707685999765495,14.883739600338567],[35.725514200252789,14.871714399991404],[35.727504099761191,14.870372200012437],[35.727899699845928,14.870105399797312],[35.728552800210331,14.869700800390785],[35.745117199551885,14.874328599794058],[35.764631500098183,14.873552700028002],[35.769362299675592,14.873364599879645],[35.788366599685624,14.872608999989136],[35.806518599713641,14.871887200005705],[35.816533499997995,14.870100000269893],[35.822832699670947,14.868975799914079],[35.823109399643073,14.868926499768845],[35.844482399852147,14.865112300363622],[35.860862799969027,14.862163399785006],[35.869796900304152,14.860555000432859],[35.880778899873938,14.858577899827608],[35.887878399650369,14.857299799869731],[35.900837799569651,14.854499300374403],[35.904067400221216,14.853801299758675],[35.911331200066485,14.852231600036815],[35.912783599811164,14.851917800431091],[35.915157399746107,14.851404799777111],[35.916656800244667,14.851025900228777],[35.916670300126775,14.851022499936505],[35.916627400182023,14.850797000351593],[35.916573800403981,14.850547200024517],[35.916485499604782,14.850136600409918],[35.916425500228684,14.849857200294629],[35.916347399799562,14.849493499600712],[35.916279300314471,14.849176700332],[35.916233300283771,14.848962499951604],[35.916155199854614,14.848599299639446],[35.91605650015773,14.848139800411253],[35.91585949961592,14.84722329979377],[35.915760799919035,14.846763900102488],[35.915549800031826,14.845781700260817],[35.915420299798782,14.845179200075249],[35.915155600420562,14.84394740042517],[35.915113899726762,14.843596399641276],[35.915148800173831,14.843339899576383],[35.915208699836953,14.842911199614209],[35.915250899994064,14.842609499837987],[35.915322800251118,14.842094300153311],[35.915376600353483,14.841709000211477],[35.915420299798782,14.841396599864334],[35.915451299760953,14.841174000068195],[35.915481800259734,14.840956100410436],[35.915533100350686,14.840588599604938],[35.915576499758693,14.840278299916051],[35.915620699565608,14.839961199717731],[35.915666399559051,14.83963390024546],[35.915779699574301,14.838823199757607],[35.915901099698445,14.837954000033466],[35.915955400162453,14.837564699987903],[35.916081900022391,14.836659599595688],[35.916235500257855,14.835559299901856],[35.916298500007038,14.835108199637222],[35.916408300185921,14.834321999876005],[35.916495900299182,14.833694799773458],[35.916622799909454,14.832786599568671],[35.916861599959738,14.831076500104896],[35.91702300026683,14.829920899723241],[35.917184599999956,14.828763800396077],[35.917236999628777,14.828388599630081],[35.917283400308158,14.828056199905104],[35.917385899878703,14.827322599730444],[35.917587199757442,14.825881599623083],[35.917631200138416,14.82556649998123],[35.917720100113833,14.824929600389128],[35.917825200307149,14.824176900113327],[35.917872599913096,14.823837900032805],[35.917952699992043,14.823264500239192],[35.91830310044503,14.820755300212648],[35.918382599551066,14.820186300412923],[35.918425099745441,14.819882000125439],[35.918592899650662,14.818680399651011],[35.918975599928018,14.815940599646739],[35.91941210030771,14.812815000218905],[35.919446500393157,14.812568999850107],[35.919648400346567,14.811123300426946],[35.919708900084323,14.810859399866441],[35.919911100074991,14.810510899590046],[35.920125400372534,14.810141399979488],[35.920265899577927,14.809899300359513],[35.920435700031227,14.809606499846549],[35.92259209958258,14.805889600113366],[35.922796300121355,14.805537700391898],[35.923396799634283,14.804502600220131],[35.923732200018669,14.803924400309677],[35.92435199983543,14.802831300032963],[35.924639599965232,14.802135000041616],[35.925006100024731,14.801247899887532],[35.925178299878176,14.800831100262252],[35.925746300140773,14.799455999659726],[35.925956799666359,14.798946599729247],[35.926298899686103,14.798118499852293],[35.926701900092269,14.797142899831607],[35.927000700417011,14.796419599931117],[35.927077400372582,14.796234000067392],[35.92733100016715,14.795620099778585],[35.927612700162214,14.794938099604227],[35.929908299954967,14.789381100202984],[35.93036240012772,14.788281799819524],[35.93242660019159,14.783284899854609],[35.932585799626224,14.782899499659081],[35.933269899952698,14.781243400099708],[35.934065200033338,14.779318399727376],[35.934276899708109,14.778544199645673],[35.934183200034099,14.778213499777609],[35.933936999662464,14.777398599988372],[35.933854500183429,14.777125699621552],[35.932498900198873,14.772639599730365],[35.931481199711797,14.769271799586527],[35.927746099981881,14.756911400371198],[35.923442499627754,14.742669400066204],[35.922779499828899,14.74047530006963],[35.922492199736432,14.739524600373779],[35.92189209997381,14.738667699755904],[35.921373799902668,14.737938799811859],[35.92102259994909,14.73744500025621],[35.920076900330344,14.73611500025851],[35.919869499992473,14.73582339997345],[35.919051399771668,14.734673000340985],[35.918549699668617,14.733967399769641],[35.917250200371861,14.732139999744144],[35.916179100431094,14.730633800398707],[35.915656299800347,14.729898600026466],[35.915530199690622,14.729721300289848],[35.915381700089377,14.729512499683109],[35.914674099835004,14.728517300110168],[35.914672899685748,14.728233500160325],[35.914672899685748,14.727424499988938],[35.914672899685748,14.726987300040305],[35.914672899685748,14.721897600358634],[35.914672899685748,14.720869699818529],[35.914672899685748,14.718742499715674],[35.914672899685748,14.718505899689971],[35.914374500009608,14.718060699830055],[35.913831599574436,14.717250600188471],[35.913637399979685,14.716960900025517],[35.913420100207397,14.716636600327934],[35.912979299592401,14.715978900043389],[35.912554199731979,14.715344600260677],[35.911116899768942,14.713200000379524],[35.910108600151325,14.711695500032747],[35.909798499918622,14.711232900253064],[35.908560599897534,14.709385800000796],[35.907459100069225,14.707742200375113],[35.907232200001495,14.707403599951094],[35.90705729981228,14.707142599823603],[35.905827700224442,14.705307999568459],[35.905650699774142,14.705043900206773],[35.904946799680424,14.703993600081004],[35.903566300192786,14.701933699766416],[35.903124700077278,14.70127480039824],[35.902298499747481,14.700042100356782],[35.899048699578444,14.695192899676631],[35.89841180033023,14.694242700354241],[35.895221400360967,14.689482199715185],[35.894264900297614,14.688055000190321],[35.89219899972295,14.684972599588214],[35.891713400124729,14.684247999830889],[35.891381000113455,14.683643100079594],[35.891203999663126,14.683183499691355],[35.890918000331148,14.682440600213067],[35.890553700245775,14.681494400136712],[35.890442799630705,14.681206300140346],[35.890056199766683,14.680202299936242],[35.889741500159744,14.679385000165949],[35.889591699797897,14.678995900218471],[35.889283200363053,14.678194600278616],[35.889017299937244,14.677504000317603],[35.888833400425575,14.677026400410066],[35.888433200068192,14.675987100212586],[35.888243999597947,14.675495499868799],[35.887792800085286,14.67432379997418],[35.88767880028243,14.674027600007364],[35.887217800150005,14.672830299631887],[35.88603889968018,14.669768399573417],[35.885435000043913,14.668199999680784],[35.883847400255775,14.664076699815642],[35.8831356003774,14.662227900087363],[35.882881299896901,14.661567600072368],[35.882719199802196,14.661014899799854],[35.882786600397957,14.660802300005306],[35.882917200168912,14.660436199946751],[35.883244699870353,14.659518299928717],[35.883383999824829,14.65912800010341],[35.883898500022362,14.657686100247103],[35.884207600430166,14.656819800071197],[35.884949500158676,14.65474029978474],[35.886218000391594,14.65118540025737],[35.886452299882308,14.650528699830556],[35.88698729963464,14.649029400129027],[35.887352199794577,14.647930500249561],[35.887446300117261,14.647366599986231],[35.887495700271415,14.647069599601188],[35.887596699655376,14.646462399975867],[35.887652500305876,14.646127400208465],[35.887820600248361,14.645116399973165],[35.888174099889063,14.642991299716147],[35.888554099830657,14.640706999893325],[35.888806999837676,14.639186600399444],[35.890178500002747,14.63094169962768],[35.892278400014298,14.618317200005853],[35.892453799666761,14.616690599672081],[35.892334300377776,14.616311900187085],[35.892181099892582,14.615833600203649],[35.892050100371357,14.615424699866253],[35.891125999845286,14.612540499573972],[35.89065989997696,14.611085599661878],[35.890597699728374,14.610891499854212],[35.889913900337497,14.608757099985294],[35.889555200349591,14.607637699980103],[35.888827500290802,14.605366400235955],[35.888621699852429,14.604723899915765],[35.888503500425678,14.604306299910046],[35.888558600390276,14.604061700434395],[35.88866839967077,14.603672999701933],[35.888818700394268,14.603141000177981],[35.888912799818556,14.602807799820663],[35.889032099681586,14.602385200317718],[35.889141400397158,14.601998300419758],[35.88929640020784,14.601449300248381],[35.889531899847782,14.600615499629171],[35.890098199599471,14.598610499931882],[35.890493000183739,14.59721229959235],[35.891036300369279,14.59528880042315],[35.891410899639375,14.593962199755348],[35.891675999666241,14.5930235002352],[35.892301899942133,14.590807399875853],[35.892821199838188,14.588968900354828],[35.893060299925764,14.588122199900901],[35.893705499607258,14.585837499996934],[35.894293899711577,14.583754200432404],[35.894495300201669,14.583105999981452],[35.896758200419811,14.580950100219964],[35.898714699667593,14.579086100025947],[35.898946100294886,14.578865699851974],[35.899752299634841,14.578097699881951],[35.900604499903864,14.577285799613417],[35.901729099909701,14.57621430006372],[35.903091100390704,14.574916800028412],[35.903496899947228,14.574481699656248],[35.903461100286528,14.57424889970382],[35.903400700261791,14.573856000104655],[35.903361600190692,14.573601899763371],[35.903311500248968,14.573276700246973],[35.90315829976381,14.572280599696237],[35.903082400207118,14.571787200430263],[35.901544499712095,14.561790699822563],[35.901192599970884,14.559503400217571],[35.900329600155523,14.553894000213823],[35.896358500424043,14.55086969982284],[35.895839499666991,14.550474499603936],[35.8928841995874,14.548223699602422],[35.891534799774945,14.547196099858265],[35.891087700173166,14.546840999568424],[35.890821600321431,14.546504400333241],[35.890511500088664,14.546110200074265],[35.890275800124464,14.545810699611037],[35.889207200195052,14.544452599909743],[35.883815200144383,14.537600300418159],[35.883362900195479,14.537025500108056],[35.882894600352998,14.536430500195559],[35.882323899754688,14.535704800149121],[35.882236700290036,14.535484700113191],[35.88212349998787,14.535199099998493],[35.88182869986106,14.534455500232202],[35.881703300437302,14.534138999572626],[35.881484099829834,14.53358589994048],[35.881261899747685,14.533025399735816],[35.881172800346242,14.532800599598515],[35.881021400084862,14.532418700234436],[35.880367800257176,14.530769700109369],[35.880130699819439,14.530171499810685],[35.879878300174035,14.529534799595506],[35.879371900085459,14.52825699962214],[35.879037999887593,14.527414600199716],[35.878577200079448,14.526252000262193],[35.878469299837427,14.525979800056103],[35.8783315000695,14.525632099889561],[35.878145099648044,14.525161999984304],[35.877949399866743,14.52466819973859],[35.877652699803136,14.523919499954125],[35.876986500205263,14.522238699865136],[35.87630799997627,14.520526899794191],[35.876101900398929,14.520007099642175],[35.875849100104986,14.51936939966051],[35.875659400171457,14.518858400030627],[35.875570599908947,14.518394200079991],[35.875532300236799,14.51819399995725],[35.875439400063399,14.517708399572648],[35.875339299892964,14.517185000339328],[35.875301499684134,14.516987600217201],[35.875156700243465,14.516230199798466],[35.874555500044636,14.513087700301304],[35.874400299909674,14.512276600216016],[35.874360400337956,14.511830499641997],[35.874461900083638,14.511599599935179],[35.874846600010763,14.510727199920533],[35.877351299753961,14.505047200433717],[35.87785500040512,14.503904999756239],[35.879485599850952,14.50020720021049],[35.879766300021053,14.499570599899576],[35.88206890038488,14.494349100295608],[35.888552599644164,14.485419599809349],[35.893125699973446,14.479092099583575],[35.893108400217677,14.478742400105487],[35.893041599696517,14.477397000084478],[35.892272899629802,14.461914099936719],[35.889636000216122,14.446213799591821],[35.889377800148992,14.44467699975516],[35.888476400050173,14.439310100135463],[35.888438299804015,14.43908339985537],[35.888365099684798,14.438647099926067],[35.888296000374829,14.438274599946133],[35.888094800209132,14.437881299824692],[35.887781299852982,14.437268199905803],[35.887379199558808,14.43648209998206],[35.887243299727679,14.436216500415284],[35.886174500372313,14.434126899748472],[35.882873499825308,14.427673299713975],[35.881635999554497,14.417547699803441],[35.88153079964821,14.416687000208515],[35.881125799592269,14.413746899695242],[35.880552100417518,14.409580799626928],[35.880509699936113,14.409273500096088],[35.880339300306531,14.408036200074296],[35.880276800020638,14.40758249984105],[35.880207500386355,14.407078700321799],[35.880114699925905,14.406463299569515],[35.880015899617668,14.406123999821761],[35.879939700023712,14.405870099570953],[35.879860400343738,14.405605799940476],[35.879601300164616,14.404742000285568],[35.877591399666471,14.398042400374102],[35.87702289994062,14.39614740003681],[35.875360800171002,14.390606799765868],[35.872838400023426,14.382198800381303],[35.871497800107512,14.377730400304806],[35.87089889959578,14.375733900402327],[35.870484999930298,14.374354199789149],[35.870145099884716,14.373221299658004],[35.86971150016506,14.371775899756381],[35.869308799796187,14.371344399609972],[35.868650199945691,14.370722900304438],[35.866645799831979,14.368831200434872],[35.866254299658152,14.368461700108663],[35.865212400353933,14.36747840010538],[35.864247299820036,14.366567600183044],[35.863746300402951,14.366094800421417],[35.862730599565687,14.365136300239069],[35.860837100067101,14.363349199871267],[35.860286399560273,14.362829499678536],[35.859931999807642,14.362495100108889],[35.85985309987791,14.362056199806501],[35.859529600374401,14.360095500373657],[35.859190199792067,14.358038400272692],[35.858990899563125,14.356830899675037],[35.858676400280508,14.354924899587706],[35.858519000171384,14.353970700315656],[35.858406600268061,14.353289599849585],[35.858306299773304,14.352681599743191],[35.858215599574031,14.352131999832912],[35.858059500225437,14.351186199945067],[35.857951599983373,14.350532000242296],[35.857894399757697,14.350245699590088],[35.857790199676273,14.350008400123134],[35.857563400219924,14.349493199686115],[35.857442399846086,14.349218400338668],[35.856178000422418,14.346346700182679],[35.855534800390799,14.344885899814035],[35.854919299910911,14.343487999633039],[35.854601899968195,14.342766999869035],[35.854422200080492,14.342358899724758],[35.854319500185625,14.342076000275501],[35.854604700016985,14.341363100399825],[35.855541500026185,14.339020999764138],[35.856022399638789,14.33781889977314],[35.856306899682565,14.33710759996281],[35.856568499873049,14.336453400059499],[35.856868900097354,14.335687099802389],[35.85696039979721,14.334893099895798],[35.857294800356662,14.331847399623655],[35.857558700234314,14.329443099737537],[35.858227900205257,14.323348399911019],[35.858261899642102,14.323038300218958],[35.858444200152604,14.321377700355621],[35.858754899561632,14.318547900272865],[35.85901160034058,14.316209500046829],[35.859112299687268,14.315291900025214],[35.859185100056244,14.314629599872978],[35.859268000183917,14.313873900003857],[35.859364400193641,14.312995900287387],[35.85941760022142,14.3125108997999],[35.859442000261211,14.31228939969105],[35.859487499930296,14.311875099693987],[35.85954880006696,14.31131650041163],[35.859603200243988,14.310820800334385],[35.859629500220542,14.310580799954694],[35.859636499893227,14.310053500315787],[35.859449299971189,14.309737299597797],[35.858936699710519,14.308888300069716],[35.858172800240652,14.307622999642954],[35.857888300196933,14.30715190001977],[35.857748100130536,14.306792300412116],[35.858037499585791,14.305518699658077],[35.859940000203558,14.297147900146086],[35.860421199853448,14.295030500284476],[35.860995899751437,14.292501900367416],[35.861216899684401,14.292031799739181],[35.861837499900076,14.291646899700266],[35.862731399964595,14.291092500001039],[35.865905800040252,14.289123499683392],[35.874827100280903,14.287594200152578],[35.878723099956403,14.286926300075267],[35.879752200064374,14.286526100375168],[35.885423100061324,14.284320700139252],[35.886827699551326,14.283774500326226],[35.887451099815792,14.283532099707475],[35.887719800290355,14.283203199587765],[35.887999099986914,14.282792699904197],[35.889282000213804,14.280907000074565],[35.889538300344164,14.280530400047647],[35.889995799741939,14.279857899862526],[35.890415300403227,14.279241199827384],[35.89113400024123,14.278184900106094],[35.893281399571741,14.275028499699934],[35.893858199730808,14.274180700261812],[35.894193699828207,14.273687699842384],[35.895628000316435,14.271579499900207],[35.897026099597099,14.269524499982182],[35.898166400357503,14.267848499965618],[35.899410199615097,14.266020300014004],[35.900162500037943,14.26491460040886],[35.900655599670458,14.264189699730657],[35.901216300223076,14.263365599661094],[35.901767999656478,14.262685200404114],[35.906273899714293,14.262207599743281],[35.913590799874285,14.261432099749488],[35.914916999796233,14.261291499796059],[35.92015059991288,14.259718199908505],[35.929466500413398,14.256917699761622],[35.935808999781408,14.255011100049904],[35.947169700328878,14.25159589975177],[35.951443400258754,14.250311199929108],[35.95471189975877,14.249328599811818],[35.95928120021437,14.248163300279048],[35.96124120019681,14.247663400250987],[35.964492199616764,14.246834300377937],[35.966538499850266,14.24631240031535],[35.972058700271781,14.244904600372717],[35.97232440037331,14.244836900374642],[35.972692999795562,14.244742800007643],[35.972900400133462,14.244689900042392],[35.974241999874316,14.244001999974826],[35.975596999784209,14.243307300250089],[35.976151500164697,14.243022999728469],[35.982036699560886,14.240005499573616],[35.984398600411581,14.238794500155258],[35.988669900043014,14.236604500119819],[35.989685099620345,14.236084000047738],[35.991919199850472,14.234678699761778],[35.996770300014113,14.231627399818269],[36.000003399603706,14.229593800418238],[36.001310999907652,14.228771299836493],[36.004142099814416,14.226990600370698],[36.004322200350792,14.22687730005649],[36.005755100365484,14.225975899799534],[36.010334499681584,14.223095499842989],[36.010995300404566,14.222679900309373],[36.01460719978656,14.220407999636276],[36.015655900235735,14.219748400366672],[36.018377700325189,14.218046599902575],[36.01888420012677,14.217805000317384],[36.021274999780125,14.216664599872098],[36.025742600165827,14.2145335996992],[36.032897899694433,14.211120600111428],[36.047485399946453,14.208923299953886],[36.047998300244451,14.208860399659992],[36.060913099708202,14.207275399658904],[36.061351899775026,14.207245600397101],[36.067769400384371,14.206810599873389],[36.075317400236052,14.206298799722804],[36.088820400378204,14.209175799654068],[36.091717000045499,14.209792900169553],[36.092349200206492,14.209927600098009],[36.0928726000135,14.210039100193535],[36.093078599877828,14.210083000418273],[36.098071700331651,14.211908500107919],[36.101069900356002,14.213004499781041],[36.110107400373522,14.216308600339913],[36.123289700162559,14.219522500375598],[36.135714800117171,14.222551899926069],[36.153134000350484,14.226798799787868],[36.154752900138057,14.227193500405612],[36.156357099894393,14.2275845997356],[36.156921399996278,14.227722200019567],[36.158674199965205,14.228311599856042],[36.164446800032053,14.230252600341258],[36.168573699973152,14.231640199781276],[36.169477000008804,14.231943900021905],[36.177700400003538,14.234709000433584],[36.18487550019767,14.237121599683402],[36.195556900117154,14.241462900348095],[36.205111800094045,14.24534650008842],[36.220667899817919,14.251669100346971],[36.222633700222154,14.252468100093816],[36.223654499896945,14.252882999643376],[36.224224100059047,14.253114500325628],[36.224759600172987,14.253320700201074],[36.226561299934346,14.253821099641204],[36.229539599580164,14.254648500433753],[36.237605700077019,14.256888999711286],[36.238808999688331,14.257223299697271],[36.240180899603686,14.25760439987527],[36.245936700276481,14.2592031998725],[36.250650500135379,14.260512600305974],[36.255008400055203,14.261723100071697],[36.258854899863508,14.262791599577898],[36.264648599559848,14.264400899891495],[36.267763600334,14.265266199822126],[36.272427199639914,14.266561699683106],[36.277585999737774,14.267994699915608],[36.280291299572106,14.268746099943492],[36.286799300056437,14.270553899747636],[36.287906000232013,14.270861299865212],[36.289096700073074,14.271192100236449],[36.289528200429956,14.271309100082387],[36.290774900347543,14.271563799650847],[36.292624200039199,14.271941500300787],[36.292843099711014,14.271986299997252],[36.296694300403232,14.27277290021595],[36.301280700290242,14.273709799602132],[36.304887499936406,14.274446499966988],[36.305092599688813,14.274488400132659],[36.312834100245979,14.27606980030653],[36.315971499613426,14.276710699607564],[36.319378200428297,14.277406500399898],[36.32097550022489,14.277732799897624],[36.322667300094452,14.278078400252589],[36.322920599851713,14.278130099707068],[36.323823699563071,14.278314599612063],[36.327332500198182,14.279031300272822],[36.328021100186021,14.279171999715974],[36.329528800219485,14.279480000073962],[36.330801200039069,14.279513199787774],[36.331490300388488,14.279531200375269],[36.334677099910046,14.279614499975159],[36.335123799761448,14.279626100193909],[36.337412000131245,14.279685899856362],[36.33931400038739,14.279735600135883],[36.341118500197496,14.279782700042011],[36.342718999793121,14.279824499970823],[36.344873900056257,14.27988079993146],[36.345837399792323,14.27990600001589],[36.347889200410322,14.279788399597541],[36.34978600031927,14.279675899730425],[36.351713899903331,14.279561500243757],[36.353096900300685,14.27947550014375],[36.355145399609974,14.278390499857434],[36.358266599657895,14.276737400041847],[36.359278600334449,14.276201399752244],[36.365193000367263,14.273068899595755],[36.36853030003828,14.271301299572153],[36.369786799677307,14.270642999961987],[36.37551630037354,14.26764119987215],[36.377190300125676,14.266764200225261],[36.381899600323386,14.264296900034857],[36.383557399857708,14.263428400325306],[36.38697279995781,14.261639099963404],[36.38933960022004,14.260399100029874],[36.391078499658249,14.259487999774105],[36.397380999741564,14.256186199952095],[36.397888200229048,14.255920399603863],[36.398658699621286,14.25540489984464],[36.405380800078909,14.250907199695034],[36.406766899664007,14.249979700236807],[36.410360200326366,14.247575500334923],[36.412186699877751,14.246353400194028],[36.414391499758253,14.244878200040203],[36.41467289971596,14.244689900042392],[36.41619839986685,14.243562399756939],[36.416565500000978,14.243290999860516],[36.416733099581812,14.243167200100229],[36.418485499800433,14.241871900201117],[36.419202100275655,14.241342300309162],[36.419911899605822,14.2408176004034],[36.42057349982943,14.240328600224755],[36.421691899663195,14.239502000224261],[36.422097100043452,14.239359700025698],[36.422993500119397,14.239044900276653],[36.425502100347494,14.238164000058621],[36.426362999901698,14.237861699595362],[36.42800569965447,14.237284899673252],[36.428417899707412,14.23714009996867],[36.429038400210146,14.236922300307983],[36.429693699650343,14.236690800430306],[36.433583200014674,14.234490700368012],[36.435730000168917,14.233276400007391],[36.440725500022822,14.231982600261459],[36.444564000333571,14.230988400366918],[36.445009199998488,14.230873100206095],[36.447045599899276,14.230345700158983],[36.447890099809577,14.230126999684691],[36.448900000225052,14.229865399634882],[36.449366400130671,14.229744600095465],[36.449689100133625,14.229661100086256],[36.450183399915296,14.229533000037266],[36.450624499669217,14.229418799767059],[36.451485199797482,14.22919589961422],[36.452754600142285,14.228860400009408],[36.452973799851399,14.228777800036015],[36.454173799950674,14.228325700049332],[36.454894699762775,14.228053999715437],[36.455999800038818,14.227637600362417],[36.457135699952644,14.227209599940128],[36.458629099705156,14.226646799972235],[36.459200500091072,14.226431499741464],[36.461055699917495,14.22573250010211],[36.461559399670392,14.225624900081485],[36.461777199804224,14.225583699645666],[36.463750899993101,14.225210000073492],[36.465785300243979,14.224824899736296],[36.473693399658778,14.223327699824374],[36.49707019990695,14.219909699643905],[36.520690899941322,14.218078599989759],[36.546508800108754,14.220703100266974],[36.546994900068583,14.220897600237755],[36.555793699748847,14.245827399805931],[36.558213300288571,14.252682900114504],[36.558447700390573,14.253347100416493],[36.558561199831779,14.25354570007735],[36.5603511999349,14.256678099851628],[36.557038300303653,14.260965099868402],[36.544891699646705,14.273956600273459],[36.525405999662432,14.330609699883032],[36.52418330003426,14.334248599661272],[36.523383699718423,14.338113700319164],[36.521710300040844,14.344322699592087],[36.521328199838145,14.348049500251616],[36.521328199838145,14.357567100219629],[36.50495350043002,14.524476399597717],[36.501114000294393,14.56817740005545],[36.490330600267612,14.682868000390707],[36.470701900168223,14.877795599715162],[36.458877299726559,14.995222000193845],[36.458734700260081,14.996734400162143],[36.453755099688301,15.029793400038999],[36.452799499736813,15.042376200341803],[36.438108100339065,15.13367250020071],[36.43281220026082,15.166584099875017],[36.492345499890334,15.213221400319124],[36.504242800089663,15.221311700075796],[36.534200500005781,15.228793899950077],[36.534653000278972,15.228925799856913],[36.547362699990323,15.260023600032792],[36.548985599975872,15.264142000308599],[36.549928500444196,15.264141899780133],[36.59747069958906,15.383115000234202],[36.60984399998938,15.414047999921513],[36.626024300376699,15.451643500290668],[36.632210800109128,15.460685500094506],[36.638873300042526,15.476865700385684],[36.638215300266623,15.485859100227245],[36.638373599589343,15.486250299873392],[36.638143900371183,15.486834999933215],[36.637445700087973,15.496377300402425],[36.636969799599889,15.500184500023021],[36.631735000232318,15.508750499761915],[36.640776999911175,15.533497000177741],[36.640776999911175,15.534924599927628],[36.646011699565697,15.549677199756118],[36.664095699821708,15.602025299760944],[36.684419400405282,15.666888300047423],[36.686462599654369,15.67340920014275],[36.706220499949573,15.737521500306132],[36.710456900032234,15.75014900021997],[36.717871500064213,15.761925199796506],[36.729768800263543,15.780484999759278],[36.746425000240578,15.804755500226948],[36.747821499621722,15.807827899607682],[36.755379000055875,15.81927209972449],[36.756135299778428,15.820339800163616],[36.756263800186524,15.820521200356479],[36.75640210031613,15.820716300194531],[36.764984800373298,15.832833099993701],[36.768316100196536,15.83616430023158],[36.786399999841194,15.889464300113509],[36.819236500205591,15.979408000105694],[36.826797999939394,16.005981199989876],[36.834313799679791,16.032393899855041],[36.849073799822541,16.072300799685468],[36.853063700394607,16.08317740033382],[36.853071799605232,16.084580100223818],[36.85706480026338,16.096226300421687],[36.860522899983877,16.10633299980439],[36.895680199681436,16.21928080023762],[36.897805699881893,16.226871799970496],[36.899184100006714,16.228699200329682],[36.908707900308386,16.23948070027107],[36.923979800025911,16.256377199910922],[36.927193999960274,16.261466499972638],[36.929690400168525,16.265419200284306],[36.932365900189907,16.267683099827273],[36.935876999613896,16.270653900128849],[36.945261499961099,16.275655400117952],[36.956340399902217,16.283503099580457],[36.961933300081398,16.286740800086292],[36.963907700057845,16.287786100058586],[36.962480100103235,16.294448600342225],[36.961315299590083,16.294774699733505],[36.96093219956245,16.294835599944303],[36.956769299636306,16.295876199874982],[36.951045699973228,16.295494699890646],[36.94939680004839,16.295634499697115],[36.94936469965004,16.305528500126847],[36.95010679970288,16.30824950023484],[36.947727500281836,16.317291299912696],[36.942196099665345,16.321900899669657],[36.942196099665345,16.334636099665186],[36.940456600152508,16.336027700063319],[36.939161299581457,16.337754699959884],[36.934878300291693,16.344893100258549],[36.934230899737777,16.34705120006879],[36.934230899737777,16.356938699790302],[36.95095779982271,16.365700399837916],[36.951665700114347,16.369770700029328],[36.952486300346635,16.370591299599813],[36.952486300346635,16.374489500321214],[36.954143899556634,16.384020300403126],[36.961312500439661,16.411101900291293],[36.96197370001466,16.415729900200663],[36.963431799569761,16.419132299838346],[36.966763100291324,16.434360799604764],[36.962480100103235,16.437692099597761],[36.95486580009203,16.44007160017906],[36.945823800413173,16.442926999950679],[36.939637200069512,16.447685799694344],[36.934402500414983,16.451968800020008],[36.928215800358267,16.460059099651343],[36.92345700029346,16.470528699659432],[36.920125699571962,16.478142999936988],[36.912035499970948,16.48147420009963],[36.906324800115293,16.482901800270369],[36.903945300369934,16.48861259960033],[36.900614100259737,16.499558100173797],[36.895379200280864,16.515738500046254],[36.890144499727974,16.532394599626173],[36.888240799859354,16.551430299847041],[36.888911400303776,16.561152399781971],[36.889082799758299,16.562009399705033],[36.896968700005829,16.586543199710686],[36.897724800302363,16.590461299648684],[36.898710500104066,16.593308800178043],[36.902993600005104,16.614248100098468],[36.903469499594856,16.614248100098468],[36.905373000037493,16.622338200349912],[36.906305400098447,16.634924300211857],[36.906606899860599,16.636487000173744],[36.896968700005829,16.651382499941874],[36.896968700005829,16.656029399856475],[36.896968700005829,16.667154200087271],[36.907483100419078,16.67766870041816],[36.938150400239408,16.678544900045374],[36.958303100220441,16.68467840014284],[36.962065199714544,16.690590100122407],[36.962480100103235,16.690866700254119],[36.963190300082076,16.692358199931437],[36.970569999666978,16.703954899595175],[36.988094200380594,16.720602899867227],[36.989181699965201,16.724735300290632],[36.993413100025087,16.731317600028326],[36.992937200435271,16.737504199620037],[36.989130099836999,16.743690799623543],[36.988553100251877,16.744223500292481],[36.984589399943388,16.75127009986608],[36.989846599700847,16.764413199748649],[37.000361099827103,16.774927699784513],[37.016132799710853,16.779308699842431],[37.016132799710853,16.78925330004331],[37.017207700423647,16.790328199853956],[37.019656700127577,16.791688800231217],[37.021687599643805,16.792764000157614],[37.024822000434874,16.793659499796295],[37.026762400076144,16.79545059992094],[37.031028299934427,16.797709100252479],[37.030155099748988,16.79858229961221],[37.031008599880245,16.799370199816426],[37.02862910013485,16.803177299618827],[37.021966600201395,16.806984500180345],[37.01833420036634,16.810403199739866],[37.013002400016092,16.815734999964366],[37.009117499924294,16.820785300135967],[37.00765019982402,16.822519400286581],[37.003865900264309,16.835386000096609],[37.008129500435487,16.847367500033084],[37.009919399927277,16.852445700241141],[37.013504199832092,16.862548400250382],[37.013504199832092,16.863777600183841],[37.013876500313387,16.865043300133383],[37.013504199832092,16.868269599640755],[37.013504199832092,16.877443899678397],[36.998608699608489,16.923006700289587],[37.002572099879707,16.929351300172385],[37.005310299613008,16.931668200178407],[37.005780099641974,16.934486399742219],[37.006282799569895,16.935291199997852],[37.0059975000256,16.935790599637617],[37.00626220030216,16.937379000002728],[37.005310299613008,16.942137800275844],[37.00102730032328,16.944993200011787],[36.999584599688752,16.947013099998237],[36.987702199845089,16.963553099574025],[36.982943200354327,16.971643099761529],[36.983466300124043,16.979733300351153],[36.989130200448301,16.993534099827247],[37.003882699658462,17.006859099822659],[37.015304199980946,17.013521599642075],[37.017890800026912,17.026954099855981],[37.018159499603151,17.030177800106781],[37.017890800026912,17.032953899802969],[37.017890800026912,17.044406500373782],[37.016082200305817,17.047420800167863],[37.015887300025156,17.048168000278569],[37.014247400321139,17.054610400261961],[37.013921199583628,17.055891900353714],[37.00835400020474,17.064452099873822],[37.005432500136031,17.069483599677451],[37.003236100401786,17.073266200003285],[37.001525900340248,17.071716300204006],[37.00064990010609,17.071458199865123],[36.763305699986972,17.001525899797798],[36.762329100119139,17.0017089998024],[36.640141599951157,17.007897600160785],[36.61654860036694,17.009092599931435],[36.616516100218256,17.009094200288384],[36.582057200229897,17.010851400372122],[36.545898400263155,17.012695299680544],[36.4830422000583,17.01584070032338],[36.477891299745039,17.016098399882821],[36.470275900195865,17.016479500428023],[36.428893999621486,17.020874000210316],[36.419059299586493,17.021968200410484],[36.379370799679471,17.026383800075433],[36.335083000077908,17.031311000114222],[36.285278299566876,17.031311000114222],[36.231079099974714,17.03149410019363],[36.170471799744341,17.038329999952975],[36.083129900040014,17.021118200198057],[35.85599729981142,17.1203240001567]]]},"properties":{"adm0_ar":"السودان\u200E","adm0_en":"Sudan (the)","adm0_pcode":"SD","adm1_ar":"كسلا","adm1_en":"Kassala","adm1_pcode":"SD11","adm1_ref":"","adm1alt1ar":"","adm1alt1en":"","adm1alt2ar":"","adm1alt2en":"","date_":"2020-03-11","shape_leng":10.573733130000001,"validon":"2020-08-31","objectid":7}},{"type":"Feature","id":8,"geometry":{"type":"Polygon","coordinates":[[[32.683797299761366,16.335585400295834],[32.666731399742737,16.338187100329357],[32.664672900387728,16.338500999704134],[32.664226699999546,16.338562800071255],[32.660145400338862,16.339128300409076],[32.636991499960516,16.342336299955313],[32.634277299618333,16.342712400317716],[32.621118199719817,16.344660799645329],[32.621118100006832,16.344660799645329],[32.60748290019427,16.346679699943675],[32.571289100067382,16.352111800231235],[32.562861000070598,16.353218500248623],[32.548869699994526,16.355055800423305],[32.541076699920431,16.356079100291584],[32.486083100359622,16.361293499947102],[32.485717799551011,16.361328099841298],[32.475966800042606,16.362496299925553],[32.444575399712818,16.366256899903806],[32.415375399992755,16.369754999656521],[32.388916000304441,16.372924799672777],[32.376350100208832,16.374356900153916],[32.351632700044732,16.377174000404764],[32.350848999909417,16.377263300187508],[32.331892899904283,16.379423800001963],[32.330379200023003,16.37959629982943],[32.322509800030588,16.380493200115971],[32.316331200082836,16.381208800275704],[32.312424099925437,16.381661300063097],[32.296486500073364,16.383507199833485],[32.290919400407489,16.384151900299781],[32.28046030028316,16.385363299990424],[32.279381899733984,16.38548819997083],[32.27935130042048,16.385491699864957],[32.279305199778406,16.385497100095392],[32.279296900243487,16.385497999846503],[32.279228199785535,16.385506100191964],[32.279211599817401,16.385507999666444],[32.279179200280055,16.385511800339039],[32.277740899593823,16.385680400169417],[32.272214000435184,16.386327900416063],[32.258206200104034,16.387969199749236],[32.256896999900555,16.388122600138178],[32.25370720000592,16.388509399618254],[32.243317800164455,16.38976949991704],[32.213336600320496,16.393405900175981],[32.182922399933169,16.397094700253572],[32.174316400272488,16.400085400355376],[32.095410800386894,16.462944299635662],[32.023039299739601,16.520597900055904],[32.009126000379673,16.531681699632589],[31.989430600370426,16.547371699937479],[31.953125000414847,16.576293900394823],[31.935497000268455,16.590364399800102],[31.906133499980182,16.613802099987026],[31.885681200173753,16.630127000102963],[31.881861000342006,16.628047299731918],[31.786180100042397,16.575959699638318],[31.729061400031362,16.544864800403019],[31.69893400027323,16.5284638003134],[31.697874599990659,16.527887099839855],[31.704878599869229,16.512265499914385],[31.710022199574244,16.500793399917828],[31.716244899615905,16.486914699987661],[31.728690700347901,16.459155900015258],[31.740746100443992,16.432267999947669],[31.741638500321923,16.430277799897208],[31.767026800069406,16.373652599985725],[31.767203799621399,16.373257400397666],[31.783041799664659,16.337893199798607],[31.811428400047799,16.274509800335185],[31.824291099920021,16.245789000067386],[31.858743300272955,16.168861700107755],[31.871488999969312,16.140402200383367],[31.901902199633408,16.072493500151385],[31.915076100174574,16.043077999601987],[31.947405600375735,15.970890499777051],[31.958752400392481,15.945554500197391],[31.967652900142703,15.925680799866901],[31.977231900121993,15.904292199715428],[31.994443799730444,15.874079799806555],[31.994640500234919,15.873488599974753],[32.005430100433799,15.841059799828864],[32.005873700199217,15.840496099774441],[32.031581100400246,15.807825999784651],[32.08245259971855,15.743176099906389],[32.099851499823082,15.721064699685718],[32.100727299732917,15.719137900247452],[32.110837799628072,15.696894799645897],[32.111602399783841,15.695185300175583],[32.123554599623418,15.668460999863363],[32.139671000149704,15.632425800121839],[32.167505699876749,15.570189300012748],[32.184213599695042,15.532831799970454],[32.184762899728362,15.531603500119823],[32.210392699861934,15.474297000250294],[32.223630800301429,15.444697500249145],[32.233640599951592,15.437068099993372],[32.261149799627034,15.380546299613625],[32.279722699891558,15.342385300042055],[32.316278399805405,15.267276099691786],[32.317624999569141,15.264460699622639],[32.327492300364099,15.244916999835993],[32.330817600339486,15.238330799658499],[32.34437140021096,15.211485600037189],[32.348395900294491,15.203514400004442],[32.355466800407271,15.189509500143561],[32.35523569981725,15.188872299697767],[32.355712900167504,15.187927199947458],[32.386474600347746,15.186523399627371],[32.435302700092606,15.184081999739899],[32.435119600081492,15.187072799810647],[32.434326199937779,15.19232179984537],[32.436096199949397,15.196106000124976],[32.43951419977396,15.19891360002071],[32.442321799752783,15.206481899852999],[32.441894499918234,15.211731000217176],[32.442687999775025,15.217102100283142],[32.443298299907688,15.222717299666824],[32.448120099721699,15.226074199822271],[32.451293899722728,15.229492200384609],[32.455688500313464,15.228515599664579],[32.460510300127481,15.225097700259489],[32.467529300074652,15.222717299666824],[32.473693800065696,15.223327600038823],[32.482377900155598,15.22525740028421],[32.482482899737526,15.225280800014989],[32.508363000153658,15.211263699679717],[32.509092999899615,15.210868300258387],[32.533081100105385,15.197875999596267],[32.539672899931013,15.194274899681087],[32.54089359990931,15.197509799976389],[32.569702100353844,15.193908699877984],[32.577087400036262,15.193115199772114],[32.615478500009353,15.194274899681087],[32.630127000360709,15.182678199857699],[32.630171399593614,15.182681200407094],[32.674926800148377,15.185730000059612],[32.669677699601444,15.230895999694896],[32.661315899764197,15.231506299756154],[32.661315899764197,15.237670899743874],[32.668701200344913,15.238525399814399],[32.664306599754184,15.276916499898832],[32.701293899737855,15.291687000123183],[32.70770259955237,15.294311500097404],[32.677917500138356,15.375122100279718],[32.713684100143638,15.387512199797643],[32.706909200306953,15.408691400218201],[32.722473100102498,15.413879400303369],[32.748718300104578,15.409912100195008],[32.752929700072919,15.402526899914459],[32.754516600073416,15.392883300276266],[32.756286600085105,15.387329099835521],[32.760925299887994,15.385070800030116],[32.773681599704673,15.381713899850306],[32.777526900262089,15.376708999711955],[32.780090300417484,15.36968989995062],[32.780700700263154,15.365112299689185],[32.781127900384725,15.361084000151939],[32.781677200418045,15.358276400281598],[32.782287600263686,15.355285599858179],[32.785095200242608,15.35168460027133],[32.791320800046009,15.348510700383455],[32.798522900004293,15.345275899768161],[32.808288600442303,15.343322800303426],[32.813476600278484,15.342285199794496],[32.823913600050254,15.33990480023102],[32.832519499998028,15.33770749990726],[32.845092800414889,15.334716799852059],[32.850524900361563,15.332885700249616],[32.855712900197709,15.330322300016483],[32.858276400066153,15.329101599951688],[32.861877400188789,15.327880899688695],[32.871704099827902,15.323913599947359],[32.875488299674608,15.320678700076913],[32.87969969964292,15.317077600391585],[32.882507299621842,15.315124499925446],[32.889282200356895,15.311279299895082],[32.892883300192473,15.310302700186174],[32.896301300017072,15.309509299839229],[32.900878900007555,15.306884799694366],[32.903930699809912,15.30291750036257],[32.907104499811012,15.298278800425287],[32.91210939963608,15.290893600303638],[32.914672900402778,15.287292500428277],[32.926513700163966,15.27368160030063],[32.938720699947353,15.265686000332121],[32.951477100375371,15.264709500159436],[32.963317900136559,15.26629639956988],[32.978271499799469,15.269897500299995],[33.001709000109642,15.274108900158641],[33.021816699884845,15.276903300272156],[33.021911599708112,15.276916499898832],[33.040893599939523,15.283691400212764],[33.059081999702876,15.287475599706186],[33.074890100220209,15.290283199855143],[33.114929200006252,15.279296900159943],[33.148681600176445,15.225524900414653],[33.168884300386253,15.214111299604463],[33.184875500016339,15.218078599652406],[33.197692899645432,15.216918899799614],[33.206726100326051,15.217895499701861],[33.21270750030601,15.229675299784486],[33.215087900163297,15.280517600341959],[33.214477500317635,15.293518099816895],[33.260681199807692,15.319091800054174],[33.267883299765977,15.322326700212637],[33.308898899706882,15.390319799859732],[33.369323700000798,15.381286599891473],[33.379089400438772,15.383911100384466],[33.418518100379167,15.40130619988329],[33.485900899622564,15.437500000161439],[33.527893100329592,15.467895500386899],[33.53167719956506,15.466918900112299],[33.569274699968382,15.455505400141213],[33.568725600259384,15.485467200351593],[33.569702100414275,15.499084500053366],[33.573486300260974,15.523498499780496],[33.575500500096126,15.540100099908946],[33.579284699942896,15.552123999839484],[33.586486799901188,15.564514200032473],[33.599304200428513,15.582519499909543],[33.611084000090351,15.605896000334088],[33.617309599893744,15.625671399838293],[33.620117199872681,15.645874000351911],[33.622497599729932,15.652526899863517],[33.627319299830972,15.658691399856314],[33.635925300389978,15.6649169999395],[33.644897500072965,15.669128400309591],[33.651916500020135,15.673889199720616],[33.655090300021236,15.676330599935572],[33.660705599691973,15.680480999958434],[33.665100099671399,15.686096200266245],[33.667724599639143,15.688720700385982],[33.67529300023098,15.690673800130035],[33.679687500210406,15.691528300305304],[33.684509300024352,15.690307599622667],[33.688476599882236,15.689086900282913],[33.691528299971587,15.688476600196985],[33.698486299819457,15.687500000198343],[33.704284700399569,15.686706499689587],[33.708679200379002,15.687072800065977],[33.714477500347847,15.687683100027327],[33.720275900029698,15.690490700390971],[33.72747799998799,15.69549560035672],[33.729675299834255,15.697692900223483],[33.734313999637116,15.700073200252174],[33.738098200382183,15.701476999962003],[33.742675800372666,15.70227050007137],[33.747680700197797,15.704284700092064],[33.75872800010216,15.709106399745385],[33.762878399971164,15.709472699654844],[33.776122999721728,15.712707500034625],[33.79907229981103,15.718078599715325],[33.799499499932566,15.714904800224661],[33.833923300047836,15.723693800174759],[33.924316400378189,15.746887199674834],[33.986694299796483,15.762878400272506],[34.027893100359812,15.750305200016838],[34.062072800364597,15.739929200031089],[34.083679199952478,15.733276399929107],[34.093078599757035,15.732116699892352],[34.104675300306063,15.730529800360511],[34.112304700098868,15.729309099922473],[34.131896999564674,15.72589110024864],[34.165527299823154,15.720275899879127],[34.2927246001261,15.698486300044427],[34.368041699946161,15.685471800032154],[34.380676299601504,15.68328859996676],[34.380676199888462,15.683289000402207],[34.335510299791601,15.849487300407805],[34.308288599634686,15.897094700043127],[34.261669999755874,15.978177399774468],[34.237121599646201,16.020874000414786],[34.235610500387644,16.023575600031165],[34.233093299689003,16.028076199815047],[34.2155151003453,16.053710900081704],[34.183951699588064,16.047289399782962],[34.073913600125778,16.024902299618951],[34.017700199800238,16.013305700040924],[33.999041399933297,16.009395100287403],[33.987121599631067,16.006897000075345],[33.978743899613264,16.005243899732932],[33.968872100055378,16.003295900052496],[33.880754300287329,15.996851299771809],[33.870709699903074,15.996116699768042],[33.842362699952623,15.994043500343391],[33.665100099671399,15.981079099907294],[33.585229700187504,16.015111499723972],[33.531311000441185,16.038085899913945],[33.510498000098714,16.054687500182709],[33.457709200418414,16.096331099601372],[33.435913099998743,16.11352540026288],[33.35830689969692,16.141113299824287],[33.334460499744111,16.149590299861341],[33.31749930016845,16.155619800276632],[33.304073099694961,16.160392600237049],[33.287412199732309,16.166315300004797],[33.285199299742871,16.167101999764235],[33.2818877996868,16.168279200223502],[33.280700700293366,16.168701200051803],[33.280658999599609,16.168726699609781],[33.278565299760125,16.170010799774953],[33.276122999691516,16.171508800254283],[33.265478300442943,16.173379699986615],[33.255520300347044,16.175129899840954],[33.225672900073029,16.180375900304238],[33.065368599605669,16.208550999655003],[33.018419199615103,16.216802799836589],[32.901661700031013,16.237324099962912],[32.827104399769759,16.250428299861419],[32.806274399708954,16.254089400333381],[32.791634600439387,16.264544099778309],[32.789289899631484,16.266218600134447],[32.788476900044799,16.266799099571674],[32.778327800440159,16.27404689959717],[32.735297099653955,16.304776499707629],[32.728933900406929,16.309320599629146],[32.717236000149491,16.31767449980655],[32.714537099913237,16.319601899923395],[32.709801700063295,16.322983499870009],[32.709121200184491,16.323469499768056],[32.704882900164932,16.326496199948995],[32.704109899862935,16.327048200396657],[32.70374950026256,16.327305600068083],[32.702837700367681,16.327956800060196],[32.702377300309848,16.328285599726932],[32.697008400436701,16.332119700401801],[32.696216000117857,16.332685600410667],[32.69526149970428,16.333367200304473],[32.693122999983323,16.334894299679483],[32.693115199911723,16.334899899582588],[32.691615099625501,16.334899899582588],[32.690614600079485,16.334899899582588],[32.68829349981069,16.334899899582588],[32.683797299761366,16.335585400295834]]]},"properties":{"adm0_ar":"السودان\u200E","adm0_en":"Sudan (the)","adm0_pcode":"SD","adm1_ar":"الخرطوم","adm1_en":"Khartoum","adm1_pcode":"SD01","adm1_ref":"","adm1alt1ar":"","adm1alt1en":"","adm1alt2ar":"","adm1alt2en":"","date_":"2020-03-11","shape_leng":7.4083494399999994,"validon":"2020-08-31","objectid":8}},{"type":"Feature","id":9,"geometry":{"type":"Polygon","coordinates":[[[27.492575999861884,16.530656400392054],[27.494904699877988,18.715319099853687],[27.495979400266489,19.723541500232095],[27.495985899577555,19.729639999815472],[27.496282899678452,20.008331899610788],[25.003715899751366,20.02053179968815],[25.002864599594272,20.020535999581856],[25.002864599594272,20.020535000250252],[25.0029135002851,20.007047400396878],[24.000148599866176,20.006587299739092],[24.000727399675114,19.608450300033876],[24.000790100285325,19.565384900026348],[24.001505600324272,19.073249399760336],[24.002115300382332,18.653899399789893],[24.00299319965502,18.050082199710225],[24.000148599866176,16.8193324998253],[24.002584399725361,16.763266299768805],[24.003076999894585,16.500745799984827],[24.003352300291532,16.354016799586361],[24.003562700104105,16.293538900161057],[24.000599999703223,16.067836599810082],[23.999685600083907,15.991886500293885],[23.998962500297683,15.972568099596819],[23.999083900421759,15.941908799633927],[23.999318100199471,15.882761099761106],[23.99970159997741,15.785951199879687],[23.99980089974893,15.776977800366399],[23.999795299651488,15.738070300390136],[23.998846799983987,15.713856199604228],[23.992355599792077,15.71330470020003],[23.979411299654412,15.711962599746942],[23.96604679996619,15.711956199732652],[23.948889199923425,15.714848999574317],[23.934568299884763,15.717777399705399],[23.915546799832011,15.722956200131007],[23.897446799682534,15.727256200290066],[23.878207900144456,15.728873900118741],[23.868946799571169,15.730056199582027],[23.86134679984097,15.73345619971605],[23.84825900012487,15.741189900022977],[23.832746800170547,15.748156199858675],[23.815646800103735,15.752456199689856],[23.783689799809824,15.753353100339567],[23.771019899957114,15.752675499729303],[23.75094679969342,15.751456199748432],[23.733051000082718,15.752832699627136],[23.724816000142766,15.753336199646773],[23.721487300043965,15.754589499613555],[23.71954100026792,15.755288700201854],[23.712718799639973,15.75768590032766],[23.700378000286538,15.760564199701077],[23.676506199570728,15.763359899860404],[23.64743470025887,15.764153699771986],[23.643223199679188,15.764269100393111],[23.623654000390975,15.764952299877669],[23.617613699674461,15.765222799930468],[23.603346800062482,15.765756199813767],[23.592629100120682,15.76456530026493],[23.581946800089238,15.763356199666049],[23.572779000338024,15.761797000086847],[23.567246800220918,15.760856199846858],[23.562946800314485,15.760056200353182],[23.560492000188688,15.759526100167214],[23.545346799757159,15.756256199696333],[23.541507899696164,15.755125299805341],[23.52910610024346,15.75137529992514],[23.512176300380215,15.745790100417382],[23.503556499901794,15.742453399618457],[23.498878000240229,15.740579300413248],[23.479646800162506,15.731956199974322],[23.469646800233747,15.726756199912936],[23.464446799803639,15.723156199840638],[23.451246799610267,15.717856200372308],[23.449604600219178,15.716228400239752],[23.446368299932161,15.714097100124365],[23.442546800238176,15.711556199731159],[23.438726199757852,15.710380600177427],[23.427346799879405,15.706756199844694],[23.419420399985601,15.705250100375837],[23.405046800280886,15.702556200034175],[23.40180140006003,15.702359500025489],[23.398321700348525,15.702180500379324],[23.394946799894704,15.701956200160335],[23.388295599869199,15.700740699671346],[23.383046800258001,15.699156200167966],[23.376846799745227,15.699156200167966],[23.36784679989913,15.697756200018047],[23.361146799794206,15.695356200002589],[23.354459599783688,15.695350800063874],[23.346350399916098,15.694842099943971],[23.336846800030255,15.693456199738609],[23.329074600446546,15.694383299801597],[23.324616499745019,15.695087300350799],[23.316455600036175,15.696340199802428],[23.310746800117382,15.697256199858288],[23.303406600353874,15.698777899828563],[23.289595900277504,15.701663199633355],[23.283846800138424,15.702456200033716],[23.276905800009061,15.703957300081925],[23.262146799691177,15.704356200299046],[23.257311199957819,15.705197099828405],[23.253694599691951,15.705826099937404],[23.248169899609149,15.706791499836328],[23.23456210020942,15.70953259987701],[23.229759800125269,15.710570300026893],[23.221246800350929,15.711956199732652],[23.217592900237847,15.712230199898475],[23.206446800025251,15.71295620019065],[23.199446800344624,15.714656200163784],[23.194487100151381,15.714259399815543],[23.185546799644158,15.71295620019065],[23.174146799599605,15.7134561998755],[23.167325599694824,15.714951899873546],[23.165406500007293,15.715384199722912],[23.15746799980662,15.716965499771305],[23.14574679994573,15.71835620013138],[23.138446799791168,15.716756199865991],[23.129246799928559,15.717256199732363],[23.126766200187827,15.717047899751902],[23.120308700293862,15.716745600010464],[23.109846800120746,15.713856199604228],[23.103246799574876,15.709656200022568],[23.100987100054127,15.707922000019813],[23.098881999695386,15.706298799780214],[23.096346800351704,15.70405620020594],[23.095160200421528,15.702637999626134],[23.092246799563419,15.699156200167966],[23.090346799855411,15.69585619963309],[23.08884849979307,15.692062600007342],[23.085646799915917,15.68395620016098],[23.083742599685614,15.68205200025017],[23.078821500100148,15.677039000241278],[23.075046799937518,15.672956200365736],[23.072068099643097,15.671009800289719],[23.066596300449131,15.667785299893737],[23.060646799644903,15.663656199974039],[23.059177199857494,15.66258220016392],[23.054246800013914,15.659156200097589],[23.049946800107378,15.653856200069827],[23.047546799908886,15.650856199971937],[23.043246800002454,15.646356200354461],[23.038546800062893,15.637756200085516],[23.034746799748611,15.634056200230754],[23.034315300290061,15.633245399882872],[23.031446799924844,15.627856199753912],[23.027246799577433,15.623556200103577],[23.024911300213034,15.621833000286292],[23.022346799621356,15.620156199804278],[23.01954680028814,15.618656199677524],[23.015734200203667,15.615129500252497],[23.01454809973681,15.61400649981274],[23.009486899797892,15.609194300220103],[23.005046800436329,15.605156200391372],[23.001971100057563,15.602201100149227],[22.997950999922246,15.598445999934452],[22.995646799658914,15.596356199642313],[22.992907399776389,15.594330499849084],[22.986517000440848,15.589605300024662],[22.981446800281141,15.585856200310671],[22.974254899794563,15.583643299996062],[22.96844680010425,15.581856199988554],[22.963128199598817,15.580502300248417],[22.95954679981735,15.579556200384916],[22.954746800318667,15.577756200157248],[22.952209899565812,15.575845599932055],[22.946646800097948,15.571656200177223],[22.944025499929165,15.568643599624302],[22.939946799992953,15.563956199773406],[22.935018999873741,15.560198700044824],[22.932306599755446,15.558130499734359],[22.931808700424341,15.557743399911704],[22.928970200196353,15.555426300086356],[22.927046800273551,15.553856199960981],[22.925346799683762,15.550756200269236],[22.92334680041666,15.544956200204116],[22.923046799942757,15.540656200207188],[22.923046799942757,15.536056200146609],[22.923846800008842,15.530256199967091],[22.924842599569313,15.525526100105104],[22.92504680010812,15.524556199648927],[22.924446800058483,15.514056200037256],[22.925246800124636,15.509256199905787],[22.924746799634121,15.504056200073972],[22.92334680041666,15.496856199797739],[22.921985799760655,15.49016780034281],[22.924246800041935,15.481656200136186],[22.926646800240427,15.475956200423918],[22.929046800438918,15.467856200106837],[22.935336699853753,15.460666200356769],[22.93924680038419,15.456756199683724],[22.948546799805921,15.453156200061843],[22.951473500221791,15.450728499644743],[22.954246799828148,15.44785619958043],[22.959912800413566,15.443581799640242],[22.968546799663443,15.435056200070463],[22.971846800385475,15.428856199987655],[22.971982100141972,15.428558599967269],[22.973346800060391,15.425556200175389],[22.976229999558651,15.422757700050154],[22.977004800084426,15.4220473003598],[22.977449599999034,15.421687200370936],[22.980946799790594,15.418856199730362],[22.984246799614361,15.41745620000049],[22.989446800044437,15.412156199697865],[22.988046799928647,15.399856200239096],[22.989946799636687,15.389356200339037],[22.989446800044437,15.384156199906901],[22.989446800044437,15.377456200429053],[22.989046800011412,15.374356200146615],[22.990946799719353,15.366456200378206],[22.994797299725668,15.355014499717127],[22.998696100348152,15.340827899735665],[23.002346799763906,15.330356200332487],[23.002846800254385,15.324156200280402],[23.002346799763906,15.312256200028408],[23.001346799681176,15.309156200341191],[22.999946799565382,15.304656199929912],[22.997534799671328,15.300394999633713],[22.994746800033639,15.295556199677284],[22.99284680032563,15.290356200421723],[22.992452899853326,15.287716699848328],[22.991846800242929,15.283656200321683],[22.994321499848891,15.278871700155328],[22.995146800066696,15.273256199998269],[22.994246800441417,15.266056200353948],[22.99284680032563,15.257956200127563],[22.993746799950905,15.254656200089897],[22.996146800149461,15.251356200217671],[22.999446799973196,15.24325620003556],[22.999946799565382,15.236556199696738],[22.997146800232127,15.227556199911092],[22.993246800358719,15.221856199740518],[22.987146800303368,15.216556199679831],[22.981846800314237,15.208456200097979],[22.97834679957559,15.201156200053543],[22.977189299670723,15.194638700105365],[22.972346799977657,15.189556200040753],[22.966646799955402,15.184756199676595],[22.95954679981735,15.181856200316824],[22.951446799596635,15.178956200140529],[22.944746800389936,15.177056200017192],[22.93721430007017,15.172747699843915],[22.934046799954185,15.166556199834421],[22.929046800438918,15.156656199945704],[22.925446800141216,15.141356200262715],[22.927146799832645,15.134756199980151],[22.931027800337809,15.128965599569014],[22.934246799970698,15.122856200420486],[22.935786700115557,15.112785300106296],[22.935246800053395,15.107156200206695],[22.934246799970698,15.104256200019066],[22.930446799656412,15.098556199877574],[22.926646800240427,15.091456199904792],[22.92259799983011,15.090006600187131],[22.918654599650399,15.088514800287255],[22.912943800081802,15.088038999916947],[22.908251999964143,15.088242999987381],[22.901946800443412,15.088556200428727],[22.895246800338423,15.090056199865085],[22.886246799594065,15.090056199865085],[22.877146800188942,15.088556200428727],[22.870546799643112,15.086156200125583],[22.867017900101811,15.083993299808999],[22.861446800237928,15.080456200092257],[22.861446800237928,15.075503000368622],[22.861446800237928,15.075256200113653],[22.861946799830111,15.067656199619433],[22.860546799714353,15.057156200195363],[22.856246799807852,15.050056200224464],[22.851005899981224,15.048110200236946],[22.845746800286939,15.046156199576087],[22.836746800440913,15.041456199649613],[22.830546799928172,15.040056200371534],[22.825046799922426,15.037156199831777],[22.823923199741461,15.036977400146856],[22.816067199918152,15.035601599851612],[22.811946800186448,15.032056199595969],[22.808646800362677,15.026756199615102],[22.806246800164185,15.02145619989799],[22.80144679976717,15.019456199910781],[22.799646799618319,15.015256199615875],[22.796746799827609,15.011756200056665],[22.791546800295865,15.001956200168674],[22.791546800295865,14.99575619986796],[22.787746799981583,14.985356200088292],[22.784365700253954,14.984229100124804],[22.782502400318599,14.983607999862054],[22.785899799977091,14.980576399846813],[22.791315500279886,14.9757437000368],[22.797402700240795,14.970311800296098],[22.797618600437868,14.970119200050004],[22.811157299629336,14.958037799890633],[22.815401600394903,14.954250499746546],[22.828511699889617,14.942551599694523],[22.829475199625687,14.941663100376624],[22.834393500060798,14.93711830030337],[22.845391699848406,14.926955199756348],[22.845697700170156,14.926672500117245],[22.856385300261742,14.916796399788819],[22.87599370023236,14.898676900176879],[22.875732400079148,14.897348799673733],[22.875237800260116,14.894835300127266],[22.872921000226629,14.883061199661286],[22.872831399565275,14.882605800408999],[22.872743500312982,14.882158700017618],[22.86938059955472,14.865068300008828],[22.868213699678758,14.859138299945089],[22.867815000406232,14.857111900023916],[22.866029800001659,14.848132200013847],[22.863412599743832,14.834967900289184],[22.859331600120516,14.814440099810456],[22.859160499804958,14.813579399900146],[22.856339099906688,14.799387900302987],[22.855916299733362,14.797261199671246],[22.855607999724512,14.795710599692775],[22.853924299963918,14.787103900144878],[22.851577700117449,14.775108399691673],[22.848272799983814,14.758214299944127],[22.847914099995911,14.756380299886622],[22.847858499669762,14.75609620006799],[22.845584700192237,14.744472899748308],[22.844342799973205,14.738124399940196],[22.84290820034591,14.730790999965469],[22.842085599565515,14.726586000000266],[22.839472400404027,14.713227800385962],[22.838521099789471,14.708364600380223],[22.8379914998104,14.705657499978861],[22.837602600259274,14.703669599998632],[22.835466299614108,14.689412200307013],[22.834883399894217,14.685521700039056],[22.834245100172492,14.681261499870518],[22.832182700332517,14.667497299809749],[22.831917099944029,14.665724700133076],[22.830903999729522,14.658963699902303],[22.829669100081478,14.650722099720372],[22.829179800322621,14.647456200201956],[22.828356400041642,14.641567299740071],[22.827041500027651,14.63216230042314],[22.825578699588672,14.621699299771166],[22.825003500227432,14.617603000186246],[22.824211199621534,14.611960700008314],[22.822908099877147,14.602680799862018],[22.822297399994181,14.598332100391323],[22.821080700213759,14.58966749969411],[22.820978499782214,14.588939399778408],[22.820149600015071,14.58303660039901],[22.820051300068489,14.582336400361362],[22.819507300095307,14.578462600073035],[22.819445799634355,14.57802480027722],[22.81921699962983,14.57639539987575],[22.818806299763377,14.573470500245913],[22.818521600293639,14.571442999656071],[22.817876200287856,14.566847400037227],[22.818373699868651,14.566464799677064],[22.817677299809223,14.559506899825269],[22.902516200281191,14.503110399701702],[23.010245700430161,14.549103199884058],[23.010850299854074,14.548350799643252],[23.012384899938759,14.546440800227893],[23.013305099979867,14.545295599566192],[23.013435099676194,14.545133800268589],[23.014119599753037,14.544282000374169],[23.014406400382185,14.543924999824698],[23.015827699553395,14.542156100056395],[23.016162199825793,14.541739899688393],[23.017057200326519,14.540625899910507],[23.017306700210192,14.540315400112872],[23.018084299886461,14.539347599727732],[23.021476500096018,14.535125800132622],[23.02225659978367,14.534154999616913],[23.023143699601462,14.533050899934244],[23.023598699886143,14.532484600052491],[23.024550800001247,14.531299600339945],[23.025227599719504,14.530457300338824],[23.027084100306496,14.528146799832085],[23.029598200020786,14.525017899769598],[23.03340100038379,14.520285099751922],[23.03395920002659,14.519590400147386],[23.036308899959106,14.516665900219724],[23.039693000059739,14.512454299945349],[23.041458500410126,14.51025699964323],[23.048234300358772,14.50182409981092],[23.057207100116351,14.490656899818752],[23.078699199864079,14.462791499652351],[23.087086500177332,14.451901899929119],[23.114063999612547,14.418271499930681],[23.128112100163957,14.388356900232971],[23.141679000167169,14.359466799819732],[23.142412199712194,14.357905399812195],[23.142595299723279,14.35711189985585],[23.142495399877134,14.355953000281009],[23.141832199754035,14.348263000112794],[23.14065399997008,14.33460020030526],[23.139421499722214,14.320307700029366],[23.135042500173,14.304956800314773],[23.133989300062531,14.301264800154913],[23.132357600180452,14.295266700129176],[23.12292139999203,14.260579800208617],[23.120772200437742,14.252679700422171],[23.116688600191601,14.237668500284364],[23.116272499653697,14.236883399777119],[23.115642000003572,14.235693699959793],[23.115353000298558,14.235148300072503],[23.113651799559541,14.231938099992082],[23.113043800012353,14.230790799635464],[23.112658899760866,14.230064499739582],[23.112162400005008,14.229127600180441],[23.108914700097056,14.222999299677415],[23.107959799933234,14.22119739986144],[23.107501800173843,14.220333099576271],[23.106396900222119,14.218248099886171],[23.1117514998143,14.21277549990676],[23.112239399997879,14.212276799936344],[23.114861600278587,14.209596799641547],[23.122392700124813,14.201899500233083],[23.127160099761863,14.195411299719524],[23.131254999915896,14.189782600202472],[23.131856500152022,14.188955899939611],[23.132366199752699,14.188255299633534],[23.132905499740232,14.187513899995828],[23.133183000111266,14.187132599771932],[23.133496600180326,14.186701499780828],[23.13402490029727,14.185975299608234],[23.134683299823546,14.185070299767741],[23.135348000133135,14.184158599745173],[23.135602299715334,14.183865499901607],[23.139037000119338,14.179906700154731],[23.141984999590623,14.176508900423011],[23.143233900380665,14.175059399834971],[23.143861399657784,14.174330999767575],[23.157182700262318,14.158869800329631],[23.15839009978459,14.158869800329631],[23.172309900252181,14.158869800329631],[23.185625100397559,14.158869800329631],[23.220598199647821,14.165095300357121],[23.220598199647821,14.158289900399572],[23.220615099653315,14.151517799866989],[23.220623300373482,14.145536399899211],[23.219149299739563,14.140861699825786],[23.218890000134486,14.140039399882399],[23.217389800135248,14.13528159997195],[23.209264400049868,14.109512500120765],[23.209141199701875,14.109121800154174],[23.208999099698648,14.108676100422153],[23.208856299907882,14.108227999609062],[23.208245200274604,14.106310400140828],[23.207788600090396,14.104878000420953],[23.208175199954351,14.104220800259588],[23.2115683002759,14.098775600082368],[23.217973699680076,14.088496199949649],[23.225445299613455,14.068519300029559],[23.235806600152912,14.040815799658132],[23.246782299837523,14.01146989966816],[23.246625899553333,14.010658999818967],[23.2428149999797,13.990901000414523],[23.241129800032585,13.989008500308074],[23.231401500053071,13.978083599600266],[23.205400499874454,13.959467899986306],[23.191789600388638,13.954707200322385],[23.168169000067312,13.928706200195736],[23.155778900272839,13.910456699631151],[23.151953500093892,13.904541500064813],[23.151782500389675,13.90427709962719],[23.151350000207959,13.903608200417391],[23.151001700016085,13.903069699619474],[23.150621799787515,13.902482300168225],[23.149424599736957,13.900631100206379],[23.149187100447207,13.900263800070995],[23.146841699851699,13.893717000252183],[23.144037400283207,13.885889199698484],[23.141040100370784,13.877522400156817],[23.139944499778913,13.874464399669614],[23.139188299769373,13.872353499586588],[23.138432099759832,13.870242600355908],[23.135136799921675,13.861044300052317],[23.134597799971406,13.85953979995805],[23.133528200217157,13.856554199709105],[23.132219300050913,13.852900500286845],[23.132094199766122,13.852592400182273],[23.131421100208577,13.850935200117954],[23.130187300098441,13.847897600055376],[23.128633999784476,13.844073299717079],[23.125435099956011,13.83619729999211],[23.123369200279711,13.831110999574591],[23.121116300107289,13.805520000047659],[23.120988900135398,13.804072399770293],[23.117570900310866,13.795100199665599],[23.11462299965423,13.788674299761942],[23.10060309991454,13.758112899994993],[23.102983300345841,13.757258499998851],[23.10060309991454,13.752070400117889],[23.101315799904736,13.751833999802548],[23.208391199864433,13.71630379965811],[23.208424000050421,13.715943400018871],[23.208472899842885,13.715405700377882],[23.20849410008362,13.715172499936282],[23.208520499773151,13.714182799875491],[23.208354800129143,13.71383689960922],[23.20662119985278,13.710261400194808],[23.190568900410277,13.70611100024745],[23.187486699822145,13.705988900263726],[23.184404400419233,13.705866800216631],[23.178422899827964,13.704279899653731],[23.177019099838514,13.700861900417276],[23.177209900208254,13.696093399635433],[23.177224900276851,13.695719500353011],[23.177302500344386,13.693756599661441],[23.177360899821025,13.692036699772471],[23.17785669978921,13.677658899784049],[23.178328800403641,13.663969700144087],[23.178361100227978,13.663033199671494],[23.178486199614465,13.659404599891632],[23.178517199576604,13.658505900166688],[23.179056000100886,13.652662000150766],[23.179310599720381,13.649899999827591],[23.179646600179364,13.644362400056453],[23.179676799742619,13.643863600343956],[23.180285400262768,13.633832399603966],[23.180881300401389,13.624010400061117],[23.181080599732031,13.620725200227898],[23.182048500314718,13.608199499834813],[23.182268900173014,13.598446400017313],[23.182303499684519,13.596910800052871],[23.18231090000581,13.596586700309459],[23.18231810000281,13.596265600235688],[23.182336100444481,13.595470499945851],[23.182390199685848,13.593073900184283],[23.180192999552588,13.588313100286085],[23.173967399749195,13.585078300257297],[23.164812100055158,13.585078300257297],[23.157793100107988,13.586909299932387],[23.152422000260653,13.585078300257297],[23.149818399597951,13.581380500241831],[23.148164799687596,13.579029399571811],[23.145923800396091,13.575726899909364],[23.143571899591119,13.572260899729635],[23.142962900218993,13.571487199591253],[23.141068700034509,13.569080399878008],[23.139543700245238,13.567142700119515],[23.138577299849111,13.565807000040271],[23.138698199611635,13.564858100122329],[23.139040700279981,13.562168500183157],[23.139172099551548,13.561136700146033],[23.139231000288103,13.560674799858958],[23.139294800436222,13.560173799578374],[23.13934520041521,13.559777600056428],[23.139383500087359,13.559477200082489],[23.139441600424998,13.559021199929902],[23.139485599907598,13.558675100285216],[23.139596999985987,13.557801100421322],[23.13964230022912,13.557444900342492],[23.139717499998206,13.556854599749677],[23.139822900228779,13.556026799802911],[23.139871700308301,13.555643800141091],[23.139940000117651,13.555107700355506],[23.139970799755467,13.554865900341289],[23.146013300446143,13.546503999865758],[23.155027499961854,13.542139299976821],[23.15761000009687,13.540888800026964],[23.158549900192092,13.540536300304327],[23.160953499939918,13.53963500010317],[23.161510200294533,13.539426199616667],[23.163028799587384,13.538861599843145],[23.178422899827964,13.534663200111735],[23.188005500254881,13.524104100315297],[23.191179300255946,13.514094399611523],[23.191140099573609,13.512930699730676],[23.190385800399223,13.486506500196128],[23.182207099674731,13.47210219967276],[23.183977099686349,13.4704541999965],[23.18458750043035,13.470271099771434],[23.182207099674731,13.466059700003335],[23.182865800136604,13.46546920021262],[23.182313400017229,13.464465500195834],[23.18725080043189,13.460520199713082],[23.190080199827783,13.458259300277822],[23.190369600181402,13.458028099890884],[23.194311100424251,13.454980800129265],[23.196231700298334,13.45349609984439],[23.197263799881082,13.452698100183984],[23.198864300375039,13.451460800206871],[23.201841200445607,13.449137700056408],[23.202580200412392,13.448561099886554],[23.202768899622686,13.448413800436139],[23.205494699910084,13.446286699992299],[23.211800399792498,13.440447300389728],[23.214985700025807,13.4374975999583],[23.218923100357738,13.433829000343874],[23.224476600428517,13.428708500200322],[23.224691100152047,13.428633400070963],[23.226685999683291,13.427934400062206],[23.227668399972995,13.427590200390775],[23.228218099756557,13.427397600218494],[23.228632799821018,13.427252300037694],[23.229659399917537,13.426892599730916],[23.230088199938606,13.426742400059783],[23.230887800254486,13.426462200093958],[23.231187400079882,13.426357199947683],[23.231452700431003,13.426264299638456],[23.232425799564222,13.425923299921182],[23.236708400001941,13.425903300309614],[23.242675799738205,13.425903300309614],[23.250217700029133,13.427682099732996],[23.262085000091226,13.430481000073723],[23.276583400043432,13.440288699719725],[23.278686499854004,13.441711399678082],[23.301086400196972,13.454711899887496],[23.321899399641108,13.470092799860785],[23.339165700324855,13.475196399996735],[23.35369869978857,13.479492199571489],[23.358746499558386,13.483939900211848],[23.368897100247906,13.492883999978236],[23.377319300109896,13.500305200296115],[23.398071300352996,13.498718299900004],[23.436279300314965,13.549682600354465],[23.449890100087835,13.551483199914001],[23.463500999573647,13.55328370025139],[23.472198499832583,13.554779100186684],[23.480896000091516,13.556274399890539],[23.487609899828865,13.557800299621048],[23.494323699853265,13.559326200031347],[23.499908400210501,13.556701700379429],[23.505493200280682,13.554077100129305],[23.511108400238474,13.550079299647757],[23.516723600196229,13.546081500057516],[23.522125199644087,13.541595500049217],[23.527526899703147,13.53710939972545],[23.537628199951534,13.531799300048833],[23.547729500199949,13.526489300279394],[23.559204099938892,13.523193400277963],[23.570678699677906,13.519897500094997],[23.577087400390713,13.516204800110668],[23.583496100205227,13.5125122001379],[23.589691200408133,13.509796099968758],[23.595886199999732,13.507080099884549],[23.602905299659916,13.503906300039787],[23.607513400149312,13.500915499916612],[23.612121600351653,13.497924800323149],[23.619720499645677,13.493926999879196],[23.62731930012502,13.489929199758413],[23.638000499720288,13.486419699594897],[23.648681599602412,13.482910200289496],[23.660400400063189,13.47921750015937],[23.672119099912621,13.47552490022772],[23.680023200027847,13.475402800197775],[23.687927200429993,13.475280799694092],[23.702728300293614,13.471984900058958],[23.717529300444291,13.468689000431343],[23.738799999610489,13.458984400232737],[23.752523899972516,13.452722999709037],[23.760070800286321,13.449279799791926],[23.769470200090847,13.4453125002509],[23.772114600437124,13.433782099918343],[23.777861300277724,13.408724099623214],[23.779132499948052,13.40318100038065],[23.781494099863085,13.392883299709641],[23.788581800268275,13.389164900430636],[23.793884300268932,13.386383100206713],[23.801262499667327,13.382512199769753],[23.806274400063369,13.379882800357844],[23.820738900291747,13.376973799776806],[23.826789200155687,13.375756900070533],[23.827861699671701,13.375541200130332],[23.828188900234149,13.375467999963373],[23.828401100270607,13.375400699802229],[23.828594800402044,13.375339200021559],[23.829291099850096,13.375118299706482],[23.830711499807677,13.374667599895933],[23.831298800374149,13.37448119997374],[23.832403400288541,13.374130700365344],[23.833901500026631,13.373655400369529],[23.834102300442058,13.373591599893128],[23.834472700088259,13.373474100070114],[23.834538000422864,13.37347330040059],[23.837500199563802,13.373437600180374],[23.842071499669274,13.37338260038403],[23.846891100407422,13.373324499778187],[23.849670399861594,13.37329100015808],[23.858058799712762,13.372773599940148],[23.865997299913435,13.372283899650554],[23.876841700039552,13.37161500029417],[23.87865129958552,13.371503399630891],[23.882105000256132,13.371290399927265],[23.882464799781886,13.371377500002453],[23.882813900372671,13.371627299567695],[23.884021299894911,13.372491299893099],[23.885737300378207,13.373719400090758],[23.887044700357897,13.37465500013827],[23.889039699602087,13.376082699593304],[23.89520259969364,13.380493200347551],[23.902953200184601,13.386039799710481],[23.904217700219572,13.386944699622576],[23.907725899881825,13.389455300319819],[23.908102499700092,13.389683899625171],[23.908107799760234,13.389687099835591],[23.908458299926203,13.389393700134304],[23.908479899917207,13.389375699583413],[23.909050499904243,13.388898099855156],[23.909306499997282,13.388683899937186],[23.909318000229522,13.38867430013951],[23.909630799899706,13.388412399860174],[23.910167999626086,13.387962900326116],[23.910806699996485,13.387428299963267],[23.911002900139344,13.387264100130759],[23.914003499563805,13.384752800172119],[23.917999300270633,13.381408699988741],[23.926566100147344,13.374238999765632],[23.927917499609634,13.373107900106902],[23.934752500332127,13.369349199995801],[23.946028199592437,13.363148300010121],[23.949005099663072,13.361511200389579],[23.956591300372196,13.357339399727438],[23.959788000226503,13.355581400281142],[23.960018199806274,13.355454800116362],[23.966335300207884,13.351980899874185],[23.968344199982827,13.350876099636027],[23.969285499653292,13.350358500127681],[23.969862699562736,13.350041100347333],[23.970185200139571,13.349882300222989],[23.971591699566432,13.349391700395294],[23.971997400308371,13.349250100146451],[23.987151900099686,13.343963699615665],[23.988107599764124,13.343630300432944],[23.989525700034633,13.343135599899789],[23.991631599893893,13.3424009999435],[23.993124599896127,13.341880199781315],[23.993369800442828,13.341794699970626],[23.993840300259361,13.341665099758266],[23.994089999569024,13.341646100077353],[23.994522100000495,13.341613100398076],[23.995141299742631,13.341565899678251],[23.99626719961077,13.341480000305673],[23.99761059957541,13.34137760017204],[24.000116900116431,13.341186400346002],[24.000612300334378,13.341148600196082],[24.000930100027404,13.341118800429781],[24.001360700272325,13.340933399877244],[24.001709400214438,13.340782900091183],[24.002382900420624,13.340492399629198],[24.002953999870947,13.340245899811716],[24.003748200413636,13.339946100271312],[24.005795499573708,13.339173399963856],[24.007032699807155,13.33870629992335],[24.0085356001421,13.338139099809233],[24.008754400100901,13.338056400114027],[24.009124700034089,13.337916699598486],[24.009535799650823,13.337761499726231],[24.009977399766367,13.337594800283675],[24.010392399868092,13.337438100272793],[24.011741099892941,13.336928999571825],[24.015014600314164,13.335693400367692],[24.015721899632876,13.335425300301738],[24.019718199803062,13.333910399713755],[24.022441599792014,13.332878000062877],[24.027823100333709,13.330873700428077],[24.028282199630983,13.330702699981957],[24.032470699746082,13.316711400119411],[24.05487060008905,13.291870099667696],[24.076262100203124,13.268064799829014],[24.078399699812159,13.265686000091172],[24.09019529994152,13.252559299990789],[24.09228499958299,13.250233900352585],[24.096780000381454,13.245231700265142],[24.098822599555948,13.242958600034726],[24.09993859998967,13.241716599568864],[24.100387600426469,13.241216900087283],[24.10053299994177,13.241055100194636],[24.100811800175041,13.240744899924811],[24.101069700204871,13.240457899789774],[24.101478299810179,13.240003199774446],[24.101793900427374,13.239652000112516],[24.10208809958122,13.239664000033661],[24.102247200201216,13.239825799976202],[24.102434700160586,13.240016499966647],[24.102694899877587,13.240281100186158],[24.103469800116372,13.241069000190814],[24.103660899625044,13.241263300122174],[24.104091899620308,13.241701599575281],[24.104321199986479,13.241934700106704],[24.104756399605641,13.242377299666787],[24.105141399570101,13.242768699826309],[24.105806199592799,13.243444700381838],[24.106479999836214,13.244127600003294],[24.106687000423776,13.244337999971838],[24.107122100329921,13.244780499850972],[24.107347899961475,13.245010000073107],[24.10770590016174,13.245374100166526],[24.108905099862039,13.246593500239349],[24.109192199630225,13.246885400344993],[24.109991400195824,13.247698000288345],[24.11065520039352,13.248372999948597],[24.114895700387137,13.252684799731766],[24.115649299773985,13.253444799800214],[24.116634800149665,13.254438499868906],[24.116840299652409,13.25464570029248],[24.117865100423476,13.255679199907025],[24.118599299793335,13.256419499618975],[24.119008900121877,13.256832499660046],[24.119311999783598,13.257138199996188],[24.120639399854767,13.25847659986337],[24.120969800216209,13.258809799687448],[24.121258799921222,13.259101199860595],[24.12223930027406,13.260089999608603],[24.123077200262056,13.260934899849495],[24.126451700067307,13.264423000118047],[24.126760799576775,13.264742500370115],[24.127251199771877,13.265249399862929],[24.127253900107586,13.265254400251244],[24.129882800023609,13.270080599635456],[24.138412000015773,13.26974960021381],[24.143468400256101,13.269553400383275],[24.150329600343838,13.269287099953429],[24.157501300414623,13.268964200148554],[24.180009599564638,13.267950699762601],[24.197022599592756,13.2671846001776],[24.204001300218074,13.2668703998929],[24.204807099807688,13.266834099882955],[24.206796799890032,13.266744500030715],[24.238990599686122,13.265294899983195],[24.242029399967951,13.26515800002027],[24.245426499589147,13.26500510029557],[24.246237699850248,13.264968500105917],[24.246460599719999,13.26495850019165],[24.246868099787424,13.264940200093967],[24.247197099675393,13.264925300333568],[24.247958599745079,13.265042399957705],[24.248232600279788,13.266218099684355],[24.248511299901711,13.267420899976893],[24.248884000133316,13.269029400046],[24.249084600224489,13.269895300343601],[24.250131600162828,13.274192899890721],[24.252873599769782,13.285447700299148],[24.258357599882025,13.307957400048908],[24.258963500066404,13.310444300421912],[24.265699599869386,13.338093299567261],[24.26610070033869,13.339739600327224],[24.267486499886466,13.345428000060618],[24.26762459969175,13.345994899868034],[24.268414599712113,13.349237299779066],[24.268704500427351,13.350427500290735],[24.269063999915868,13.351361599944235],[24.269338400200887,13.35144999991404],[24.269892599645715,13.351627700012369],[24.271249600103811,13.352062899945308],[24.2719367996181,13.352283199940981],[24.275936499911634,13.353565799916355],[24.27782880015932,13.354172500355618],[24.300078399778819,13.361306900393805],[24.301441700121995,13.361744000422984],[24.301849500226684,13.361874800343216],[24.304136200409925,13.362608000330475],[24.317291099786154,13.366826200360265],[24.325073400026959,13.369321600000083],[24.332522400144455,13.371703199696391],[24.34236180016503,13.37484899980177],[24.34488439973849,13.375655599926544],[24.349250800415877,13.377051599920994],[24.359927500349784,13.380465099992048],[24.361778600265293,13.381057000068065],[24.362861300151383,13.381403099864794],[24.365052799575793,13.382103800376944],[24.367076499993381,13.382750799840563],[24.368191300277815,13.383107199855461],[24.372210600014153,13.384392300430571],[24.372936000385909,13.384624200077916],[24.376036300230428,13.385615399734679],[24.377416399967689,13.386056700258026],[24.379486599879296,13.386718500088287],[24.382936799815223,13.38782159975711],[24.389266199949756,13.389845299591093],[24.420715500292868,13.39990020002374],[24.467529499915553,13.416684900141346],[24.469365700373771,13.416650800141571],[24.472856399955973,13.416585899593162],[24.478674199654741,13.416477800129767],[24.498458000176122,13.416110299863044],[24.51113139986516,13.415874799927975],[24.518453399761004,13.415738799641341],[24.522889300396898,13.415656400077765],[24.523694299587632,13.415641400383308],[24.534946300392448,13.41543239982367],[24.537316000416443,13.415388400326481],[24.539338000323124,13.415350799685378],[24.540110299939215,13.415336400274878],[24.54162230020799,13.415308400108017],[24.543090999883439,13.415281099854795],[24.548644599667266,13.415459599572356],[24.549366099553993,13.415482799920904],[24.550673900182293,13.415520599768469],[24.553328899750554,13.415597199949781],[24.554867899783556,13.415641599610314],[24.556794099755077,13.415697199661649],[24.557247599853206,13.4157120997391],[24.561843699748742,13.415863099722509],[24.562865800184067,13.415896600406167],[24.565052499909921,13.415968500289996],[24.565743299871844,13.415991199901404],[24.566023099929982,13.416000400154976],[24.566745499928633,13.41602410026576],[24.567001299697385,13.416032500116222],[24.567318200176818,13.416042900097347],[24.568690100092169,13.416087999590085],[24.568950800170821,13.416096499925526],[24.570581099579325,13.416145099853848],[24.574124499725944,13.416250800011241],[24.574967500348123,13.416276000412124],[24.57539589972059,13.41628870022482],[24.575905099857941,13.41630389997921],[24.576449900229971,13.416326000131898],[24.576473100120545,13.416326999759255],[24.576541399929894,13.41632980028854],[24.576798300134858,13.416366000075072],[24.581268699670915,13.416996000266451],[24.582092399989222,13.417112099984042],[24.593248699673627,13.41865729967475],[24.595243999853412,13.418933699896677],[24.595912599749767,13.419026299837361],[24.596409899904469,13.419092900121633],[24.597492800114878,13.419237799802804],[24.601113699717686,13.419722599567317],[24.602648800163987,13.41992810037188],[24.603058500205574,13.419982600207179],[24.611959900067653,13.421167799923053],[24.617658499616404,13.421926600156317],[24.620388999889382,13.422290199713428],[24.622274400177396,13.422541200286666],[24.636146899853753,13.424388300207138],[24.636929900201434,13.424492599577095],[24.638605000389816,13.424715599651408],[24.638932999554587,13.424759300357913],[24.641117599917621,13.425053099894669],[24.641597399992339,13.425117700199708],[24.645425600220005,13.425632599824455],[24.647794400132042,13.425951099631828],[24.650160900357008,13.426269399798404],[24.652791499885577,13.42662330012916],[24.653333800246148,13.426696199880183],[24.653718999636631,13.426748000001522],[24.657095700314272,13.427202200363187],[24.65753460009411,13.427261200160132],[24.658159300220806,13.427345199964389],[24.658730399671128,13.42742199995943],[24.659823699677496,13.427569099981548],[24.661091999586159,13.427739699650717],[24.661328700273586,13.427771500090795],[24.662059300094214,13.427869799641599],[24.663594900003769,13.428076300040455],[24.663893800041524,13.428116499863808],[24.664283400278588,13.428168899949512],[24.665113299870665,13.428280499660444],[24.665812700303132,13.428374599730313],[24.666628700262788,13.428484400282375],[24.667510899770743,13.428603000374887],[24.668317700083559,13.428711499801238],[24.668649800057612,13.428756200229513],[24.669664399560304,13.428892699920013],[24.670595000295741,13.42901779966606],[24.671379400218697,13.42912330018277],[24.671833800428754,13.429184400010332],[24.672058499623994,13.429214700024858],[24.672330000147248,13.429251200187158],[24.672708899652619,13.429302099791562],[24.673162999825408,13.429363199573487],[24.673660299980149,13.429430100182042],[24.674364200073875,13.429524800068751],[24.675210999671382,13.429638699737243],[24.675899599659147,13.429731299917206],[24.678021299985986,13.430016700122517],[24.678737100062264,13.430112900006357],[24.679914900095905,13.43027130032667],[24.680570000110144,13.430359000278106],[24.681259399598492,13.430451299610572],[24.681467600335242,13.430479200151609],[24.681781999904921,13.430521299975265],[24.68262299997896,13.430633899907479],[24.683345700014915,13.430657800409225],[24.683559700275158,13.430416900122999],[24.683917200113871,13.43001290018266],[24.684704900447134,13.429122800395866],[24.686404000026702,13.42720310033654],[24.689101600400718,13.424154999809545],[24.689760299964295,13.423410699914061],[24.696105799705311,13.416241000339991],[24.696295300212782,13.416026800311338],[24.696496900128828,13.415799099851156],[24.698759299985351,13.413242899956828],[24.704361000061063,13.406913499900158],[24.705420599769589,13.405716300218408],[24.706340499773333,13.404676799593263],[24.710672999828521,13.399781599742189],[24.711044599623843,13.399361699921169],[24.71143600008476,13.398919500122867],[24.711807999630388,13.398499099820041],[24.712308200445257,13.397933999567742],[24.712654299764608,13.397542900098204],[24.712902799823347,13.397207699688982],[24.713062699943961,13.396306099659428],[24.713109399762267,13.396042900370634],[24.713197599950153,13.395545699736976],[24.713817200340991,13.392051700290891],[24.715087899649667,13.384886500361544],[24.714361800388669,13.383721600337546],[24.708193600236978,13.37381559977641],[24.694927699634405,13.352510600369133],[24.676653499981551,13.323100500137164],[24.674973500381597,13.320389100105309],[24.662911000001586,13.300920799812443],[24.660486100300012,13.297007199606787],[24.65883779955151,13.294346899775023],[24.649339700050088,13.278875099773433],[24.647272699937574,13.275508099577378],[24.644922699967793,13.271680100170885],[24.642592499765172,13.267884299985178],[24.641849999962098,13.266674800158711],[24.64089870024581,13.265125300316001],[24.640436400251147,13.264372300076479],[24.639902199999437,13.263455199846069],[24.640162200290483,13.262162000207667],[24.641614900072362,13.255019600047454],[24.641689199729559,13.254653900272634],[24.641832000418656,13.253952000027015],[24.641982399956834,13.253212299631526],[24.642076999742773,13.252664799766849],[24.641837700229171,13.252285499637232],[24.641664199615203,13.252011999767177],[24.641517800275,13.251781100120931],[24.641215999577216,13.251305199648975],[24.640062799907621,13.249486700262819],[24.639736099706823,13.248971600095231],[24.639488300334019,13.248580699577388],[24.639163899820257,13.248069200054664],[24.639044699670272,13.247881200426592],[24.638800199809509,13.247639900126508],[24.638040299639322,13.247386600047248],[24.637698000193559,13.247272499896829],[24.637192699642871,13.247103999913172],[24.636931800138299,13.247017099971565],[24.634607800107741,13.246242400148844],[24.634040799670075,13.246053399652656],[24.632466399726756,13.245528600174604],[24.631559800179105,13.245226400413991],[24.630714899620063,13.24494479985669],[24.630424699765825,13.244776500252787],[24.630125099940464,13.244364699565898],[24.629734700202818,13.243827799670816],[24.629463300290904,13.24345459974732],[24.629219899968088,13.243119999924176],[24.628013299946399,13.241460800320024],[24.627491100288616,13.240742900092521],[24.626159399982175,13.238911799798167],[24.62512219976524,13.23748569992105],[24.624836600183574,13.236972400209197],[24.624493800376193,13.236356299914496],[24.624253999602683,13.235925400073446],[24.624025399922477,13.235514499971123],[24.623465300342779,13.234508000174554],[24.622735400309825,13.233196299619264],[24.622021100420071,13.231912499725222],[24.621422499945677,13.230836900157446],[24.620848300409335,13.22989310004669],[24.620071299909373,13.229475500036466],[24.619740100047277,13.229301099894149],[24.618886399591769,13.228851799940356],[24.617879200410364,13.22832169990731],[24.617376600195382,13.228057200381082],[24.617180199728207,13.227953800065071],[24.616914699951028,13.227814099996346],[24.61623249956132,13.227478099631046],[24.615310800232091,13.22753020040817],[24.614665799976617,13.227566599850219],[24.614119099667729,13.227597399979235],[24.613845799818989,13.227612900170536],[24.612762799895606,13.227674000209515],[24.61145069993033,13.227748100273505],[24.609700000222553,13.227846900032242],[24.609325000303848,13.227868100074355],[24.609024699792545,13.227885000292241],[24.608705799663344,13.227884899726932],[24.608390100231503,13.227604599588737],[24.607989100373509,13.227223099575486],[24.607071500056868,13.226349799690357],[24.604957500088581,13.224337899929923],[24.600472599947175,13.220069699823664],[24.595875800264132,13.215695100346975],[24.595564700206495,13.215399099831471],[24.595089099755743,13.214946500032948],[24.594263300074619,13.21416059959129],[24.593244500049664,13.213190900342143],[24.592714699746203,13.212686699741077],[24.592287399911616,13.21228219968836],[24.592058100443772,13.212214100371671],[24.590366400287294,13.211721299989946],[24.58341429967593,13.20969610016569],[24.582885999559021,13.209529899622563],[24.579854000422149,13.208575999962989],[24.563992300126767,13.203585599954691],[24.563110399757807,13.203308100254729],[24.558990500387718,13.201019299698594],[24.554870600119266,13.198730500434781],[24.55126700027219,13.193746299615995],[24.550170900217001,13.192230200014965],[24.545471200314804,13.185729999609343],[24.542009100396264,13.185125999958979],[24.535675000276214,13.184020999696298],[24.525878899950669,13.182312000086945],[24.520638999948943,13.179739599681238],[24.508176600147113,13.173621299812913],[24.505676300352235,13.17239380036089],[24.489511399783822,13.164457900194947],[24.485473600142491,13.162475600291986],[24.475549900419033,13.156649599589596],[24.468475300145645,13.152496299764014],[24.451477099861776,13.142517099570407],[24.451155399683788,13.141807899775374],[24.448791500081651,13.13659670018696],[24.448269199812522,13.135445299777381],[24.446106000014506,13.130676299749886],[24.446106000014506,13.128218500036832],[24.446106000014506,13.127857599717144],[24.446212499782995,13.126635199851286],[24.446217600417182,13.126631699605339],[24.447737499572234,13.125579500337265],[24.448525700267176,13.125033800221846],[24.449253400326004,13.124529999850816],[24.457110199649865,13.124063699851652],[24.458860999968948,13.123963500417553],[24.464499900178865,13.12361319969747],[24.468706099799974,13.123351900061229],[24.47887859961947,13.122744599852622],[24.481478999584784,13.122589400242102],[24.485409400244031,13.122354699575997],[24.486083999988097,13.122314499847908],[24.49853859971833,13.120655700236],[24.501084100043364,13.120316699810463],[24.505705100340244,13.119701299579065],[24.51312260013399,13.118713399909764],[24.520609699599351,13.117964699956921],[24.521880600130679,13.117837600034841],[24.542425299748917,13.115783100180465],[24.549307799790366,13.115094900027715],[24.550834100340168,13.114942200381863],[24.551350200437199,13.114890599696253],[24.551641499829312,13.114861500159407],[24.552108000346237,13.114814799686814],[24.553259500403321,13.114699699812629],[24.553548500108271,13.114670799727095],[24.553855800292251,13.114640099998701],[24.554198300062335,13.114605800112461],[24.554968399704233,13.114528799671943],[24.55528669975887,13.114497000194238],[24.555852100297038,13.114440400315843],[24.556650699889648,13.114360600186927],[24.556939599881652,13.11433170006142],[24.55747729996969,13.114277899782611],[24.558257800305981,13.114199900118411],[24.558730299772421,13.114152600222528],[24.559302799696212,13.114095400092133],[24.559509299922158,13.114074700255753],[24.559741800087391,13.114016200024105],[24.560841900340527,13.113739100197764],[24.561121800111639,13.113668599910497],[24.561466899606156,13.113581800417576],[24.563070800223457,13.113177899608432],[24.565991000429964,13.112442500427555],[24.56794489995325,13.111950500210083],[24.574695800398878,13.110250499836784],[24.575961600296086,13.109931699683054],[24.578047800101164,13.10940639997226],[24.581637399704572,13.108502499931586],[24.58438510002031,13.107810600413933],[24.584705300011745,13.107729899601686],[24.585169700267553,13.107670399588729],[24.586095000044484,13.107554500202879],[24.587761799799654,13.107345900418832],[24.588657700412273,13.107233700007299],[24.591098999757659,13.106928199870346],[24.5928836000876,13.106704800391197],[24.605400199742071,13.105138000010697],[24.608302500118249,13.104774700028885],[24.60971030030564,13.104598499720723],[24.611146000369114,13.104418799599323],[24.616892299561144,13.103699499969871],[24.618593699726112,13.103486500419738],[24.61929560016997,13.103398600178251],[24.623872300048589,13.102825700097055],[24.624568600395005,13.102738600178402],[24.625119300003508,13.10266959986552],[24.626177500136855,13.102537199598908],[24.626422099710563,13.102506599848349],[24.628190300396696,13.102308800288068],[24.628480299926647,13.10235009957195],[24.629079999938956,13.102440100017011],[24.632590599899618,13.102967200323777],[24.636637699799099,13.103574699853993],[24.637389000397071,13.10368750038206],[24.640106200213957,13.104095500036001],[24.642473400226496,13.104450799861832],[24.645265000311856,13.104869900113123],[24.64828179995407,13.105322800382362],[24.649259500258189,13.105469600302262],[24.650288000291603,13.105623999668076],[24.651237400070997,13.105766599806737],[24.652126200399625,13.105913999654502],[24.652962600201068,13.106320799608726],[24.654331300317395,13.106994499883818],[24.658445400164087,13.109019600208899],[24.659084599997701,13.109334200253969],[24.661358400373526,13.110453399807183],[24.66159820024874,13.110571499950556],[24.66393929971068,13.111676099735334],[24.664428900405163,13.111629599884052],[24.668455000388231,13.111155200110995],[24.670380499673847,13.110928299625952],[24.673358999644012,13.110577400275469],[24.674615399570023,13.110429400414942],[24.675890799762676,13.110279100350642],[24.676639900386494,13.110190800080908],[24.677205800387913,13.110124199962446],[24.677504400388372,13.110089000047664],[24.677808400161986,13.110053199945181],[24.678229799861768,13.11000350027069],[24.678503800396477,13.109971199764074],[24.678817500178546,13.109934299892368],[24.679427800311174,13.109862299806782],[24.679781200238939,13.109820699942047],[24.680750999860049,13.109706400016957],[24.681205900431721,13.10965289969308],[24.681555300161506,13.109611699623802],[24.682407699856487,13.109511200332783],[24.682613699720811,13.109486999620628],[24.683824399653421,13.109344300149148],[24.684102599812093,13.109312800093402],[24.684310799650511,13.10930119973589],[24.684521000037133,13.109289499638626],[24.685027499838714,13.109261199976768],[24.686018499700594,13.109205899877068],[24.686760500040414,13.1091645002546],[24.687785299913184,13.109107299839176],[24.69119259990439,13.108917200380533],[24.693258000117403,13.108801999757178],[24.693906800246534,13.108765799635238],[24.695713800068138,13.108664999905626],[24.696198999916007,13.108637899669258],[24.696987199712584,13.108593899727758],[24.698413199767668,13.108505000416555],[24.698813100087719,13.10845189966426],[24.699619199714697,13.108343399742276],[24.699952499837902,13.108298500342737],[24.700166800135442,13.108269600379922],[24.701050799867254,13.108150599725695],[24.701477099876865,13.108093300209964],[24.702384799860763,13.108011899563147],[24.703123300364297,13.10794569956345],[24.705181499681977,13.107761099765947],[24.70624620002469,13.10766569957093],[24.706558899981893,13.107637600076771],[24.709454700148569,13.107378000040647],[24.710327099935057,13.107299799583831],[24.711593100156584,13.107141599776284],[24.713500999649138,13.106903100368578],[24.715854099704998,13.106608900210643],[24.716420899818345,13.106538100409246],[24.716944499949673,13.106389099841168],[24.717962300149757,13.105947299848387],[24.71851579980698,13.105706999578432],[24.721355899934562,13.104473900417856],[24.723117600411296,13.103713499633894],[24.726278099956236,13.102349500245438],[24.727111800320266,13.101989700244241],[24.727514300364817,13.101816000245366],[24.730246099601697,13.100637099585125],[24.730848700274102,13.100376999576467],[24.731979300127751,13.099888999950961],[24.732305299642682,13.099748300273351],[24.732553399951112,13.099641299659297],[24.732901499818599,13.099492000062009],[24.733231300105551,13.099487299888031],[24.733678399707259,13.099487299888031],[24.734774199725152,13.099487299888031],[24.738296999705661,13.099487299888031],[24.745328300284022,13.099487299888031],[24.7490164001583,13.099487299888031],[24.750268000385788,13.099487299888031],[24.752333399700539,13.099487299888031],[24.754522499724839,13.099487299888031],[24.756035899568857,13.099487299888031],[24.75636520039242,13.099487299888031],[24.757113300293032,13.099487299888031],[24.757699600136274,13.099487299888031],[24.758224999593089,13.099487299888031],[24.758524199668177,13.099464899690568],[24.758836899625344,13.099293400134366],[24.759576499666689,13.098887200150843],[24.761418199611068,13.097875799877995],[24.772527900088409,13.091774199654566],[24.775047599900205,13.090390400027665],[24.77565060032282,13.090059300039348],[24.776859299707318,13.089395400401198],[24.77771029982712,13.088921299900743],[24.778057399869706,13.088493600345505],[24.778227999823645,13.0882801002811],[24.778945999874015,13.087381799573368],[24.779175699990532,13.087094499837333],[24.7801479996231,13.085877899879636],[24.783327900083322,13.081899500156871],[24.788089999660098,13.075941499970646],[24.788880100291838,13.074953100107532],[24.78915490032713,13.074609199609316],[24.790661100174148,13.072724800265147],[24.791067899555603,13.072215800149959],[24.791427099905157,13.071854699601859],[24.791857700150047,13.071652200111792],[24.792112899844202,13.071534799718592],[24.795613799796378,13.06992299971038],[24.799664800180853,13.068057899706112],[24.802542100442608,13.066733200391774],[24.806801700415843,13.064772100323157],[24.80776689976442,13.064327700299033],[24.81186469968025,13.062441100412652],[24.815190800054552,13.060909799685332],[24.81781939993331,13.059699599583469],[24.822186399786965,13.057689000337977],[24.823052099938032,13.057290499993588],[24.826255300001705,13.055815700180888],[24.826644600201469,13.055636500065786],[24.826934800055707,13.055502900168781],[24.827544800151031,13.055221999650001],[24.828292900051679,13.054873500157907],[24.828948500427465,13.05445799997417],[24.831371299867925,13.05289710010705],[24.831755399720429,13.052649600279004],[24.838606200012169,13.048235699564218],[24.842804899598978,13.045530499954596],[24.851074199911473,13.040100099671807],[24.85256420043893,13.039326900045918],[24.860503100389945,13.035207499650772],[24.869922099637275,13.030320100394841],[24.874049799977328,13.028178300330238],[24.875305200078436,13.027526900169383],[24.879436700292146,13.025461100346991],[24.879745100014006,13.025312099849231],[24.880177600195754,13.025130200390615],[24.880479700032542,13.025004200036211],[24.881366199775705,13.024634400130642],[24.881644300221435,13.024518399616181],[24.888511699582907,13.021653600011897],[24.890014599917851,13.021026600380193],[24.900328499952966,13.016724099787819],[24.911804200128156,13.013397199697044],[24.914172399965633,13.012710700046277],[24.917893300025863,13.011631999940493],[24.921577800350803,13.010563899722488],[24.922057600425489,13.010424799901948],[24.92268620013882,13.010242599806375],[24.923389500157921,13.010003000280033],[24.923588099700957,13.009882100232467],[24.924312899998021,13.00943990004512],[24.926879899702822,13.007873499735041],[24.928085799936838,13.007137700299626],[24.928334900070201,13.006985699749832],[24.930166999719102,13.005867800248344],[24.930481000436771,13.005676299671347],[24.93162959983383,13.004930800057407],[24.9321297997503,13.004606200058467],[24.932421900439625,13.004416599606895],[24.933034399648147,13.004019099721617],[24.933867899687854,13.003478099833176],[24.93512009998997,13.00266539996518],[24.935294000354251,13.002552599706824],[24.937625399807729,13.001039500331776],[24.93780140043312,13.000925299748397],[24.939149699809398,13.000050199885036],[24.939458399568558,12.999849800100151],[24.939674800127243,12.999709399714225],[24.939828800113055,12.999505399573144],[24.940009499825695,12.999245200132176],[24.943008599961868,12.994925099953551],[24.9432364998545,12.994596800059407],[24.943448999928254,12.994290800047217],[24.951477099891989,12.982727100214177],[24.957489000370803,12.976226799718232],[24.966003399720321,12.967241099976539],[24.966308599643156,12.966918900124528],[24.980894899745916,12.953309100125555],[25.008911099584555,12.949096699867365],[25.009578699655972,12.949038600122512],[25.010624099694777,12.948947699961238],[25.01150380008961,12.948871200397905],[25.011931099924162,12.948834099663856],[25.012327800445249,12.948799599950922],[25.012576400216933,12.948778000310904],[25.012845999905096,12.948754500019662],[25.013122600164206,12.948730499831546],[25.013707099783595,12.948730499831546],[25.015729200301653,12.948730499831546],[25.017303499633666,12.948730499831546],[25.021063900413598,12.948730499831546],[25.021484400001455,12.948730499831546],[25.023212199856026,12.948652200230544],[25.027866499802148,12.948441500230391],[25.030329199712479,12.948329999962974],[25.032072100246928,12.948251099661142],[25.032518899811375,12.948230899856227],[25.032785599737807,12.948218799933278],[25.033778000073163,12.948173900380334],[25.036910599742086,12.948032000020318],[25.042314900423978,12.947787400218838],[25.052490200292191,12.94732670017299],[25.055908200116725,12.94732670017299],[25.06703509973849,12.946658500268606],[25.067596400365638,12.946624799567216],[25.078120700213365,12.945992799823602],[25.079284700327563,12.945922899610977],[25.081799300403471,12.945761800391589],[25.084775499788137,12.945571199915891],[25.085479699919162,12.945526100275906],[25.088980500158392,12.945301900295826],[25.091704399610695,12.945146999981418],[25.092036000121364,12.945257000217545],[25.094829899893892,12.946243800275189],[25.10891370039305,12.95121859982749],[25.114508499610686,12.9531947997008],[25.117119799733647,12.954117199769142],[25.122736000414672,12.956101000031206],[25.125377899851159,12.957034200180304],[25.127124499647952,12.957651200129044],[25.128398200228133,12.958101000249654],[25.129164100246033,12.958371600067291],[25.129501200242963,12.958490600092125],[25.129759100272793,12.958603300413293],[25.130038900330998,12.958727100347684],[25.130258499790386,12.958824300083275],[25.131058199819272,12.959177900022611],[25.131829399897416,12.959519099812002],[25.13269040006297,12.959899900212076],[25.134967899701074,12.960645700378269],[25.137908900397967,12.961608900127692],[25.143127399834672,12.963317899691207],[25.143769399717105,12.963540400022865],[25.145223700296881,12.964044600249412],[25.147176200244992,12.964721399991287],[25.147705100436493,12.96490480040508],[25.15228270042704,12.966491699754204],[25.153487399613539,12.966850299638741],[25.154544200171642,12.967164999966215],[25.155264599622157,12.967379400224372],[25.15628049988538,12.967681900233826],[25.160278300242123,12.968872100272648],[25.163681900072678,12.96963879995384],[25.171386699958894,12.971374499863984],[25.182495099675702,12.973877000336051],[25.193695099703643,12.975982700322756],[25.20489500001867,12.978088399984868],[25.239929199979542,12.974487300375785],[25.265812100444382,12.952323699892007],[25.266649800108123,12.9526770998265],[25.267787200208438,12.953157000120974],[25.27008530001271,12.954126600383981],[25.272405699595566,12.955105600076985],[25.273195200152678,12.955438699669294],[25.273598300271786,12.955608800114732],[25.280812699963001,12.958652599784303],[25.28307009979665,12.959605099814366],[25.284553200364471,12.960230800435109],[25.290332400353726,12.962669100040838],[25.29136459964942,12.963104599840543],[25.291833000103203,12.963302199895633],[25.293854499648301,12.96414919956641],[25.294827199929539,12.964556600289884],[25.295649400061333,12.964901100025287],[25.296824100008926,12.965393200157505],[25.297111899564715,12.965513799706812],[25.297730599843565,12.965772999729383],[25.298776899994362,12.966211199991839],[25.300899999896412,12.967100700424949],[25.31735429992008,12.964986000398005],[25.326895399977527,12.963758699894335],[25.33032230030993,12.963317899691207],[25.335833099861983,12.965216399850133],[25.343047099802824,12.967701499683766],[25.34338590031059,12.967828700417853],[25.347595200017754,12.969421399898744],[25.359100300255548,12.973419199696789],[25.359678899740171,12.973608700381243],[25.36608890031528,12.975708000131682],[25.3787387003634,12.973218599850702],[25.380415399553016,12.972888600163648],[25.39068599989314,12.970275900145269],[25.402282700442164,12.968689000419467],[25.40547340044866,12.968252299709524],[25.413879400092828,12.967102100201377],[25.430114699833439,12.965881300435989],[25.43942660013602,12.965301899773744],[25.439835199741324,12.965382599776131],[25.440685500073521,12.965550600315479],[25.441480700441147,12.965707600310477],[25.441914699911049,12.965793299659307],[25.44291720000524,12.965991300268822],[25.447498699582351,12.966896199917452],[25.455202099893388,12.968417600320061],[25.458497800380215,12.969068499950893],[25.456565100199263,12.961193400370659],[25.458514400348346,12.963337699956167],[25.460463699599131,12.965482000327793],[25.465222699988253,12.967861500084551],[25.469432500057067,12.97026699999156],[25.470351299624635,12.970792099761708],[25.471885199921648,12.971668600012849],[25.474703900382508,12.97213830042045],[25.477595800064289,12.972620300017942],[25.485674800368656,12.972145099572012],[25.486377299988845,12.971798800433916],[25.486676200026537,12.971649400053973],[25.487592200443714,12.971191400101867],[25.488541499611731,12.970716700277992],[25.492366700364723,12.968804099975175],[25.496155699910016,12.966909599789345],[25.503930899866731,12.963166000143769],[25.509004699575836,12.960723099769005],[25.510017300327025,12.960354899833161],[25.519474300107536,12.956915800013554],[25.520606700185038,12.956868599612102],[25.522247700325202,12.956800300135372],[25.530895800430056,12.956439999666349],[25.533859499757575,12.956439999666349],[25.542317200141294,12.956439999666349],[25.54435290025441,12.956439999666349],[25.553490000080821,12.956439999666349],[25.553738599852501,12.956439999666349],[25.559075299614324,12.956439999666349],[25.560178700277788,12.956439999666349],[25.562448699881624,12.956439999666349],[25.563806199803039,12.956439999666349],[25.564705600252054,12.956439999666349],[25.565251699587918,12.956439999666349],[25.565635999764837,12.956439999666349],[25.566465199569311,12.91331880003394],[25.566997299559841,12.885646499959911],[25.567063599719383,12.882200799955605],[25.56753950020747,12.876965999757083],[25.56753950020747,12.868965799636628],[25.56753950020747,12.866020499972626],[25.56753950020747,12.865544600125213],[25.568682300080969,12.864753400136836],[25.573413500307016,12.866063900089525],[25.573695200301984,12.866141899776295],[25.575394800243139,12.86661269981821],[25.575743500185254,12.866709299585938],[25.576090999978213,12.866805499970233],[25.576529800045108,12.866927099942671],[25.577517600107889,12.867181700323611],[25.577864499826223,12.867042899710471],[25.578227700373684,12.866879999894907],[25.578559699736363,12.866731099860079],[25.578755400415965,12.866643299732429],[25.579121199789533,12.866479199865989],[25.580070000392663,12.866053600258253],[25.580526800002833,12.865848600160218],[25.580960099685161,12.86565429996655],[25.581209799893088,12.865542300370636],[25.581738900408912,12.865304900086143],[25.582388400325645,12.865013599739145],[25.582881199920863,12.864792499586407],[25.58321619965664,12.864642199713565],[25.583577099618672,12.864480300216455],[25.584008699688496,12.864286699577152],[25.584248799601006,12.864179000267866],[25.584852700135546,12.863908099654141],[25.585403300031064,12.863661100261044],[25.586305699954824,12.863256299820675],[25.586570299620075,12.863137600376515],[25.587349700418418,12.8628018003719],[25.587539599777934,12.862719999666812],[25.588003000208808,12.862520299655861],[25.588536300348593,12.862290599826046],[25.588810699735284,12.862172399992538],[25.589056999819864,12.862066199979095],[25.589549699702065,12.86185400037008],[25.590390200312822,12.861491800088778],[25.591088900059319,12.86119079957099],[25.591660300445238,12.860944700431592],[25.593513099973254,12.860146399984947],[25.594253500413579,12.859827500346979],[25.594678900311369,12.859644199715914],[25.594893000284557,12.859551999795501],[25.596639399757098,12.858799600167435],[25.597289099998083,12.858519599565584],[25.599008099956123,12.857778999870485],[25.601197599730728,12.856835799836139],[25.602106700188198,12.856444099915356],[25.602646000175699,12.856211800417112],[25.605143499921894,12.855135699815438],[25.607038999968577,12.854319100269727],[25.608955700256057,12.853493400202119],[25.609802400140584,12.853128599848457],[25.611769300082667,12.852281200311717],[25.615516400406509,12.850666800393395],[25.616691899854683,12.850157500182183],[25.617913299620685,12.849628300334455],[25.620731099969554,12.848407299910761],[25.623767599666017,12.847091599955283],[25.626222600116098,12.846027799864661],[25.632291199560676,12.843398300246758],[25.632507300082064,12.843304600177515],[25.634355999699096,12.84250130039397],[25.636177299801659,12.841709800074133],[25.639866299787862,12.840106699912102],[25.640063499755659,12.840021000402706],[25.640455299966877,12.839850699615972],[25.641662299738773,12.839326199794694],[25.642564099587904,12.838934300028185],[25.643004699878546,12.838742899991777],[25.645147499834774,12.837811699586817],[25.6455361002469,12.837642800432237],[25.645799400049984,12.837528399870479],[25.646351400419018,12.837288499669775],[25.647332400235108,12.836862199824084],[25.647827099767184,12.836647199805132],[25.649496599858061,12.835921700384699],[25.649941300059655,12.835728499899554],[25.650285600053557,12.835578800120524],[25.650695799558427,12.835400600371038],[25.651729799976266,12.834895600399905],[25.653337799606227,12.834110399937698],[25.653589099713681,12.833987699744998],[25.654468200033854,12.833558399687369],[25.655473699602783,12.833067400407796],[25.657598899765979,12.832029600156799],[25.658793899842316,12.831445999642947],[25.659143799933688,12.831275199926697],[25.659768700384667,12.830970000130819],[25.66715620004118,12.827362500295633],[25.668617900043948,12.826648699754948],[25.671875599997659,12.825057800414548],[25.682474500438076,12.819882099658464],[25.686852899912662,12.817743899925375],[25.699099500128728,12.811763599779132],[25.699489299791747,12.811573200437502],[25.701756299920842,12.81046619959449],[25.704360700084163,12.809194399658448],[25.707546900429396,12.807638499609967],[25.718689000444115,12.802197399877047],[25.720002599697509,12.801348300210526],[25.721373600399332,12.800462100388662],[25.730493699608942,12.794566800362954],[25.736413800350565,12.790740000339294],[25.742686499722645,12.786685199985545],[25.74905349974166,12.782569499704948],[25.749223300194981,12.782459799564357],[25.749598900188314,12.782216999757559],[25.762878400386047,12.773632999862075],[25.765686000364909,12.771801899901757],[25.773951799942743,12.772184899619425],[25.779209100311508,12.772428500174172],[25.780915399888016,12.772507600326435],[25.790110300014735,12.772933699756075],[25.790977699778349,12.772973899811648],[25.793557999939203,12.773093399577077],[25.79384349980786,12.773106700298205],[25.79502449964053,12.773161400404481],[25.802235400393648,12.773495500339962],[25.807925899833471,12.773759199595936],[25.808717000290148,12.773795799697181],[25.809843599945822,12.773848000191373],[25.813109499721406,12.773999400311984],[25.814743100438644,12.774075099900141],[25.816353200329715,12.774149699983701],[25.816990399615225,12.774179200266659],[25.81834960004748,12.774242200131873],[25.820019499888666,12.774319500246863],[25.820984199773957,12.774364199631545],[25.822326699626771,12.774426500338567],[25.848660900215581,12.756429899908708],[25.854449500176003,12.749135200113411],[25.859358699778948,12.742948600224508],[25.860113999676631,12.741996800126467],[25.866835100309277,12.733526899911137],[25.87306310041112,12.725678400396218],[25.892885499743681,12.709636099951128],[25.912397099954237,12.693931699873229],[25.931432799676678,12.677751399987358],[25.94618540039647,12.655384399670785],[25.966132399652139,12.615954399826395],[25.966648799786533,12.614933599727102],[25.986847300372308,12.580424800124689],[25.996630899742382,12.568353099670411],[25.99693849996363,12.568083300140596],[25.9971791999508,12.567894300102484],[25.997377999818095,12.567738099807364],[25.997878199734597,12.567345199749971],[25.998411100124073,12.566926600263708],[25.999989699691394,12.565686600247826],[26.000288100265799,12.565452200432309],[26.000485799696911,12.565296900002989],[26.001106000162313,12.564809799731814],[26.00142319978071,12.564560599576627],[26.001651299997661,12.564381500433717],[26.001984099759319,12.564120100019895],[26.002657099603891,12.563591400125771],[26.002869299640249,12.563424800052331],[26.00308720038549,12.563253600144265],[26.003425499633245,12.562987799641228],[26.003696100044611,12.562775300031685],[26.004775999881975,12.561927099930095],[26.005074100419115,12.561692900107285],[26.005636900334487,12.561250799837202],[26.006197399664423,12.560810599741348],[26.007581199562392,12.559723699605907],[26.008651100252337,12.558883300163441],[26.010546900336315,12.557394199809858],[26.011347200439829,12.556765600427584],[26.012007299578585,12.556247099610038],[26.014898999834376,12.553975600110709],[26.017904699892956,12.551614700141192],[26.01921959990695,12.550581899609195],[26.019980700226323,12.549984099661074],[26.022718500209319,12.547833599675636],[26.023283400385868,12.547389899871614],[26.026308300137011,12.545013900321543],[26.032234200402065,12.540359200333066],[26.032673499932244,12.540014200437755],[26.032897899988484,12.539837799926893],[26.036589799736419,12.536937999780287],[26.037474899904403,12.53624270003629],[26.043159599820733,12.531777499648818],[26.049021999975029,12.527172699863829],[26.049820499854693,12.526545499961198],[26.057892399875005,12.520205099786246],[26.058574000190088,12.519669800100919],[26.059498000104849,12.518943999696862],[26.062103799843349,12.516897199570383],[26.063608800439408,12.515714999948017],[26.066251200237581,12.513639499753825],[26.066916199686233,12.513117199914038],[26.070312499806743,12.510449399900839],[26.071073200375846,12.509853500278519],[26.073385899600115,12.508041900329244],[26.074352500320529,12.507284799664404],[26.074516399740755,12.507156300293074],[26.074783299991473,12.506947200365213],[26.075843900423234,12.506116500343612],[26.076877200155206,12.505307000090815],[26.077366499914024,12.504923700115731],[26.077853499985746,12.504542300044465],[26.078126199759929,12.504328599853313],[26.078536000412754,12.504007600207057],[26.079204300271741,12.50348420041167],[26.079485299580838,12.503264099799461],[26.08007989985726,12.502798299783914],[26.080758300373311,12.502266800069231],[26.081099900031468,12.501999300157216],[26.081305800182786,12.501832799713316],[26.082367599865471,12.500315799789135],[26.092102100017019,12.486401500426481],[26.092102100017019,12.483377899584873],[26.092102100017019,12.474141700076649],[26.092102100017019,12.457931600353461],[26.092102100017019,12.445366900375094],[26.092102100017019,12.443767900413947],[26.092102100017019,12.436914999840926],[26.092102100017019,12.43310550011495],[26.092102100017019,12.432629599640245],[26.092102100017019,12.430643999785788],[26.092102100017019,12.427123999806181],[26.092102100017019,12.426648099785393],[26.089294400325144,12.411206200340583],[26.079729299978283,12.410721899783136],[26.061157200112707,12.409781600280821],[26.056196400381516,12.40953039959502],[26.054610699631912,12.409450100425255],[26.050720200340937,12.409253099900983],[26.049736999652392,12.409450100425255],[26.046607200032224,12.410077200426791],[26.030905499570434,12.413223200295787],[26.019101500193141,12.415588300320913],[26.016906700358394,12.416028000137283],[26.011462500104855,12.413246400015044],[26.005663800385705,12.410283599987904],[26.004032599966877,12.409450100425255],[25.992225799642569,12.40341749998988],[25.989674499794042,12.402114000436491],[25.970979399904827,12.392561899902189],[25.969482399704621,12.391797100111608],[25.965872100222196,12.391737900155398],[25.962255299631973,12.39167860016353],[25.959304800149301,12.391630199947185],[25.958312999888509,12.391613999858224],[25.954845800234146,12.391808600025945],[25.948464499934136,12.393304499681784],[25.943300000025758,12.394515200038489],[25.942845999566011,12.394621599658606],[25.942416900405973,12.394722199770678],[25.936215800355221,12.396175900398015],[25.935909199958907,12.396247700167333],[25.934326200443309,12.396618800295968],[25.933406100115242,12.396839800310469],[25.92685600008511,12.398413100323411],[25.925955200060915,12.398629499673273],[25.921874999938154,12.399609599678266],[25.921622799718772,12.399661800017348],[25.920060299757967,12.399985800376111],[25.919603500147801,12.400080499931063],[25.917641399904209,12.400487299565768],[25.916619799830467,12.400469699763823],[25.916187199935745,12.400162999773711],[25.915771500046478,12.399868299954097],[25.915524200136961,12.399692999842015],[25.914051200226208,12.398648699911694],[25.91342090000207,12.398201800043445],[25.913095799700702,12.397971400202284],[25.912709599587053,12.397697600305927],[25.912323299760391,12.397423700101946],[25.912047000436878,12.397227800355118],[25.911788399721075,12.397044400345878],[25.911261899828016,12.396671200397384],[25.910978599933454,12.396470299944832],[25.910632799753071,12.396225199954667],[25.910315900171973,12.396000500414189],[25.909317400275757,12.395292599742326],[25.908630400187523,12.394805599743529],[25.908191300083367,12.394494300013926],[25.907297499731857,12.393860599701728],[25.90672349962151,12.393453700232046],[25.906476900397934,12.393278800279314],[25.905839700214056,12.392827099812536],[25.904555800162232,12.391916900293049],[25.904087200282493,12.391584700366394],[25.903870499686541,12.391431000376045],[25.903204600125928,12.390958900022476],[25.903038499833251,12.390841199873737],[25.900843799711513,12.389285200282826],[25.900458000246402,12.389002599750748],[25.89965149997089,12.38829689990105],[25.898586900239483,12.387365399673609],[25.897484500299182,12.386400800390689],[25.897160399822784,12.386117200000131],[25.892397100096716,12.381949299666216],[25.891698200025935,12.38133780013059],[25.891320199734125,12.381007000262287],[25.891026500043566,12.380750000151108],[25.890557500413514,12.380339600361156],[25.890392399945771,12.380195199729116],[25.889551099834396,12.379459100356083],[25.889296999678223,12.379188400289614],[25.890324799923995,12.374572599602766],[25.890709799888487,12.373220399592171],[25.895248699558245,12.357278600191069],[25.895739300077601,12.355555300156173],[25.896416799583431,12.353175799937686],[25.898055800073788,12.347419099691272],[25.905962599626392,12.33909539962375],[25.909783599857121,12.335072899703325],[25.915568699981179,12.328982699706653],[25.927538399900804,12.316381800168259],[25.936096300167932,12.307372600231277],[25.936324700422183,12.307121400327475],[25.947952300322072,12.294331799742828],[25.949466099916332,12.292666700106361],[25.952495899977407,12.289334100207038],[25.95284189958382,12.287638500070239],[25.952932599783054,12.287193899956922],[25.953368599801163,12.285057100233178],[25.957636099559007,12.264141799582962],[25.958273500067168,12.25904919959326],[25.958383600283323,12.257450099970502],[25.959028299603137,12.248081000373826],[25.959673299858608,12.23870970000889],[25.95986269975484,12.235956800139791],[25.972217999713518,12.21610699969724],[25.972473099694636,12.215698199651944],[25.989074700068723,12.213928200208883],[26.000488299708366,12.214477499961399],[26.008661200011037,12.214996500435623],[26.011415699675172,12.215171299635774],[26.019487700306858,12.215683900063178],[26.019714400050269,12.215698199651944],[26.03328519964008,12.208943200168449],[26.033333999719606,12.208379600363759],[26.033376100163707,12.205773100072497],[26.033419300145688,12.203105199848071],[26.033470799662656,12.19992109997539],[26.033505199748106,12.197795500053461],[26.033588699950407,12.192630400418485],[26.033668199954803,12.187715200390482],[26.033673700339261,12.187371799941452],[26.033691399845274,12.186279300162481],[26.042724599627594,12.170104999935283],[26.05250370023467,12.152425499897731],[26.053631400326591,12.150386799751347],[26.058610699962706,12.141384799828408],[26.067504899827917,12.125305199935704],[26.070027600012686,12.120803600015817],[26.073641899693186,12.114354099583446],[26.077697800387462,12.107116699885935],[26.130347600150589,12.096861599605283],[26.138488799805252,12.095275900099562],[26.148522899782165,12.093417699637961],[26.156778199850894,12.091888899894153],[26.166503900105944,12.090087900389687],[26.175475199676971,12.07153139960228],[26.175736799867515,12.07099039968767],[26.176399199591703,12.06962020035605],[26.178100599756707,12.066101099960028],[26.183677899792588,12.059555100384943],[26.201416499618418,12.037770499662622],[26.20464909974476,12.02904690005294],[26.207630999838209,12.020999899962064],[26.216369599818048,11.996344600096091],[26.208126300343146,11.943005099694302],[26.207990299900775,11.941496400379222],[26.236297299668209,11.932931599943737],[26.236297400279515,11.932931599943737],[26.236341999836711,11.932909600122779],[26.237041199944859,11.932565300186715],[26.308911799989747,11.897058900057033],[26.351233400335094,11.876584899872672],[26.40807390018745,11.870714899914079],[26.452144400016724,11.866603600380563],[26.490749399638752,11.863021499611273],[26.515978499951586,11.860680500176223],[26.539306599833278,11.858520499865923],[26.540806000331866,11.858279200377504],[26.54948969977309,11.856221399947977],[26.551724400077848,11.855691900061082],[26.553936600279641,11.855570099600548],[26.557130500085229,11.85539429972347],[26.559854999612096,11.855212999745254],[26.562531300032468,11.854782199827778],[26.590971399582308,11.850166699978136],[26.612737199827482,11.846634400112034],[26.635608500098943,11.8429226999957],[26.64996929970922,11.835180700128481],[26.669317899713143,11.824630199936438],[26.696229000174103,11.810116399798323],[26.700929699901266,11.807605100425274],[26.702570000253822,11.806764699574256],[26.718208799781188,11.799988699923214],[26.728620099650961,11.795484099656456],[26.732438599870171,11.793918899739532],[26.741397400282349,11.790352000155806],[26.743103000071287,11.789672900226289],[26.746330499563445,11.787185400320991],[26.752685499886898,11.782287600368361],[26.755806099860191,11.777654000228431],[26.756393299815358,11.776782099676641],[26.759792399984622,11.771944899877983],[26.76110840043486,11.770080600256152],[26.765645499880833,11.76770890023958],[26.766479500282127,11.76727289980114],[26.771484400107191,11.765075700281283],[26.779086899848885,11.762558599663402],[26.780517599889514,11.762084999729812],[26.782303400368715,11.761407900188482],[26.80596839992295,11.752435400292251],[26.806305199882516,11.752373599842754],[26.821899399852619,11.749511700283188],[26.858468700259827,11.748107899998024],[26.878112800178162,11.748107899998024],[26.880772499732036,11.748683000208837],[26.893920899797198,11.751525900034338],[26.906805099947384,11.756348300288323],[26.915283200172954,11.759521500412285],[26.926236200328777,11.764878600246996],[26.940111700378104,11.771402800259594],[26.949890100299275,11.775695799952521],[26.955644600211539,11.777398799964038],[26.969482399765049,11.78149409991258],[26.992492699953722,11.784729000035293],[27.009013900211556,11.786095599608634],[27.035290799963416,11.78830699996924],[27.058988400277613,11.790360600320476],[27.076478400331734,11.789928700243895],[27.121407199990852,11.788200599816086],[27.159793099616749,11.786724300031242],[27.177862499554429,11.780043999962789],[27.218881499618611,11.76397019995621],[27.219704500149312,11.763647700439677],[27.204376900392631,11.811729300401781],[27.191088900335664,11.853476000222313],[27.189004700180391,11.860023999817226],[27.183576199783055,11.877078700045223],[27.181977000049631,11.882102800275433],[27.180433300031115,11.885359900429043],[27.17028620007628,11.906769600312071],[27.161421400273845,11.92547359968091],[27.159210899684492,11.930137500288964],[27.158895699715902,11.93080120022165],[27.143239600432871,11.963767299590328],[27.125680599883434,11.997569100044078],[27.123924800439767,12.00052669985341],[27.121796399579246,12.004112099840375],[27.100373000289469,12.046287400223216],[27.093504699917709,12.056919900201036],[27.079028700355391,12.079329600266471],[27.064179200162549,12.10231760015783],[27.064699100133272,12.107495200187524],[27.064776899626725,12.108269800045971],[27.064853499869322,12.109032900345413],[27.067169900152532,12.132102799733325],[27.066916700108216,12.135562800258489],[27.066803700130393,12.137107699999966],[27.067109200090492,12.138913599850117],[27.067540899873293,12.141464899754196],[27.07022169995486,12.157310300059731],[27.073863799798403,12.177201700127418],[27.074215500113592,12.179122700020564],[27.074609200261605,12.181273100201238],[27.074982399956525,12.183311299991336],[27.076996599791645,12.197105200377052],[27.079987299781557,12.221336200324444],[27.081818399605588,12.237693599984697],[27.081831300311372,12.238477800204718],[27.08218630013863,12.260024400142983],[27.082598200154308,12.285024299783798],[27.082703799810872,12.291433300376116],[27.083041700206682,12.311943099846678],[27.083048000091793,12.312328599896],[27.083222199595038,12.322898699888773],[27.083126299946898,12.323765600278335],[27.078348699939806,12.366971500130788],[27.077606899924266,12.373679900291624],[27.075775899813248,12.387107700392724],[27.076488100340189,12.387889899623598],[27.075775899813248,12.393089099637612],[27.083222199595038,12.401328900353532],[27.087080399959934,12.417171199690031],[27.091568599613375,12.435599799929138],[27.095620500109778,12.452237299607212],[27.12637399956979,12.57851390004871],[27.126433699806892,12.579200900179858],[27.130103800137864,12.621463399730318],[27.128228199571318,12.637450099890188],[27.125531999670777,12.660430999751586],[27.123458399635854,12.678105699827103],[27.123381900004603,12.678757600393672],[27.122589799723023,12.685508600193591],[27.122823200000148,12.689500699800838],[27.125044100385498,12.72748900037293],[27.125132700323622,12.72900470038112],[27.126018599992221,12.744158099570368],[27.126739000341072,12.756480300010141],[27.128388200303174,12.784690700213885],[27.128408099783343,12.785014799756846],[27.129766100066373,12.807101500064597],[27.129803600237906,12.807711499897016],[27.131522699908889,12.835671099929831],[27.131623000403639,12.837302999562496],[27.131989300138823,12.843528599890673],[27.132942600403148,12.853888500218501],[27.135428099555451,12.880899799984645],[27.137920900214393,12.907989799733883],[27.137970700118782,12.908531000083869],[27.151215800231032,12.934420600060093],[27.157412099684862,12.946532399704095],[27.162201700285785,12.955894300119525],[27.183853700154089,12.980403200291878],[27.187072699787045,12.984046899664458],[27.188568799875263,12.985740500093236],[27.192009800164342,12.989646699612408],[27.220612299846252,13.022117399684191],[27.22377540001396,13.025632000036332],[27.238930599592916,13.042471100367635],[27.240387700221444,13.044090099822986],[27.245819800168114,13.049888399596002],[27.274939000021615,13.081112600179493],[27.276215300326093,13.082481199775907],[27.286460899653562,13.093455299851191],[27.325609099748117,13.135387200048022],[27.339507199613394,13.150273600072943],[27.344025400302431,13.155112999819202],[27.349579600160819,13.161094500191709],[27.358185500108522,13.170493899803777],[27.356747300033593,13.174965500402669],[27.355851199994948,13.177751500301589],[27.354828600096372,13.180930899927688],[27.354714300256251,13.181314799704904],[27.34967359987213,13.198115299705405],[27.348419900281794,13.202293200219378],[27.349352100018461,13.205219400276198],[27.350207400373531,13.207903999992341],[27.35281440026122,13.216087200125465],[27.363373499944739,13.221336199679085],[27.366608399758153,13.22310619969962],[27.369189299993604,13.226185699642842],[27.371979499605455,13.229514900386269],[27.377777799574332,13.23671699997271],[27.380120300408109,13.25418819989207],[27.382172400165032,13.269492900157637],[27.382345299806076,13.273988700168077],[27.3837465997841,13.310422599682989],[27.384488900161287,13.329723200264793],[27.384980000143894,13.342491000115594],[27.391388699958476,13.350120400292717],[27.398726200284571,13.358365200048945],[27.412786799994858,13.374164400004021],[27.440587900035407,13.40540309963381],[27.448222800212708,13.413982100361297],[27.486072299612797,13.456511600034258],[27.486241400278512,13.456701600414119],[27.504425799843954,13.477134500021139],[27.5177925004046,13.492881600416684],[27.519047899607411,13.495257600134815],[27.525379300290048,13.507240799754243],[27.52859570019854,13.513328400094814],[27.534690299582373,13.526767000414491],[27.543183099839283,13.545493900395922],[27.544586899828662,13.565879599690849],[27.545380399685452,13.580528099599078],[27.545488299927484,13.591293499704024],[27.545592299684582,13.60167180001414],[27.545624499795906,13.604881099597753],[27.545588799848222,13.605128700204281],[27.545588799848222,13.610887900095996],[27.545287900160659,13.612971299778751],[27.542607400116392,13.631531099571642],[27.540767000034208,13.644274099770803],[27.539340099867271,13.646196100136608],[27.537776300044229,13.648302400254265],[27.536189400043728,13.649095899991508],[27.53499759976636,13.649274700235825],[27.534283800238249,13.64938169975288],[27.533691699973218,13.649462099723557],[27.532552699973341,13.649462099723557],[27.53057420008594,13.649462099723557],[27.528987300085372,13.649645199812786],[27.527767500219003,13.651587700128422],[27.52780220034175,13.652915800018841],[27.525349399865828,13.658572600180635],[27.524155200188343,13.661326699565741],[27.520783200394579,13.666892800332633],[27.519532599992029,13.668869199721286],[27.515280299728808,13.675589200382555],[27.497223600172621,13.704124300260579],[27.488421500082026,13.71170000025656],[27.455856500240817,13.739727700431065],[27.45517040026451,13.740318100425272],[27.456069799815193,13.745525499685762],[27.45517040026451,13.746299600104813],[27.463593299914173,13.795127700426484],[27.465445099617256,13.806213999565751],[27.466651999676206,13.813439099773241],[27.468170899904656,13.822532499841412],[27.471222699707013,13.86470779982181],[27.47232319971042,13.880389199749075],[27.47295840024449,13.889439000012681],[27.477518599867963,13.95441369980815],[27.477952600236229,13.960597599810811],[27.479287099693028,13.979611300423386],[27.479503500251749,13.98269580027817],[27.474718799960698,14.004768400018303],[27.471222699707013,14.020896700357886],[27.470327700104615,14.023394400122585],[27.451071899662779,14.077134500044892],[27.448702799713445,14.083746099736386],[27.443789999662833,14.09745710001007],[27.443172699857488,14.097509699746913],[27.44231079958001,14.097583200130829],[27.438908399898704,14.097873199737192],[27.437361100330854,14.098005099595724],[27.436802299715094,14.098052699926255],[27.436047599892071,14.098117099845103],[27.434429600216426,14.09824869984992],[27.422798099831571,14.099226300123545],[27.422186700161003,14.099277799930436],[27.421553200137836,14.099331400317718],[27.420818699832246,14.099393499767215],[27.42044679999956,14.09942489972938],[27.420124400034034,14.09945110004962],[27.4197216996652,14.099484900305297],[27.419262400043543,14.099523400093027],[27.414702499559073,14.099601899945645],[27.388515399894629,14.100051099803006],[27.385323499738913,14.100105800397968],[27.383880599678371,14.100130599669381],[27.34180090036768,14.100852399824893],[27.341814599675818,14.102506600277763],[27.341899099703024,14.112726399984817],[27.341956599966036,14.119671299605956],[27.341974199759033,14.121805000065098],[27.342081799963765,14.134804499729896],[27.342161299968126,14.144420899886214],[27.342196499554195,14.148675999795278],[27.342290999627188,14.160094700209749],[27.342295399575406,14.160629400112764],[27.342381600113484,14.171046999638779],[27.342414299688127,14.175006699574471],[27.342434400390914,14.177431600002077],[27.342436300327709,14.177666499740917],[27.342457099919802,14.180179299617148],[27.342517400231596,14.187465999634098],[27.342522199930123,14.18803980001473],[27.342582399630611,14.19531750013655],[27.342612699805109,14.198985299989587],[27.342650100263697,14.20351059993156],[27.342837499611722,14.221649699584196],[27.342840599697741,14.22194710007382],[27.342925500373585,14.230167299805933],[27.342984299600531,14.235860900108777],[27.342990400059588,14.236445500159888],[27.343082600445413,14.245368399755073],[27.343146500306545,14.25155920018897],[27.34316350002495,14.25320639964869],[27.343166200360724,14.253465000212566],[27.343173599783718,14.254356700423127],[27.343183500116432,14.255556999577959],[27.343191199576719,14.256482300347473],[27.343108400060352,14.256789799758137],[27.342274099621694,14.259887900137649],[27.340790499590657,14.265397499993432],[27.340218500028406,14.267330099629799],[27.33945079978659,14.269923499750103],[27.339345999630645,14.27027769965453],[27.339346199954967,14.272607600063667],[27.339346199954967,14.272700799931695],[27.339345999630645,14.278517499623517],[27.337587700175586,14.285757400308791],[27.337479400183248,14.286170199761477],[27.336902999774427,14.288489200366403],[27.334884199666771,14.296729000395006],[27.334564199999591,14.298035399636968],[27.332857400061496,14.305002200149426],[27.331226199642671,14.311660100248119],[27.331108399966226,14.312140900114699],[27.329228400349695,14.319814599682291],[27.328247200209287,14.323819400272894],[27.326345400277493,14.331582000277683],[27.325686900139974,14.334269999797806],[27.322882400247092,14.344748800223595],[27.322143199955992,14.344984599630951],[27.321970600352245,14.345637200250227],[27.317627599889715,14.362055500132904],[27.317489100334189,14.362579099922893],[27.316726799865528,14.364671400016995],[27.311758100349792,14.37831000022814],[27.311396000238506,14.379652099775445],[27.306142799780694,14.399123000167679],[27.303736799734455,14.408124600067115],[27.296350299902816,14.435759300324325],[27.287131299773698,14.470249600005388],[27.282726900359823,14.486727899661823],[27.274770800366085,14.516493599969873],[27.268321600007003,14.541050400402181],[27.258336600146841,14.579070699641443],[27.255120599988661,14.591316600298585],[27.243719000044646,14.634730900343715],[27.243594100084142,14.635206199643168],[27.24181849997505,14.641967499944887],[27.238614300086443,14.654167999872545],[27.235892199959657,14.664533099643243],[27.230720299729988,14.684226499674054],[27.22995950034624,14.687123600252217],[27.226752300084527,14.699335800369784],[27.226070200306193,14.701932900374937],[27.224228200324482,14.70894670015468],[27.215644999905702,14.741629500224349],[27.208517300215817,14.768769999762279],[27.206943200309759,14.774763599606516],[27.202640899817855,14.791145700085142],[27.202378400413753,14.792145199869076],[27.201031099964148,14.797273599576567],[27.200861300409088,14.798073899620919],[27.199517100045469,14.803090600371107],[27.199356699563307,14.803689299914527],[27.196767900441543,14.807412500005871],[27.190971399798222,14.81574930036496],[27.19055069988601,14.816354400127143],[27.185708200192948,14.823318999602316],[27.178728700067118,14.83335730039728],[27.176502699945878,14.83655889959868],[27.174973099884106,14.838758699960895],[27.172706600116559,14.842018499839289],[27.172506500387037,14.842306200153695],[27.170101599878677,14.845765100422517],[27.167613500103613,14.84934729984017],[27.167026000111218,14.850192999813192],[27.165105100199803,14.852958599991586],[27.159600499921488,14.860883500290663],[27.158688600313695,14.862196399844867],[27.154423100205658,14.868337500125588],[27.148317599765875,14.87712749979271],[27.146425899592749,14.879850900271251],[27.142053499966014,14.886137000117154],[27.133879599838409,14.897888299794145],[27.130044900299609,14.903401200163795],[27.123047699769401,14.913460800250171],[27.119705799825883,14.918252300300134],[27.119061099607674,14.920314699780802],[27.11691919976337,14.927166099746524],[27.116183699632913,14.929518900212305],[27.1146856996079,14.934310800101919],[27.113147400260832,14.939231399825861],[27.113017200240154,14.939647800280548],[27.112887099932522,14.940064199927795],[27.112756899911844,14.940480599635574],[27.112626699891237,14.94089700027159],[27.112496599583601,14.941313400100217],[27.112366399562926,14.941729899802548],[27.111319699661852,14.945077899838928],[27.109518399650732,14.950839900218226],[27.101934500425305,14.975099599975223],[27.100876000254694,14.9787900003115],[27.09700939974357,14.991044200402083],[27.092653699797879,15.004872500221824],[27.085869000239757,15.02672959994897],[27.074966700100251,15.06151489970663],[27.070408500126621,15.076216399985604],[27.069996900148311,15.077515599791226],[27.069134600120524,15.087567600280666],[27.06815309994278,15.099316200295336],[27.067167700178373,15.110703199965386],[27.067082300039274,15.111689400268316],[27.065892600023119,15.125252299679703],[27.06499909970891,15.13558390030529],[27.064556499768425,15.140709299720452],[27.064385200026912,15.142451100403326],[27.064026200001678,15.14643429964701],[27.063371700062099,15.154109000167322],[27.059715500261849,15.191579099839272],[27.045146799952086,15.365105900153671],[27.019298299572792,15.672984200268393],[27.010595299827663,15.776645300305901],[27.005388299724874,15.837458600348633],[26.985313700172924,16.05155450012704],[26.969863500142875,16.217331700400443],[26.967936199735146,16.238011200197093],[26.960172899760916,16.321310099920272],[26.95490220012141,16.377863999866772],[26.953388599953069,16.394103799953953],[26.953100300035697,16.397197100286103],[26.951820199857494,16.41093320010976],[26.949412100448409,16.436771400085956],[26.947510799979867,16.457171399705679],[26.947404900285974,16.458308199685039],[26.947184900177948,16.460480200427497],[26.94495709983293,16.482473399608452],[26.944916999936932,16.482869600329632],[26.944375899725546,16.488211499933293],[26.944242100155567,16.489532100293967],[26.9440589004315,16.491340499928299],[26.942689900277845,16.504855799663087],[26.942264500380091,16.509055299985345],[26.941714900309471,16.51514190017831],[26.940996300184473,16.523103599917416],[26.941070100378315,16.524797200394133],[26.941076700300691,16.52673660028627],[26.941173200023528,16.529513300329903],[26.941388800183297,16.529530899626138],[26.942175100042984,16.529525699755915],[26.944413600221434,16.529510900190978],[26.946802499937924,16.529495000022724],[26.950790499674859,16.529468500313602],[26.954853700079219,16.529441600146946],[26.959769399891499,16.529408999751059],[26.96674350024421,16.529362700376002],[26.9720912995896,16.529327200334258],[26.97637410035167,16.529298799951818],[26.998571600379648,16.5291514999203],[27.062220700366662,16.528729100038028],[27.083604999585404,16.52858720012587],[27.085564899854802,16.528574200386533],[27.102299500298358,16.528463200060166],[27.158835500015449,16.528088000037531],[27.22502029970773,16.527648800138888],[27.254407599961169,16.527453800427164],[27.28758680041993,16.527233600054874],[27.325204399729479,16.52698399971408],[27.408438000008903,16.526431699639055],[27.429002200255301,16.526295200379138],[27.492558799819193,16.52587460019971],[27.492571299876371,16.526259599873622],[27.492571299876371,16.52625979967323],[27.492575999861884,16.530656400392054]]]},"properties":{"adm0_ar":"السودان\u200E","adm0_en":"Sudan (the)","adm0_pcode":"SD","adm1_ar":"شمال دارفور","adm1_en":"North Darfur","adm1_pcode":"SD02","adm1_ref":"","adm1alt1ar":"","adm1alt1en":"","adm1alt2ar":"","adm1alt2en":"","date_":"2020-03-11","shape_leng":27.260995089999998,"validon":"2020-08-31","objectid":9}},{"type":"Feature","id":10,"geometry":{"type":"Polygon","coordinates":[[[27.429002200255301,16.526295200379138],[27.408438000008903,16.526431699639055],[27.325204399729479,16.52698399971408],[27.28758680041993,16.527233600054874],[27.254407599961169,16.527453800427164],[27.22502029970773,16.527648800138888],[27.158835500015449,16.528088000037531],[27.102299500298358,16.528463200060166],[27.085564899854802,16.528574200386533],[27.083604999585404,16.52858720012587],[27.062220700366662,16.528729100038028],[26.998571600379648,16.5291514999203],[26.97637410035167,16.529298799951818],[26.9720912995896,16.529327200334258],[26.96674350024421,16.529362700376002],[26.959769399891499,16.529408999751059],[26.954853700079219,16.529441600146946],[26.950790499674859,16.529468500313602],[26.946802499937924,16.529495000022724],[26.944413600221434,16.529510900190978],[26.942175100042984,16.529525699755915],[26.941388800183297,16.529530899626138],[26.941173200023528,16.529513300329903],[26.941076700300691,16.52673660028627],[26.941070100378315,16.524797200394133],[26.940996300184473,16.523103599917416],[26.941714900309471,16.51514190017831],[26.942264500380091,16.509055299985345],[26.942689900277845,16.504855799663087],[26.9440589004315,16.491340499928299],[26.944242100155567,16.489532100293967],[26.944375899725546,16.488211499933293],[26.944916999936932,16.482869600329632],[26.94495709983293,16.482473399608452],[26.947184900177948,16.460480200427497],[26.947404900285974,16.458308199685039],[26.947510799979867,16.457171399705679],[26.949412100448409,16.436771400085956],[26.951820199857494,16.41093320010976],[26.953100300035697,16.397197100286103],[26.953388599953069,16.394103799953953],[26.95490220012141,16.377863999866772],[26.960172899760916,16.321310099920272],[26.967936199735146,16.238011200197093],[26.969863500142875,16.217331700400443],[26.985313700172924,16.05155450012704],[27.005388299724874,15.837458600348633],[27.010595299827663,15.776645300305901],[27.019298299572792,15.672984200268393],[27.045146799952086,15.365105900153671],[27.059715500261849,15.191579099839272],[27.063371700062099,15.154109000167322],[27.064026200001678,15.14643429964701],[27.064385200026912,15.142451100403326],[27.064556499768425,15.140709299720452],[27.06499909970891,15.13558390030529],[27.065892600023119,15.125252299679703],[27.067082300039274,15.111689400268316],[27.067167700178373,15.110703199965386],[27.06815309994278,15.099316200295336],[27.069134600120524,15.087567600280666],[27.069996900148311,15.077515599791226],[27.070408500126621,15.076216399985604],[27.074966700100251,15.06151489970663],[27.085869000239757,15.02672959994897],[27.092653699797879,15.004872500221824],[27.09700939974357,14.991044200402083],[27.100876000254694,14.9787900003115],[27.101934500425305,14.975099599975223],[27.109518399650732,14.950839900218226],[27.111319699661852,14.945077899838928],[27.112366399562926,14.941729899802548],[27.112496599583601,14.941313400100217],[27.112626699891237,14.94089700027159],[27.112756899911844,14.940480599635574],[27.112887099932522,14.940064199927795],[27.113017200240154,14.939647800280548],[27.113147400260832,14.939231399825861],[27.1146856996079,14.934310800101919],[27.116183699632913,14.929518900212305],[27.11691919976337,14.927166099746524],[27.119061099607674,14.920314699780802],[27.119705799825883,14.918252300300134],[27.123047699769401,14.913460800250171],[27.130044900299609,14.903401200163795],[27.133879599838409,14.897888299794145],[27.142053499966014,14.886137000117154],[27.146425899592749,14.879850900271251],[27.148317599765875,14.87712749979271],[27.154423100205658,14.868337500125588],[27.158688600313695,14.862196399844867],[27.159600499921488,14.860883500290663],[27.165105100199803,14.852958599991586],[27.167026000111218,14.850192999813192],[27.167613500103613,14.84934729984017],[27.170101599878677,14.845765100422517],[27.172506500387037,14.842306200153695],[27.172706600116559,14.842018499839289],[27.174973099884106,14.838758699960895],[27.176502699945878,14.83655889959868],[27.178728700067118,14.83335730039728],[27.185708200192948,14.823318999602316],[27.19055069988601,14.816354400127143],[27.190971399798222,14.81574930036496],[27.196767900441543,14.807412500005871],[27.199356699563307,14.803689299914527],[27.199517100045469,14.803090600371107],[27.200861300409088,14.798073899620919],[27.201031099964148,14.797273599576567],[27.202378400413753,14.792145199869076],[27.202640899817855,14.791145700085142],[27.206943200309759,14.774763599606516],[27.208517300215817,14.768769999762279],[27.215644999905702,14.741629500224349],[27.224228200324482,14.70894670015468],[27.226070200306193,14.701932900374937],[27.226752300084527,14.699335800369784],[27.22995950034624,14.687123600252217],[27.230720299729988,14.684226499674054],[27.235892199959657,14.664533099643243],[27.238614300086443,14.654167999872545],[27.24181849997505,14.641967499944887],[27.243594100084142,14.635206199643168],[27.243719000044646,14.634730900343715],[27.255120599988661,14.591316600298585],[27.258336600146841,14.579070699641443],[27.268321600007003,14.541050400402181],[27.274770800366085,14.516493599969873],[27.282726900359823,14.486727899661823],[27.287131299773698,14.470249600005388],[27.296350299902816,14.435759300324325],[27.303736799734455,14.408124600067115],[27.306142799780694,14.399123000167679],[27.311396000238506,14.379652099775445],[27.311758100349792,14.37831000022814],[27.316726799865528,14.364671400016995],[27.317489100334189,14.362579099922893],[27.317627599889715,14.362055500132904],[27.321970600352245,14.345637200250227],[27.322143199955992,14.344984599630951],[27.322882400247092,14.344748800223595],[27.325686900139974,14.334269999797806],[27.326345400277493,14.331582000277683],[27.328247200209287,14.323819400272894],[27.329228400349695,14.319814599682291],[27.331108399966226,14.312140900114699],[27.331226199642671,14.311660100248119],[27.332857400061496,14.305002200149426],[27.334564199999591,14.298035399636968],[27.334884199666771,14.296729000395006],[27.336902999774427,14.288489200366403],[27.337479400183248,14.286170199761477],[27.337587700175586,14.285757400308791],[27.339345999630645,14.278517499623517],[27.339346199954967,14.272700799931695],[27.339346199954967,14.272607600063667],[27.339345999630645,14.27027769965453],[27.33945079978659,14.269923499750103],[27.340218500028406,14.267330099629799],[27.340790499590657,14.265397499993432],[27.342274099621694,14.259887900137649],[27.343108400060352,14.256789799758137],[27.343191199576719,14.256482300347473],[27.343183500116432,14.255556999577959],[27.343173599783718,14.254356700423127],[27.343166200360724,14.253465000212566],[27.34316350002495,14.25320639964869],[27.343146500306545,14.25155920018897],[27.343082600445413,14.245368399755073],[27.342990400059588,14.236445500159888],[27.342984299600531,14.235860900108777],[27.342925500373585,14.230167299805933],[27.342840599697741,14.22194710007382],[27.342837499611722,14.221649699584196],[27.342650100263697,14.20351059993156],[27.342612699805109,14.198985299989587],[27.342582399630611,14.19531750013655],[27.342522199930123,14.18803980001473],[27.342517400231596,14.187465999634098],[27.342457099919802,14.180179299617148],[27.342436300327709,14.177666499740917],[27.342434400390914,14.177431600002077],[27.342414299688127,14.175006699574471],[27.342381600113484,14.171046999638779],[27.342295399575406,14.160629400112764],[27.342290999627188,14.160094700209749],[27.342196499554195,14.148675999795278],[27.342161299968126,14.144420899886214],[27.342081799963765,14.134804499729896],[27.341974199759033,14.121805000065098],[27.341956599966036,14.119671299605956],[27.341899099703024,14.112726399984817],[27.341814599675818,14.102506600277763],[27.34180090036768,14.100852399824893],[27.383880599678371,14.100130599669381],[27.385323499738913,14.100105800397968],[27.388515399894629,14.100051099803006],[27.414702499559073,14.099601899945645],[27.419262400043543,14.099523400093027],[27.4197216996652,14.099484900305297],[27.420124400034034,14.09945110004962],[27.42044679999956,14.09942489972938],[27.420818699832246,14.099393499767215],[27.421553200137836,14.099331400317718],[27.422186700161003,14.099277799930436],[27.422798099831571,14.099226300123545],[27.434429600216426,14.09824869984992],[27.436047599892071,14.098117099845103],[27.436802299715094,14.098052699926255],[27.437361100330854,14.098005099595724],[27.438908399898704,14.097873199737192],[27.44231079958001,14.097583200130829],[27.443172699857488,14.097509699746913],[27.443789999662833,14.09745710001007],[27.44810670014877,14.097089100160225],[27.454660800376843,14.096548399567082],[27.45705349996706,14.096137400426649],[27.472824599776146,14.093578600099884],[27.480748699982851,14.092283099679813],[27.496738500037761,14.118112499648731],[27.504385399910621,14.118126999595253],[27.509442499938594,14.118136600015987],[27.532721399990422,14.118180700092429],[27.541362200385258,14.118197100081058],[27.556344600036216,14.118225499718692],[27.561974800062536,14.118236199565986],[27.600503099729021,14.118309300365139],[27.603943899693785,14.118315800245588],[27.618749599829979,14.118343900182213],[27.624310200184784,14.118354399652285],[27.640496999883172,14.118385100058228],[27.65671550022963,14.118415899774675],[27.666426699879398,14.118434299976613],[27.711833500287689,14.118520399590398],[27.753604000375894,14.118599600299309],[27.760421899870277,14.11861249985761],[27.770361499774296,14.118631400100909],[27.772795299983674,14.118635999929328],[27.773489899819186,14.117809999921571],[27.786023200053162,14.102905500362699],[27.791313199996608,14.096614700136911],[27.809920800383878,14.074486800094425],[27.823633600263975,14.058179900388113],[27.837333900086893,14.061023299940011],[27.851822699743686,14.069262099873409],[27.860487500427976,14.072671200328081],[27.872514999749548,14.063731699944018],[27.873902700132483,14.061132299795103],[27.875891400389957,14.05890959995709],[27.879108200048719,14.05803229998298],[27.880414499592202,14.06089830025803],[27.879743399684493,14.061488099617984],[27.879417499882507,14.061774399785707],[27.877840899964994,14.063159999940426],[27.874916299810305,14.065889599742126],[27.872518099835599,14.068619300282402],[27.869885900407532,14.070257099909837],[27.863084099621336,14.080359799813573],[27.862985399924447,14.081229200091787],[27.862895400411073,14.082022299983729],[27.862711700325331,14.083643100072456],[27.908087100122842,14.082037799885473],[27.91288220020996,14.074563300098276],[27.913330799998256,14.073863999622292],[27.914021399635825,14.07100290030457],[27.91441039979826,14.069391499747402],[27.911325900421254,14.068003500118795],[27.903460600339862,14.070625299844037],[27.899180799950862,14.074326600054599],[27.898322899871324,14.071831700391222],[27.898249600039097,14.071618300277441],[27.897908199806928,14.070625299844037],[27.900684199749062,14.068774600252029],[27.907007399711532,14.062605700236757],[27.919807900233423,14.055665600174459],[27.959356599824361,14.050766700265324],[27.963286400409011,14.051400500153958],[27.988041999633946,14.055393299583956],[27.994519399906412,14.079914800213835],[27.994061100109725,14.080716800021008],[27.994260700375964,14.081477300326869],[27.986935799819989,14.094371599589804],[27.986872899783791,14.094893999951784],[27.986819099681423,14.095340199716846],[27.986788699793916,14.095592999918264],[27.986541199560111,14.097648100285447],[27.986487400356044,14.098094400086842],[27.986288299553092,14.099748100403595],[27.985952299992409,14.102537999811226],[27.985714900415669,14.104508799786531],[27.985832900416433,14.104977000259087],[27.986054000062406,14.10585399971167],[27.987334800028179,14.110936000070785],[27.988571799937343,14.115844000212567],[27.989468100300272,14.119400300216112],[28.003167299686943,14.123051899575493],[28.012620499593837,14.12208230035432],[28.01407769993531,14.120524599764815],[28.015144199603576,14.119384599868992],[28.018456400345517,14.115844000212567],[28.019615899900227,14.114604500380318],[28.024236500446733,14.110704300158776],[28.030771199759631,14.105199400374124],[28.040175799911317,14.09727689972974],[28.043794000076719,14.094229000142558],[28.04807779976543,14.090620200237021],[28.04899000030882,14.08985169970456],[28.049715300069199,14.08924080028099],[28.071409100344379,14.070965700136535],[28.073411199872627,14.06927910026508],[28.075029999947223,14.06651759967105],[28.077261000091301,14.062711900423309],[28.080324000088609,14.057486799583659],[28.080656600424241,14.056919400093342],[28.081110699698637,14.056144600037859],[28.079849599787078,14.050914599902107],[28.074117500264734,14.050006500427953],[28.073351900284063,14.050215300324501],[28.070371800414435,14.0510281003187],[28.067760999754761,14.048984999680822],[28.067420399921541,14.045693200091936],[28.066847200210074,14.040892100022676],[28.066512399900311,14.038088199839697],[28.061745000263329,14.03184519980084],[28.056095299608781,14.024596500094946],[28.055729099586543,14.024126699612209],[28.051487800092307,14.019327299727868],[28.054266099721541,13.999879200025516],[28.056292799613871,13.98569239985456],[28.056656099874342,13.983264799840828],[28.066648400342782,13.979304499705639],[28.068160399713229,13.978695899799988],[28.124683600234174,13.95594439967153],[28.124875899892132,13.955866999659644],[28.197263599858886,13.969660900361278],[28.222637900261066,13.995035099799386],[28.232719300130913,14.00511659971653],[28.253423599832402,14.025820899795971],[28.306882799632845,14.005305400401115],[28.314315700143794,13.999472599927234],[28.324460900161831,13.991511499639914],[28.362984400129726,13.987363700354274],[28.365842700124936,13.987055899695822],[28.395261700128049,13.973872300262899],[28.395733000343601,13.973697499926477],[28.399045899974819,13.97246850042651],[28.456552000248784,13.94703539982757],[28.458751800106413,13.946062500392367],[28.486234200341944,13.933908000228763],[28.496693499892292,13.933894300352909],[28.497068300385038,13.933894300352909],[28.510849000324178,13.929198700051568],[28.530027300411525,13.922663800378031],[28.559873499637952,13.912287900124236],[28.560498100051639,13.912053400339369],[28.570467000305218,13.908312199678573],[28.586057599827619,13.902461200380872],[28.593046100174337,13.900080800303623],[28.600034599622656,13.897700499578326],[28.638047700202304,13.859687400183738],[28.652180299882648,13.859554899691805],[28.659482899761677,13.859492399713224],[28.669406199734798,13.867650300036148],[28.674070300300684,13.866877700434722],[28.678031499699454,13.859320900369406],[28.703226299639788,13.859069399981326],[28.70367229970368,13.859065199642446],[28.7100073996486,13.84289569986097],[28.710081000416491,13.842707800036555],[28.722837399946179,13.848078900073578],[28.732303900309127,13.849431199735214],[28.732663999872276,13.849482699625815],[28.736265099707929,13.84649200028111],[28.744443800432357,13.827509999631392],[28.74603070043289,13.817866499779033],[28.747067800038547,13.811887700072653],[28.767270899998596,13.810908500402402],[28.784964300192609,13.83511039991196],[28.801450600003381,13.857661400426469],[28.844251899812171,13.85743809984438],[28.871185999839312,13.857297600269916],[28.871641099837007,13.85729520005799],[28.871641099837007,13.855580200395918],[28.871641099837007,13.854060299673085],[28.871641099837007,13.825558199901243],[28.871641099837007,13.802039299686189],[28.871641099837007,13.776301499569101],[28.947104599895535,13.746552599943286],[28.949766299997545,13.745503300170828],[28.951841299607718,13.744685299677101],[28.959653800310004,13.74151149982967],[28.992063399691897,13.718684300377168],[29.021253499977473,13.71346090002922],[29.026853500440641,13.712458800255673],[29.064474799910766,13.693791700276277],[29.074818199721502,13.688659499600655],[29.106178500376178,13.687331199721424],[29.106626400376804,13.687312300013195],[29.126829099688248,13.663508600237568],[29.154450599554036,13.629566799968451],[29.162839799804051,13.619258099893853],[29.165281199760738,13.616511500101513],[29.176474899903667,13.602759299730664],[29.186586699661056,13.590336100196021],[29.201633399821684,13.572160599685022],[29.207697099854727,13.564836399689451],[29.212989299772332,13.558444199821047],[29.219236300140743,13.550898699872507],[29.221418299881051,13.54996590016996],[29.227231899955822,13.547480700138156],[29.233274399748129,13.544489999910654],[29.239072699717006,13.542658900202568],[29.243284099685315,13.540278600161791],[29.249082500265466,13.537470999669244],[29.261838800082145,13.532099900054613],[29.262989199703018,13.531428799611112],[29.268430599907774,13.528254700397671],[29.265239999614295,13.518749399986826],[29.26275499992531,13.511346100146167],[29.259641599948981,13.502070600415054],[29.266233399774549,13.500300500026823],[29.273252399721784,13.49749290018638],[29.274205799699118,13.497164599620502],[29.284238700425142,13.493708799604455],[29.290464300228535,13.489863499690145],[29.296628899932593,13.484675500144247],[29.298032699922075,13.481684799833086],[29.301877899868149,13.479304499930128],[29.322315199605971,13.468117500314264],[29.32662990044204,13.465755699676151],[29.350828100423055,13.452510000351035],[29.362625700202251,13.446262899775286],[29.381174600177285,13.436440700342922],[29.38183389981549,13.436091599902108],[29.393307000266244,13.433548599830223],[29.393674800187981,13.433467100213628],[29.402036600025234,13.438654999682825],[29.410808399941335,13.438654999682825],[29.411252899818674,13.438654999682825],[29.415037099665373,13.428889399749746],[29.454351400052612,13.420536299901714],[29.515867100054489,13.407466099850879],[29.527280699694131,13.355891400320141],[29.527275399633893,13.354778599689562],[29.527272700196516,13.354741000070636],[29.525952800159647,13.336170199899012],[29.525242499569561,13.326176499877478],[29.520637700388836,13.261389900001594],[29.5202616997469,13.25609889982695],[29.520160800075843,13.255661799723473],[29.520078599735776,13.255305399971112],[29.523175800392575,13.231949800087474],[29.527973699630113,13.195769600016659],[29.528476899919688,13.191974899876842],[29.529151399950745,13.186888800128507],[29.532041500307038,13.16509550018646],[29.534347899646164,13.154516100159359],[29.538637900405238,13.134838100325819],[29.541091099733137,13.123585100275866],[29.545471000292572,13.103494799959105],[29.546079500201451,13.10070340041829],[29.557362200032813,13.093120600013545],[29.564850099897054,13.088088100036584],[29.587211800280844,13.088667900349799],[29.587644499888583,13.088679499929578],[29.598387700306386,13.069967999732313],[29.609077999835485,13.051348700079997],[29.620854599698205,13.030837500156784],[29.621824400217683,13.029148399788262],[29.630212700355838,13.014538499813542],[29.637228300179732,13.002319499608859],[29.637449200399679,13.001704399606163],[29.636423200377692,13.000494199775193],[29.635068799643992,12.998896699757745],[29.634873900261667,12.998701800277566],[29.638651999649312,12.993599199591397],[29.676408299737005,12.942606300135175],[29.684282800363604,12.931971199874788],[29.701923100242819,12.908146499728048],[29.702878899620334,12.906855699861929],[29.71125770007432,12.894613600413811],[29.72326460012815,12.877070599644952],[29.737250500431028,12.848384600326311],[29.741741999596545,12.839172199956598],[29.768451500141389,12.784389199608489],[29.774656199741447,12.771662900393785],[29.779268100104431,12.762553600394657],[29.780060399811969,12.760988699828612],[29.780294400163722,12.760526500426197],[29.784482900278825,12.752253699928714],[29.788083900401464,12.749262999684229],[29.787930799629315,12.748037500410987],[29.788083900401464,12.747309800213911],[29.788330099874763,12.745727499978319],[29.801879900446494,12.739685099983483],[29.802673299691975,12.739318799680525],[29.805725100392639,12.737915000376853],[29.807312000393171,12.737487800177568],[29.809082000404853,12.737121600091688],[29.826904299858974,12.733703599629676],[29.829031000208655,12.733397099873724],[29.833679199695727,12.732727099967585],[29.836461900171543,12.732285300108336],[29.837524399641797,12.732116700117924],[29.843689000244186,12.731323200197659],[29.851074200213592,12.729309099849621],[29.854919400159666,12.727111800375617],[29.859680199874308,12.724304199914215],[29.862487799853238,12.724304199914215],[29.869303399660517,12.724401699772748],[29.910345299577934,12.724989099942205],[29.926529399838913,12.7252207000844],[29.930725099951047,12.725280800351776],[29.933715799940998,12.724914600163162],[29.940673799788868,12.7238769995694],[29.950683600337328,12.72271730030767],[29.953491200316186,12.722290000026328],[29.971496599781425,12.720092800123291],[29.993187500294876,12.713585500284738],[29.994079600135542,12.713317900230567],[30.004099900193051,12.710138800215327],[30.009277299908916,12.708496099901406],[30.011694299825809,12.704326900159739],[30.01190189958967,12.703124999738483],[30.012084999600788,12.698730499991493],[30.010497999887242,12.692871099682353],[30.007873499919434,12.686706499916381],[30.007690399908345,12.685913100034394],[30.005478700068174,12.680695600112566],[30.005310099764035,12.680297899899568],[30.001708999928386,12.671508800343465],[30.002680599773452,12.656565999858552],[30.003258500368695,12.647678199790148],[30.003407800368922,12.645381600352451],[30.003478999940004,12.644287099954459],[30.005493199775156,12.638671900069472],[30.00671389975345,12.636901899756122],[30.013122599568032,12.626281700093459],[30.01350629967029,12.625871000242217],[30.018310499691168,12.6207274998473],[30.019195599859152,12.619323699765005],[30.020080600314163,12.617919899871849],[30.023925800260269,12.614502000305455],[30.027526900095914,12.607910200244374],[30.029113800096486,12.605102500051833],[30.029296900107539,12.604919400050234],[30.029724100229142,12.604492200394315],[30.033508300075841,12.598693800295038],[30.033508300075841,12.597900399647532],[30.035764499760305,12.595107000075259],[30.036034400384061,12.594772800073766],[30.035682300318534,12.587066799786728],[30.035522499910996,12.583923300025816],[30.036315900054774,12.564514200088281],[30.036044800180093,12.554368199673597],[30.035888699933167,12.548522900241592],[30.038275999750198,12.533033300080556],[30.038513199900979,12.531494100291884],[30.038879399923147,12.529724099934363],[30.043809600340776,12.520639299900651],[30.044311499869885,12.519714400265464],[30.039489700055807,12.507324199624042],[30.031921400075348,12.495727499748469],[30.030883800108104,12.491088900046316],[30.030090300251317,12.4876709002653],[30.030484100112343,12.476983100191026],[30.030517600085865,12.476074199686455],[30.030883800108104,12.474914599731209],[30.040710400034204,12.446716300305294],[30.050292999562757,12.443481400177085],[30.070922899894107,12.447082500328555],[30.087890599679127,12.456481900100185],[30.093689000259278,12.460327100011801],[30.09854659973395,12.464088900265883],[30.103698700196492,12.468078599787013],[30.125305200395683,12.481506299593443],[30.135681200068017,12.489929199845623],[30.152282699830835,12.497070299955087],[30.156494099799176,12.498718300160069],[30.159912099623707,12.500671399806123],[30.168884300204986,12.503478999743457],[30.209716800134736,12.519287100239483],[30.226501499621612,12.52648930004921],[30.227477999776514,12.526123000181085],[30.229492199611595,12.52691649957502],[30.249877900119511,12.529907200021837],[30.256286599934025,12.530883800317723],[30.260314899891213,12.531494100291884],[30.260925299736886,12.531677199999256],[30.270324700439744,12.533081100406477],[30.295199899564967,12.534054600214835],[30.301513699556246,12.534301799871418],[30.303527799678321,12.534912099644556],[30.308105500280174,12.535888700268801],[30.31876889975802,12.536295199941794],[30.328918499724278,12.536682100327104],[30.331909199714254,12.535705600045798],[30.334289599571544,12.535705600045798],[30.351318400067274,12.529724099934363],[30.359497099893407,12.526672399803221],[30.369974499598438,12.517544000232339],[30.372647699932724,12.515215000392946],[30.373718300410239,12.514282199960146],[30.371704099676791,12.51269529992331],[30.372314500420792,12.512085000201454],[30.37069429987266,12.510910400414261],[30.369872999852863,12.510314900007822],[30.371490500065153,12.508819600187216],[30.373107899666273,12.507324199624042],[30.379699700390198,12.498718300160069],[30.385925300193591,12.491882300108562],[30.406127899792093,12.47467039996328],[30.412719100441432,12.4711306997216],[30.412719699617693,12.471130399746823],[30.41607670024122,12.47271729962603],[30.414610600290136,12.473677800068934],[30.414306599618225,12.473876999761712],[30.414607200166785,12.47372130037818],[30.415037300050159,12.473498600119324],[30.416140399778001,12.47292729995489],[30.417724600341121,12.472106900287878],[30.4207153003311,12.473510699871643],[30.42547610004571,12.46972660042095],[30.439697299664182,12.458496099602398],[30.444702099776272,12.454894999947768],[30.449706999601336,12.450317400317305],[30.456023199891089,12.435624400358428],[30.456753000211027,12.433926900360966],[30.458066799788782,12.430870400248693],[30.458313000160416,12.43029789999804],[30.458313000160416,12.427736999900434],[30.458313000160416,12.426513700259155],[30.462707500139842,12.420104999632175],[30.46307370016201,12.419311500186994],[30.466308599975491,12.411499000215517],[30.467895499975992,12.402710000234809],[30.467994499710247,12.402521399636782],[30.476928699758314,12.385497999566251],[30.481079099627252,12.373901399700216],[30.487670900351251,12.357116699918731],[30.495483400155209,12.336303700364486],[30.500488299980272,12.324707000082194],[30.500834599624046,12.324057700399637],[30.50292969993696,12.320129399835821],[30.506286599949149,12.311279300397834],[30.507801800016953,12.309764199769463],[30.509286999947523,12.308367600046834],[30.519565599785263,12.29870309986477],[30.521753600271644,12.296664300041927],[30.524475100323844,12.294128400000218],[30.527498400175418,12.291243599666808],[30.530760200040049,12.288176600110454],[30.532550299856158,12.286493400246128],[30.537031499836914,12.282279799922787],[30.537892500002471,12.281470200412715],[30.540021200002027,12.27946860004521],[30.540876500357061,12.278664299740431],[30.543866699985394,12.275852899741539],[30.54926849975757,12.270773900131976],[30.552367600351161,12.267859799971008],[30.553363000161291,12.266923799596226],[30.554269899746309,12.266070999832371],[30.558984599717171,12.26163740028068],[30.559295699774744,12.2613448998696],[30.55949770033946,12.261154900088906],[30.560931600179082,12.261295799663944],[30.561804600040197,12.260499599763483],[30.562352799637278,12.259972200079234],[30.563279100137443,12.259081099988959],[30.563162300285864,12.258185799961051],[30.563121799741296,12.257874999875431],[30.563028499817555,12.257159399748856],[30.562955199985325,12.256597300284213],[30.562912999828281,12.256274199777879],[30.562873599719889,12.255971900214984],[30.562702099654022,12.254657299922814],[30.562614099790494,12.253925199803323],[30.570100500366575,12.254678700055136],[30.576763499763292,12.255349199788331],[30.577285400282108,12.255401700111785],[30.581910699915898,12.25586699985851],[30.582579699562462,12.25593429961585],[30.583891300064415,12.256066199716473],[30.586048500014684,12.256283200279093],[30.587753400015984,12.256454699577862],[30.588735299944062,12.256553400395713],[30.589444500097933,12.256624800366724],[30.590985199743407,12.259067900037602],[30.591248000083176,12.259501700287952],[30.591491700443289,12.259887700298943],[30.621093799559226,12.259887700298943],[30.704444700051841,12.26827380012287],[30.710876500043913,12.268920900036166],[30.735107399599602,12.280883800274024],[30.748620900149056,12.285997699590924],[30.754010499901316,12.288037300106273],[30.768493700358899,12.293518099768876],[30.794098399766806,12.306302200078829],[30.81127930031149,12.314880400071242],[30.844636500147178,12.327169899684735],[30.844909700282912,12.327270500304053],[30.875297500082336,12.33542640003424],[30.889709500070577,12.339294400391584],[30.919311500371837,12.341491699662097],[30.928283700054788,12.345519999839448],[30.929504400033114,12.348083500002913],[30.92966719991546,12.348454400042879],[30.931701699879319,12.353088400108669],[30.936279299869867,12.364685099856448],[30.940154899703483,12.372055600067938],[30.943115199805924,12.377685500248543],[30.945495599663243,12.378295900142705],[30.958496100201749,12.381530799649447],[30.964721700005143,12.381530799649447],[30.994657199855627,12.381333199804782],[30.996653199823083,12.381319999861375],[31.001708999988818,12.381286599895132],[31.018920899597266,12.383117699839319],[31.021245499702388,12.38347530031411],[31.021301300352892,12.383483899860595],[31.021301300352892,12.387512200418547],[31.023315399576699,12.391906699793347],[31.024108900331814,12.39349370005927],[31.024719199566182,12.394714399885549],[31.024475100353989,12.399108899831679],[31.024475100353989,12.400695800100277],[31.024719199566182,12.403503400253534],[31.024439899869559,12.40470439981859],[31.024108900331814,12.406127900271926],[31.022346899817752,12.413018799835971],[31.020690899608923,12.419494600272039],[31.020742900385798,12.419910899605672],[31.021118200341839,12.422912600149312],[31.021897499630573,12.425932500156],[31.02307130036457,12.430481000243335],[31.023498499587813,12.431884799594803],[31.024292000342868,12.435485799985033],[31.024632600176158,12.437040799720084],[31.027099600321765,12.44830319959914],[31.027099600321765,12.454711900250064],[31.027282700332879,12.456115700184313],[31.027282700332879,12.456526499756707],[31.027282700332879,12.46649169956479],[31.027099600321765,12.472473100417689],[31.026881699576556,12.473132899639273],[31.024902299577231,12.479126000165266],[31.022705100342332,12.486328100370388],[31.021484400364006,12.490478500178424],[31.020080600374595,12.495117200287661],[31.019897500363513,12.496276900024947],[31.01770019961894,12.507080099737491],[31.012878399804997,12.531494100291884],[31.006530799802832,12.548278799894776],[31.002075200011056,12.560485800163251],[30.997070300185925,12.569519000247015],[30.993530300162622,12.576110799772032],[30.991088900205998,12.580322300390675],[30.986328099593024,12.586120600309551],[30.980102499789631,12.594116200037217],[30.977477999821822,12.598083500280165],[30.976169200266952,12.600132100371402],[30.976074199832404,12.60028080024316],[30.976456600072467,12.600879300201902],[30.980285599800744,12.606872600253086],[30.987121600348107,12.610717800408011],[30.98852540033759,12.610290499964361],[30.992675800206495,12.609497100157169],[31.01910399960839,12.604492200394315],[31.034301799993099,12.605529800383083],[31.047912599765901,12.608276400224902],[31.054504399591501,12.609680200393518],[31.06073000029329,12.610900899771643],[31.094482399565191,12.618103000221209],[31.108703600081959,12.62109379983743],[31.116088899764378,12.622070299785848],[31.120727499854258,12.622070299785848],[31.124184100286566,12.621011700156181],[31.130493200292296,12.619079600120353],[31.131286600436074,12.619079600120353],[31.131897000281743,12.618713399811401],[31.156677199870661,12.611083999881],[31.175109900068783,12.608520499649483],[31.179691999720625,12.609139300225733],[31.194091799688916,12.611083999881],[31.19848629966835,12.612304699581047],[31.203125000369539,12.614502000305455],[31.208679200227923,12.617675799765024],[31.212890600196236,12.617919899871849],[31.24188230036486,12.615905799657419],[31.269897500378566,12.624877899805051],[31.299926799616109,12.627502400062291],[31.314880400177287,12.631713900265959],[31.336486799765233,12.642883300379093],[31.360717799932168,12.648498499713426],[31.376862400371834,12.651623300396755],[31.3815308002746,12.652526899946194],[31.391723600222939,12.654480000357998],[31.416870100445358,12.655883800151015],[31.426330600062265,12.656921400209782],[31.437927199999983,12.658325199717657],[31.464904800046472,12.652282699660013],[31.469867300288435,12.651111199775835],[31.483520499644378,12.647888200166182],[31.520080600404842,12.639709499952952],[31.543090799982103,12.634521499601648],[31.576904299964713,12.625488299888596],[31.592585199936149,12.621349600276041],[31.599640499905661,12.619487499571617],[31.615204800349808,12.615379699607123],[31.618530299751317,12.614502000305455],[31.629211999708101,12.611523000411916],[31.651182199918072,12.605395799927328],[31.664489699704898,12.601684600385099],[31.664783299682419,12.601692200282139],[31.671074499857781,12.601855900028223],[31.675497799825219,12.60197100036341],[31.680908200067872,12.60211180033826],[31.680845099707359,12.60262839997049],[31.680748500271608,12.603419299748996],[31.680687399560966,12.60392000013363],[31.680387099947968,12.606378699746617],[31.680236200048238,12.607613600011977],[31.678309400002092,12.623389499842469],[31.676277600373936,12.640024500200283],[31.673775699781167,12.660508999769947],[31.673095700263914,12.666076700109441],[31.67272950024174,12.669311499991503],[31.672119100396067,12.677490200372807],[31.670562399958762,12.696934300212009],[31.670346799798985,12.699627400235071],[31.668884300295606,12.717895499706774],[31.684256499609511,12.751090700321837],[31.685729999881886,12.754272499809009],[31.687046000332057,12.757162800067354],[31.695678699719696,12.776122999639854],[31.695129399686376,12.790283199983525],[31.694145800145822,12.801135199666879],[31.693501399964944,12.80824590003667],[31.693298299862345,12.810485799967237],[31.691894499872927,12.822082500097281],[31.688990899634586,12.845773700025193],[31.688838000084989,12.8470206999414],[31.68870560009022,12.848100999859076],[31.688336399695011,12.851113400078857],[31.688073799679529,12.853256099747922],[31.687785199724861,12.855610599973076],[31.687231499743287,12.86012830019426],[31.686729499602933,12.86422420040647],[31.686665400315846,12.864747699775252],[31.686523400025663,12.865905799690113],[31.688244800282114,12.870672599985204],[31.688903799882915,12.872497600378843],[31.68981670021401,12.875074599895946],[31.693693100446602,12.886016699816819],[31.695678699719696,12.892517099835198],[31.702599399720288,12.907625599707741],[31.708679200258139,12.920898400337752],[31.713739800122433,12.927360800145287],[31.720701200093583,12.936250499620437],[31.721679699898285,12.937500000272722],[31.724072400386795,12.939941199615815],[31.725445900201681,12.941342599977441],[31.730712899680604,12.946716300278878],[31.732589400359075,12.949147199638972],[31.736084000426235,12.953674299790567],[31.736291699903042,12.954660999978859],[31.73670389995598,12.956618699792543],[31.737304700404529,12.959472700050778],[31.737347400024969,12.960568600360702],[31.737590299986199,12.966802799980348],[31.737670900426735,12.968872100272648],[31.737385299946776,12.969686500412406],[31.736763699906163,12.971459399778688],[31.731079099702779,12.987670899591359],[31.731253000067056,12.988070800434111],[31.731951800424895,12.989677499777656],[31.741272000262423,13.011108400044401],[31.762329099817013,13.027099600169391],[31.765700099785843,13.028100699666075],[31.782502600288435,13.033111600149399],[31.79650879982179,13.046508799586737],[31.804549300129693,13.054509699945859],[31.825378799828918,13.07523659975439],[31.833679199816519,13.08349610022697],[31.847900400333319,13.105285599716568],[31.848350999771494,13.105525399944842],[31.860290500127832,13.111877400096276],[31.917480500321279,13.138305700225919],[31.923359600156648,13.141693200078873],[31.943115199866348,13.153076200105421],[31.957054200026537,13.157492799677081],[31.959904999987451,13.158396100411881],[31.970275899923962,13.161682099575691],[31.994323700366831,13.159912099966414],[32.013624800153501,13.198143899591372],[32.021108000032193,13.212966599871775],[32.021740399619176,13.214219100399738],[32.026122999615993,13.222900399623015],[32.025741699812208,13.224397200207926],[32.019393499735415,13.249317000381398],[32.016296399689921,13.261474600164565],[32.011509699749034,13.270057700077016],[32.005676299907073,13.280517600379794],[31.994093100138457,13.308901000112723],[31.990905800255309,13.316711400119411],[31.990691599670779,13.318398400241396],[31.985034300167218,13.362966100335642],[31.98291020044023,13.379699700072337],[31.989537599602237,13.385639499595781],[32.015831299646507,13.409204999747633],[32.02324440039034,13.415848899569587],[32.023498499648213,13.416076699595861],[32.023572899916687,13.417910899611632],[32.023844699578937,13.424609600022007],[32.024294799553722,13.435705700089237],[32.024463000107545,13.439852200253197],[32.024902299637667,13.450683600335402],[32.025599500096007,13.45203839986555],[32.025697500005286,13.452228699968163],[32.0270149000307,13.454788600255529],[32.030273400383294,13.461120600410574],[32.032852200357631,13.468542300429725],[32.035267799800984,13.47549450036702],[32.035242199612071,13.475527200374994],[32.034672799774228,13.47625589957034],[32.026010400286708,13.486713500363532],[32.018450999915729,13.495839500003893],[32.016723599811534,13.497924800323149],[32.014322400362111,13.497873599976971],[31.996704100224154,13.497497599637507],[31.979005600294251,13.493845499857196],[31.977477999882254,13.493530299672983],[31.96718280007644,13.499870000034548],[31.965881300231519,13.500671399996639],[31.960462599555655,13.511486800315936],[31.953548600088748,13.525286599767384],[31.951621500005309,13.529132899784365],[31.950927699670345,13.530517600059712],[31.951011700234265,13.531625399897564],[31.95191400044494,13.543524300112955],[31.952126199583038,13.546322100325083],[31.95288090030439,13.556274399890539],[31.952519800018045,13.556581700263298],[31.936889600062955,13.569885299936585],[31.929391100078366,13.576239199953429],[31.923651999985012,13.581102200282023],[31.917297400310161,13.586486800414681],[31.910896600280257,13.591924800174525],[31.905378100369553,13.596613200107013],[31.90498179959884,13.596949900078709],[31.88925630007018,13.610310000309452],[31.883068799614584,13.61556680008646],[31.873448699914427,13.623791500315635],[31.872557599898698,13.626356500419833],[31.86840990036546,13.638295399596982],[31.865232700241016,13.647440999634515],[31.863608800430598,13.652115299970358],[31.862965900436208,13.653965800405256],[31.860920500314702,13.659853599743373],[31.857895100201905,13.668562199650646],[31.856314500086452,13.673111899867402],[31.855896000148402,13.674316400404273],[31.852066899808808,13.684557499870966],[31.850818099630111,13.687897699747047],[31.847605900243884,13.696488999761634],[31.84319320039679,13.708291099806669],[31.840159400137775,13.716405099668249],[31.83789059978486,13.72247309971266],[31.837581200238098,13.723306699910719],[31.834899899794884,13.730529800167741],[31.834028499833298,13.732966100294385],[31.826096199804759,13.75514270034394],[31.820244300057837,13.771502799925374],[31.819678799806653,13.773083800172316],[31.818181200430249,13.777270900047881],[31.817136200141654,13.780192500132177],[31.814880400207503,13.786498999947909],[31.81378949960121,13.789804300384532],[31.812789900167154,13.792833400158015],[31.809227900402533,13.803626600192429],[31.808657400128574,13.805355300261064],[31.805361200178396,13.815343099830729],[31.804807999660142,13.817019399915999],[31.804652500386144,13.817490499927031],[31.803468899930706,13.82107710040613],[31.802767899598777,13.823201200029922],[31.80106970013113,13.828346799848211],[31.799523599814201,13.833031700248416],[31.798772799577812,13.835306700433067],[31.798077199917369,13.837414499659589],[31.795199799942605,13.846133299903959],[31.793692000196089,13.850701999765153],[31.790134299768415,13.861482299858062],[31.788289400025032,13.867072500216384],[31.786499000171627,13.872497599724198],[31.783643999688461,13.874508400006407],[31.782408100215505,13.87537870023772],[31.780168900249485,13.876955799963619],[31.778390299767327,13.878208399655335],[31.770416999730859,13.883823900402744],[31.753794599764642,13.895530899631771],[31.74788209966869,13.899694900181768],[31.738247699687509,13.906480400055434],[31.732142999646644,13.910779800060986],[31.718306400242291,13.920524700148297],[31.71690100035331,13.921514599916078],[31.707651499725348,13.928028900229821],[31.694710700322371,13.937142899769398],[31.689697299739709,13.940673799867977],[31.68004180012916,13.947434400373151],[31.669537900123256,13.954788999840083],[31.656433900189331,13.96396419972724],[31.655700699746046,13.964477499636237],[31.646385799968758,13.971015499675422],[31.643793599825319,13.972834800034402],[31.623466199979394,13.987102199875622],[31.604332300023316,14.000531700153969],[31.595428300436733,14.006781300394904],[31.59387210036104,14.007873499994894],[31.590720600138585,14.014009000026149],[31.582470699842951,14.030070500250975],[31.581099499715197,14.032740099955559],[31.573671999875671,14.047200399854017],[31.569835700437437,14.054669199899571],[31.562366599617118,14.069210600268244],[31.561706499580001,14.070495600048027],[31.561019099741461,14.073057700029517],[31.559318400262459,14.079396399833819],[31.55531920033054,14.094301499619759],[31.555143700066733,14.0949558000209],[31.552300700177422,14.105551599586811],[31.549827899610026,14.114767899921899],[31.54810240034092,14.121199000331256],[31.545870400371932,14.129517799742253],[31.545068600081898,14.132506199849743],[31.541219900299438,14.146850800244833],[31.539828400042882,14.152036800088652],[31.537468400027379,14.160832800329786],[31.53686620000358,14.163077100410087],[31.536389800052245,14.164852599970098],[31.536091200051779,14.165965700227428],[31.535382200222234,14.168608299842672],[31.535120600031693,14.169583300206375],[31.535062700018369,14.170463599856246],[31.534042200380874,14.195166899584615],[31.533325200155407,14.212524400147364],[31.532897900320826,14.223327599684826],[31.53253659971022,14.231778199879528],[31.530844600414706,14.271353199948315],[31.530700700187662,14.274719199571432],[31.529700199743353,14.300782599915818],[31.529480000209301,14.306518600363866],[31.533691400177613,14.316284200249212],[31.553285799904497,14.361986699753619],[31.556091299622249,14.368530300087482],[31.559808600133209,14.376925399851624],[31.579711899943572,14.42187500004724],[31.57971520035391,14.421882500383582],[31.587524399747537,14.4396973003358],[31.590270999627094,14.462524399706282],[31.592865800393263,14.476386799631255],[31.59472660031717,14.486328100395784],[31.600708000297097,14.510681200135725],[31.600965499678388,14.534198499731291],[31.601074200319331,14.544128399986338],[31.601074200319331,14.549682599753252],[31.602762099703892,14.56204740041396],[31.603698700287072,14.568908700284636],[31.601684600164997,14.599487299880012],[31.607727099957341,14.613525400116655],[31.656118299572135,14.650003000162251],[31.667594200071676,14.658653500070683],[31.675903300242776,14.664916999704724],[31.690673799894601,14.676696799589276],[31.692687999729685,14.694518999565876],[31.703674300433043,14.69848629968463],[31.708496100247018,14.694518999565876],[31.713018900310267,14.691916399634719],[31.720375600329028,14.687683000301771],[31.744718599750612,14.673674799762601],[31.76269529983918,14.663330100198683],[31.793539200359501,14.687683000301771],[31.827122799901307,14.71419889993442],[31.84448239961046,14.727905299807174],[31.851061199915659,14.733105899691671],[31.857112600215807,14.73788960017442],[31.859924300105657,14.74011230033307],[31.878478999604191,14.757324199747449],[31.887411800077047,14.794861099842006],[31.894125800425766,14.823074299898952],[31.901123000057613,14.852477999883636],[31.900594099866073,14.852871900243581],[31.89251710010987,14.858886699776598],[31.892606600159922,14.86021909980548],[31.89374690002203,14.877192500370874],[31.894104000110442,14.882507300101279],[31.910278299751649,14.883727999771635],[31.931274400105202,14.880676299712183],[31.945033100303053,14.932243999718628],[31.951153999663447,14.955185299961474],[31.954124299811642,14.966317899795396],[31.954284700293872,14.966918899818154],[31.965698200220466,14.966674799710807],[31.992675800266927,14.966918899818154],[32.020664800017087,14.96667500018215],[32.020690899669354,14.966674799710807],[32.036682100197801,14.966918899818154],[32.043273900023443,14.967285200027947],[32.04931639981578,14.968322800034235],[32.052307099805759,14.981079099992595],[32.072082500180912,14.987121599756241],[32.071289100037134,15.026306199864866],[32.071074700026585,15.026318599590727],[32.043884299869106,15.027893100380096],[32.043817599959219,15.029464999808356],[32.042907700001194,15.05090329996329],[32.048095699837447,15.052917500004709],[32.058288600397027,15.057312000125936],[32.071289100037134,15.062683100110085],[32.098847099792103,15.07427620001865],[32.105529800141319,15.077087399853061],[32.246887200250391,15.135314899636908],[32.258728000011573,15.14007569991924],[32.266113299693927,15.143127399747376],[32.282714800355073,15.149902300090721],[32.286799500139104,15.151535300126071],[32.307232399928608,15.15970369997236],[32.332915600414232,15.16997109964063],[32.335693399681887,15.171081500297699],[32.337289099578925,15.17171150019602],[32.351928700320798,15.177490200146996],[32.352146099806056,15.17808989995792],[32.353643799793801,15.182220499844368],[32.354770200023552,15.185327299868133],[32.355712900167504,15.187927199947458],[32.35523569981725,15.188872299697767],[32.355466800407271,15.189509500143561],[32.348395900294491,15.203514400004442],[32.34437140021096,15.211485600037189],[32.330817600339486,15.238330799658499],[32.327492300364099,15.244916999835993],[32.317624999569141,15.264460699622639],[32.316278399805405,15.267276099691786],[32.279722699891558,15.342385300042055],[32.261149799627034,15.380546299613625],[32.233640599951592,15.437068099993372],[32.223630800301429,15.444697500249145],[32.210392699861934,15.474297000250294],[32.184762899728362,15.531603500119823],[32.184213599695042,15.532831799970454],[32.167505699876749,15.570189300012748],[32.139671000149704,15.632425800121839],[32.123554599623418,15.668460999863363],[32.111602399783841,15.695185300175583],[32.110837799628072,15.696894799645897],[32.100727299732917,15.719137900247452],[32.099851499823082,15.721064699685718],[32.08245259971855,15.743176099906389],[32.031581100400246,15.807825999784651],[32.005873700199217,15.840496099774441],[32.005430100433799,15.841059799828864],[31.994640500234919,15.873488599974753],[31.994443799730444,15.874079799806555],[31.977231900121993,15.904292199715428],[31.967652900142703,15.925680799866901],[31.958752400392481,15.945554500197391],[31.947405600375735,15.970890499777051],[31.915076100174574,16.043077999601987],[31.901902199633408,16.072493500151385],[31.871488999969312,16.140402200383367],[31.858743300272955,16.168861700107755],[31.824291099920021,16.245789000067386],[31.811428400047799,16.274509800335185],[31.783041799664659,16.337893199798607],[31.767203799621399,16.373257400397666],[31.767026800069406,16.373652599985725],[31.741638500321923,16.430277799897208],[31.740746100443992,16.432267999947669],[31.728690700347901,16.459155900015258],[31.716244899615905,16.486914699987661],[31.710022199574244,16.500793399917828],[31.704878599869229,16.512265499914385],[31.697874599990659,16.527887099839855],[31.576923499657276,16.526853100384884],[31.576923399944263,16.526853100384884],[31.419458499816812,16.52542370004695],[31.334611899884589,16.524653400341283],[31.076799400065539,16.524653400341283],[30.993974700326952,16.524653400341283],[30.919047199845586,16.524653400341283],[30.917985899626252,16.524653400341283],[30.400407799965343,16.524653400341283],[30.076267600051807,16.524653400341283],[29.579412999785024,16.524653400341283],[29.342597500431349,16.524653400341283],[28.639977000259904,16.524920099602202],[28.248149800106781,16.525068699845072],[27.492561200117638,16.525874400399594],[27.492571299876371,16.526259599873622],[27.492558799819193,16.52587460019971],[27.429002200255301,16.526295200379138]]]},"properties":{"adm0_ar":"السودان\u200E","adm0_en":"Sudan (the)","adm0_pcode":"SD","adm1_ar":"شمال كردفان","adm1_en":"North Kordofan","adm1_pcode":"SD13","adm1_ref":"","adm1alt1ar":"","adm1alt1en":"","adm1alt2ar":"","adm1alt2en":"","date_":"2020-03-11","shape_leng":18.727822839999998,"validon":"2020-08-31","objectid":10}},{"type":"Feature","id":11,"geometry":{"type":"Polygon","coordinates":[[[32.408137600086775,21.998394899841617],[31.758018199752829,21.998872399648207],[31.710321200223241,21.998991899701515],[31.706621200366442,21.999591899673813],[31.407921200365958,21.999691899977634],[31.413321199914279,22.033891899891454],[31.422921199809917,22.054891900059321],[31.432721199722096,22.076491900315954],[31.434221200295312,22.078991899826633],[31.454321199711924,22.112991900248272],[31.455821200285136,22.115491899922787],[31.494621199900827,22.149291899818834],[31.515821199857559,22.185791899751674],[31.494421199884282,22.199791899659516],[31.485921199630475,22.218291899938915],[31.473521200401585,22.225391900251854],[31.422721199793408,22.189991900104413],[31.415021199605714,22.18459190035486],[31.411621200222854,22.180891899671472],[31.381321199962638,22.147691899870214],[31.377821200122355,22.143791899783615],[31.375221199907287,22.14019189988856],[31.349821199603209,22.103691899614041],[31.340521200181513,22.055191900196203],[31.318021199668145,22.001291900246482],[31.305321199965228,21.999891900373843],[30.896021199800742,21.996091899589288],[30.892721199976975,21.996591900248788],[30.483421199812426,21.997291899876913],[30.078221200436165,21.999191900251919],[29.681121200382385,21.999891900373843],[29.676821199577585,21.999891900373843],[29.274421200432872,21.999891900373843],[28.875221199756243,21.999891900373843],[28.471921200087955,21.999191900251919],[28.072621199852165,21.999891900373843],[27.928273600114764,21.999639700130924],[27.867946799730163,21.999534300059807],[27.671921200398913,21.999191900251919],[27.262421200217918,21.999491900132345],[26.855021199761349,21.999391899687396],[26.448121199795324,21.998991899701515],[26.042921200419059,21.998791899701832],[25.643221200150244,21.999891900373843],[25.242721199815243,22.000191899606339],[25.156130400384566,22.00026290034512],[25.063720699920683,22.000338700226585],[25.001489799917156,22.000389699605371],[24.998821199855438,22.000391900130179],[25.000921199579995,21.749591899781205],[24.999721200379113,21.477191899715624],[24.997821199772769,21.201091899986817],[24.999521200362498,20.929891900169654],[24.998821199855438,20.660491899810211],[25.000021199954713,20.484091899580342],[25.000021299667694,20.484074400290286],[25.000721199563412,20.389991900291388],[25.002121199679205,20.117791899885724],[25.00270779955974,20.063769500295212],[25.002864599594272,20.020535999581856],[25.003715899751366,20.02053179968815],[27.496282899678452,20.008331899610788],[27.495985899577555,19.729639999815472],[27.495979400266489,19.723541500232095],[27.494904699877988,18.715319099853687],[27.492575999861884,16.530656400392054],[27.492571299876371,16.52625979967323],[27.492571299876371,16.526259599873622],[27.492561200117638,16.525874400399594],[28.248149800106781,16.525068699845072],[28.639977000259904,16.524920099602202],[29.342597500431349,16.524653400341283],[29.579412999785024,16.524653400341283],[30.076267600051807,16.524653400341283],[30.400407799965343,16.524653400341283],[30.917985899626252,16.524653400341283],[30.919047199845586,16.524653400341283],[30.993974700326952,16.524653400341283],[31.076799400065539,16.524653400341283],[31.334611899884589,16.524653400341283],[31.419458499816812,16.52542370004695],[31.576923399944263,16.526853100384884],[31.576923499657276,16.526853100384884],[31.697874599990659,16.527887099839855],[31.69893400027323,16.5284638003134],[31.729061400031362,16.544864800403019],[31.786180100042397,16.575959699638318],[31.881861000342006,16.628047299731918],[31.885681200173753,16.630127000102963],[31.886196000408617,16.630993999924272],[31.888108800211103,16.634215599907925],[31.888600900018645,16.635044499613684],[31.890522300291643,16.638280499991083],[31.891479500142626,16.639892599848274],[31.892656400064347,16.641568100032924],[31.892937700309037,16.641968699748457],[31.894122299691041,16.643655200212336],[31.899381599709688,16.651143000273652],[31.900765299894644,16.653112899578261],[31.901599199684693,16.654300199609882],[31.909072800166275,16.664940599668341],[31.923572400267673,16.685583900084591],[31.935438599893519,16.702478100323528],[31.948745900254391,16.721423999729129],[31.950062499880826,16.723298400098173],[31.961714899570783,16.739888199777297],[31.989588599655882,16.779572599620597],[32.019605300021531,16.822308100230106],[32.026623799607158,16.832300400087579],[32.033508300196736,16.842102099615825],[32.035925200400627,16.845298599728817],[32.037292500043442,16.847106899782638],[32.037373399622979,16.847223099881916],[32.039672899900793,16.850524900253884],[32.069011799825027,16.891078400170791],[32.07520910000202,16.899644500414563],[32.115487099551352,16.955318300350108],[32.125070999840467,16.968565599651487],[32.125164800125788,16.968695199834801],[32.141547700254122,16.99134040036969],[32.144088199658015,16.994851899756473],[32.14744259965871,16.999488500393127],[32.148500300328806,17.000950499646404],[32.148682399616661,17.001202200275795],[32.149140400274348,17.001835299794696],[32.149812400293982,17.002764200282211],[32.149932699981946,17.002930399850932],[32.150170599920301,17.003259299642764],[32.150239100053938,17.003353899728793],[32.150243800039519,17.003360499792961],[32.150256500421015,17.003377899804775],[32.150260099970353,17.003382999970793],[32.150261900194202,17.003385499799599],[32.150266300142491,17.003391500247371],[32.150266399855425,17.003391599896844],[32.150266600179783,17.003391899704493],[32.150329599928924,17.003479000241406],[32.171325700282509,17.032714800028508],[32.188991400026389,17.057255699948861],[32.241229800135521,17.129824200373996],[32.241272000292639,17.129882800103168],[32.243103000403622,17.132080100196806],[32.252936200252066,17.145711599679476],[32.270229799839036,17.169685200235435],[32.323910199896694,17.244101099878808],[32.33372410033963,17.257705799821316],[32.34704060034727,17.276166099628902],[32.384521500325015,17.328124999702776],[32.384366699940351,17.328514299844624],[32.384078700060208,17.329238700288506],[32.322658700280513,17.48371340015045],[32.305481000433225,17.526916499637963],[32.280533900152683,17.600724600059944],[32.246994500417792,17.699954199913613],[32.225401299776372,17.763839700095748],[32.203808100033235,17.827725200324473],[32.19791699960404,17.84515440024877],[32.197875999596121,17.845275899900344],[32.183898900088067,17.85412599979021],[32.184390099783755,17.855330699820158],[32.18738130013535,17.862668400139068],[32.194639799920402,17.88047350004334],[32.205143300176005,17.906238800015508],[32.213861299989738,17.927624300339776],[32.218544699961171,17.939112899581371],[32.223906799587645,17.952266199786521],[32.241211799693851,17.994715799913628],[32.24987049991902,18.015955700290938],[32.25871600031595,18.037653900095897],[32.267700199694531,18.059692400207503],[32.267038499757881,18.059908699894329],[32.26452639969343,18.060730000176388],[32.26522309979012,18.062050100338876],[32.286034599946035,18.101479899836541],[32.297966099906496,18.124085700348918],[32.306646700160002,18.140531999914515],[32.309167699833964,18.145308399578415],[32.320129400173265,18.166076700137594],[32.321807199799132,18.169275899803001],[32.339111299793409,18.20227049959988],[32.384223000037565,18.246102100191507],[32.401489299823005,18.262878400133438],[32.401986200227469,18.263359799957449],[32.450504400063913,18.310358100330646],[32.477477999912466,18.336486800201122],[32.55159499992034,18.390155599630077],[32.552917499681676,18.391113299723884],[32.567244100429022,18.405413600090231],[32.586712900407903,18.424846699687208],[32.609437900153878,18.447529999930079],[32.652695899859758,18.490708600161785],[32.652709999816494,18.490722699765666],[32.653686499971322,18.496704100292231],[32.653374300375809,18.497016300327921],[32.643676800034171,18.506713899649458],[32.632929300279393,18.517466400127468],[32.615720300432706,18.534683700187241],[32.531830600314109,18.618613300320288],[32.467633299831746,18.682841199987067],[32.445327799848734,18.705157299975699],[32.412098099697943,18.738402800069558],[32.389869400281775,18.760642100098529],[32.385028300163953,18.765485499846573],[32.377001500062427,18.773516200397296],[32.36786570009825,18.782656300218402],[32.353069499646161,18.797459500420512],[32.334709700428284,18.81582809987367],[32.297030200009182,18.853525599789286],[32.275608699757903,18.874957300230104],[32.259277300044864,18.891296400256667],[32.259373300304347,18.89267760008909],[32.26049800002319,18.908874499603687],[32.260925299857782,18.914917000215421],[32.275329600385668,19.091125499707356],[32.277282700408406,19.115295400314029],[32.278919100276063,19.13694839966033],[32.280700700232934,19.1605225002608],[32.284118700057469,19.207275400373987],[32.306881500012302,19.523978400276238],[32.312918600031459,19.607973599819548],[32.312927199603671,19.608093299663281],[32.316284200227166,19.633727999847903],[32.316711400348737,19.640930200232443],[32.316894500359858,19.646484399723388],[32.317504900205527,19.682678200382071],[32.317508799792229,19.682750000243001],[32.320312500184393,19.73468019972881],[32.32507320018599,19.817687999797609],[32.328308099999468,19.886718799789339],[32.341491699650732,20.173889199927658],[32.341950899559308,20.183937799870076],[32.345826399679979,20.268749699893092],[32.348327599586852,20.323486300165332],[32.352695999913976,20.415871799592985],[32.355710000405765,20.47961440025292],[32.355712900167504,20.479675299880761],[32.367476300185501,20.725969299640308],[32.374732299959163,20.877891699721463],[32.379089400378341,20.969116199731122],[32.392970000163658,21.276887799603092],[32.394287100151708,21.306091299822594],[32.394464600065383,21.316240800014576],[32.394705099728142,21.329989299713507],[32.394871599771129,21.339507199602558],[32.398133399635761,21.525995600042251],[32.401076000232187,21.694237200027665],[32.401280799947259,21.70594419972717],[32.403823800260867,21.851337600380404],[32.404766300080624,21.9052239999295],[32.404818299959139,21.908198399628258],[32.404818299959139,21.916333800200118],[32.407469099903444,21.980177099792964],[32.408125600391216,21.995990999684825],[32.408137600086775,21.998394899841617]]]},"properties":{"adm0_ar":"السودان\u200E","adm0_en":"Sudan (the)","adm0_pcode":"SD","adm1_ar":"الشمالية","adm1_en":"Northern","adm1_pcode":"SD17","adm1_ref":"","adm1alt1ar":"","adm1alt1en":"","adm1alt2ar":"","adm1alt2en":"","date_":"2020-03-11","shape_leng":26.170502290000002,"validon":"2020-08-31","objectid":11}},{"type":"Feature","id":12,"geometry":{"type":"Polygon","coordinates":[[[35.622176400034455,23.142564100139786],[35.621255299881462,23.142771499829742],[35.620810199929551,23.142871800045377],[35.618141599867833,23.142007300172018],[35.617853299950461,23.141902899714111],[35.616726899720703,23.14055140008163],[35.615743000142885,23.13937090020902],[35.615480199803116,23.139055600049364],[35.615302099814876,23.138907000310642],[35.61508130020627,23.138722800077954],[35.615077399721308,23.138719500002949],[35.388479700430288,22.949650100201289],[35.387528200389816,22.94774710034778],[35.198122699612263,22.784515599800589],[35.024195700287848,22.835902600348557],[34.944721200027729,22.858745099908628],[34.912361200226016,22.786410100092358],[34.911884699663332,22.78593359987347],[34.786725199734647,22.515151100379615],[34.784821700190321,22.511819600191064],[34.733425200267185,22.401889100305706],[34.686312199995427,22.296716600400437],[34.623970199950811,22.286723099990756],[34.452173199589787,22.256266100095651],[34.449317699643359,22.256266100095651],[34.442179200407139,22.255314099633253],[34.288942199604818,22.226760599849843],[34.206612699759923,22.2115316003655],[34.150457200345997,22.202489600167347],[34.136656699741401,22.160611599647996],[34.121903700169632,22.117305600189564],[34.103344200074211,22.059246600302963],[34.08097719963024,21.998332099864278],[34.080501699790766,21.996428599683437],[34.059172199600958,21.933625100062557],[34.003475999808693,21.769632000256049],[34.003406700174402,21.769428100305124],[33.72976870036927,21.739446599836882],[33.727389199725508,21.739446599836882],[33.560253100131312,21.721340599794743],[33.548726300189529,21.713520299958315],[33.54831519967447,21.713237699867978],[33.370300299868639,21.590881300345849],[33.292907700076789,21.537475599867154],[33.269897499601129,21.522277799795976],[33.258483899961519,21.514709500217773],[33.259887699950966,21.51049799981018],[33.26947019976658,21.499084499673437],[33.283691400283345,21.483703600168326],[33.307128899695257,21.464721700100494],[33.313293500297654,21.455078100051526],[33.318481400420794,21.446716300400112],[33.321289100112665,21.430725099799631],[33.326110800213662,21.403686500354301],[33.330688499917223,21.373290999687953],[33.331298800049879,21.368103000152093],[33.334716799874414,21.358093300191296],[33.345092800445109,21.3342896002106],[33.348083500435088,21.321289100105012],[33.354126000227431,21.295715299778525],[33.357116700217411,21.271118200321073],[33.356079100250163,21.249084500029955],[33.348083500435088,21.233886700389565],[33.334716799874414,21.215881299972718],[33.319519000388027,21.199279799722618],[33.3009032998918,21.181518600124896],[33.292297399944069,21.173095700349723],[33.287475600130115,21.162475600324541],[33.28710940010788,21.151489299807853],[33.288085900262779,21.141479499971112],[33.293701199933508,21.12170410003635],[33.297485399780278,21.099304200193888],[33.298889199769697,21.089294399847319],[33.298889199769697,21.068298300104495],[33.297119100045101,21.054077099704209],[33.295288099934041,21.04907230006252],[33.284729000250593,21.00927729976058],[33.278076200325593,20.99450680008864],[33.27630620031394,20.989685099821067],[33.274719199702126,20.984497099711689],[33.270507799733828,20.972106900008786],[33.274719199702126,20.948486299835405],[33.286682100273325,20.926513700192316],[33.309081999717996,20.910278299605618],[33.311279299564198,20.909301799654823],[33.329895000060432,20.901672400405975],[33.331115700038765,20.90130619958283],[33.349914600259119,20.892700200296424],[33.367492699889745,20.880310099589938],[33.383300800407142,20.866882300296776],[33.402709999861806,20.849914599695026],[33.416076700422479,20.834716799661138],[33.422729500347479,20.821289100332503],[33.428894000338524,20.811889599875631],[33.44128419984601,20.794677700363049],[33.454711899607695,20.779479999961424],[33.456909200352257,20.777099599979742],[33.466491700167836,20.770873999833697],[33.476501499817999,20.764709500009328],[33.477905299807482,20.764282200216279],[33.4907227003348,20.760925299930683],[33.5103149000876,20.758117700277371],[33.523071299617293,20.754699700313573],[33.535705600133589,20.749877900251999],[33.538085900277871,20.748901399666682],[33.541503900102406,20.746521000184003],[33.548095699928034,20.742126500405185],[33.546874999949736,20.742309599585475],[33.555480999610452,20.732910199964667],[33.557495099732584,20.717529300116308],[33.562683099568737,20.708129899867888],[33.56732180026993,20.700500499942081],[33.570678700282116,20.694274900164011],[33.573486300260974,20.68048099982936],[33.575500500096126,20.664672900345963],[33.579711900064439,20.650512699596106],[33.586486799901188,20.64007569998186],[33.592102099571918,20.630493199584148],[33.604919400386301,20.619506800047738],[33.612121600057598,20.611877400192792],[33.618286100048643,20.602477999690564],[33.621704099873178,20.590515099971377],[33.624511699852036,20.575683599697271],[33.629272499566717,20.560485800171506],[33.639709500236748,20.538085899753341],[33.659728999824061,20.511108400049572],[33.66467290044816,20.50512700021282],[33.669677699661875,20.498718300141061],[33.631286599688792,20.237487799986649],[33.608276400111492,20.06951899998138],[33.633483900433284,19.961120600375082],[33.693481399994326,19.709106399711946],[33.692687999850548,19.687072799720649],[33.677673300375254,19.494506800421814],[33.672485400252114,19.435119599629374],[33.674682600385275,19.416503899764482],[33.681884800056608,19.359497099601704],[33.682495100189271,19.354675299943271],[33.685913100013799,19.350707999805074],[33.690124499982105,19.345520000235563],[33.717712400161325,19.300903300056266],[33.746276900208315,19.258117699689226],[33.751709000154982,19.247924800329152],[33.75689699999117,19.238525399976346],[33.794921899942089,19.180908200276278],[33.801086399933133,19.169128400330898],[33.810485799737627,19.144287099861362],[33.81170649971596,19.141479499978299],[33.889526400240754,18.939086900221948],[33.916870099698109,18.868286099989618],[34.028503399594179,18.591491700139439],[34.029812400371661,18.58796319978017],[34.029930299761148,18.587650299989086],[34.118530299902325,18.367675799827399],[34.280700700353833,18.316528300243093],[34.449279799721516,18.261901899577406],[34.471130400031164,18.252502400413022],[34.560119599760768,18.203918500173007],[34.596496599611775,18.185729999814267],[34.608703600293431,18.179687500362085],[34.682678200260817,18.106323199878226],[34.832519500118821,17.965515099948998],[34.83254249968504,17.96549370031536],[34.852294899595748,17.947082499633822],[34.852359500142782,17.947021899609755],[34.859314000154264,17.940490700281384],[34.859337599795076,17.940458600132981],[34.863708500133626,17.93450930029152],[34.872924799927063,17.921325699991527],[34.917907699725781,17.856872599876663],[34.939270000101509,17.831115700403831],[35.014526399859598,17.741882299679357],[35.076904300176189,17.665283199851764],[35.135925299582333,17.596679700055159],[35.176330600288871,17.558471700412515],[35.217712400251941,17.523315400142575],[35.282104500403648,17.471496600221883],[35.35107419964757,17.412109400394691],[35.45391849958478,17.337890600343176],[35.488281299600679,17.31347659972236],[35.517700199890847,17.293090800276957],[35.588073700022584,17.246521000112825],[35.625122099818604,17.228271500174696],[35.656921399966066,17.207275400047227],[35.78527719999871,17.151212800125258],[35.85599729981142,17.1203240001567],[36.083129900040014,17.021118200198057],[36.170471799744341,17.038329999952975],[36.231079099974714,17.03149410019363],[36.285278299566876,17.031311000114222],[36.335083000077908,17.031311000114222],[36.379370799679471,17.026383800075433],[36.419059299586493,17.021968200410484],[36.428893999621486,17.020874000210316],[36.470275900195865,17.016479500428023],[36.477891299745039,17.016098399882821],[36.4830422000583,17.01584070032338],[36.545898400263155,17.012695299680544],[36.582057200229897,17.010851400372122],[36.616516100218256,17.009094200288384],[36.61654860036694,17.009092599931435],[36.640141599951157,17.007897600160785],[36.762329100119139,17.0017089998024],[36.763305699986972,17.001525899797798],[37.00064990010609,17.071458199865123],[37.001525900340248,17.071716300204006],[37.003236100401786,17.073266200003285],[37.034891800359468,17.10404920040634],[37.037109400334515,17.103881800334698],[37.041503900313941,17.102905300065135],[37.042724600292274,17.102111799726767],[37.043884300171229,17.10168459991262],[37.045201700196642,17.100542799779987],[37.045715300282247,17.100097699646007],[37.046325700127923,17.099769000360592],[37.046508800138973,17.099670399906543],[37.046691900150087,17.099487299725865],[37.050861399998645,17.095317799577082],[37.051165099734938,17.095129300371411],[37.055721200345744,17.092091900140385],[37.062150300002045,17.092895500369952],[37.062921200042886,17.092991900291995],[37.067250399687715,17.092943699907828],[37.069521199690492,17.089191900230379],[37.070534599942263,17.088924400345856],[37.07556530028063,17.087596900278371],[37.076721200285938,17.0872919003371],[37.078650800380835,17.087155999846807],[37.080078100298145,17.086914099819943],[37.082086099961131,17.086914099819943],[37.083821200423984,17.086791899902849],[37.084858300029609,17.087446899933223],[37.091421200154251,17.091591899704202],[37.096221199652938,17.091591899704202],[37.113622700380169,17.082176600070504],[37.117204700236265,17.081501700303804],[37.11730960010523,17.081481899799844],[37.116910699610081,17.080420600357648],[37.119721800323596,17.071896700328942],[37.119921200265544,17.07129189975716],[37.120745300334129,17.069849699934728],[37.121571900414239,17.068403200372643],[37.121921200430982,17.067791899748514],[37.125021200238166,17.063891900291647],[37.127121199962687,17.061091899973412],[37.134321199659865,17.06059189972984],[37.143321200404223,17.062091899878286],[37.146921199803636,17.062691899654506],[37.154721200448741,17.06399189971027],[37.166521199628022,17.065791899835997],[37.173821199782651,17.066791900324489],[37.196621199871728,17.06589189995416],[37.200921199778165,17.067291900277002],[37.204921200108984,17.07129189975716],[37.207521200324067,17.07549189965923],[37.214321199988113,17.078891900361736],[37.222321199751406,17.082091900162322],[37.228021199773728,17.082091900162322],[37.232221200121074,17.080591900223908],[37.235521199944813,17.079491900213768],[37.241321200424551,17.077791899769643],[37.249421199746976,17.077291899619542],[37.254721199736174,17.080191900034176],[37.265621200188512,17.083491899979492],[37.269221199587882,17.084691899919378],[37.275121199626724,17.085391899966496],[37.279421200431486,17.085391899966496],[37.286521199671242,17.08489189958766],[37.292321200150958,17.086791899902849],[37.298021200173174,17.089191900230379],[37.302721200112742,17.093291899662681],[37.307521199611429,17.09729190035009],[37.314621199749482,17.097991900290605],[37.320721199804829,17.095191900201154],[37.324621199678234,17.092991900291995],[37.331421200240577,17.087991900065703],[37.335421199673085,17.085591899742433],[37.343221200318197,17.081591900378669],[37.345621199618421,17.078891900361736],[37.348421199849973,17.075891899624985],[37.351721199673705,17.070591900026752],[37.355321199971478,17.065691899664156],[37.360921200434611,17.064091899934194],[37.366021200407296,17.062091899878286],[37.372421200038282,17.058691899646416],[37.375121199812419,17.057291900095265],[37.380921200292129,17.054991899823953],[37.384521199691534,17.056291900246663],[37.387021200347483,17.055891900353714],[37.391221199796533,17.052091900296375],[37.394621200077687,17.052991900200283],[37.395921199736023,17.056491900301282],[37.398921199984152,17.058491900230411],[37.402421199824502,17.067991900364383],[37.401921200232287,17.071591899696262],[37.404621200006446,17.079191900099737],[37.406221200138781,17.083091900000376],[37.410721200061765,17.086791899902849],[37.411721200144498,17.092991900291995],[37.411221199653987,17.09729190035009],[37.415021199968265,17.101891900003277],[37.418221200232907,17.104191899721883],[37.425521200387472,17.104891900343169],[37.430321199886158,17.103491899903169],[37.435521200316238,17.102991900016086],[37.437921199616433,17.106791900169885],[37.439221200173129,17.111191899964709],[37.442621199555987,17.116791899656214],[37.445021199754478,17.118691899907304],[37.448721199611342,17.122391899919453],[37.451221200267256,17.126191899672467],[37.454121200057962,17.130591899915427],[37.45542119971627,17.135491899611175],[37.457321200322603,17.141291899753277],[37.460721199705461,17.142991899728511],[37.464321200003234,17.14909190041103],[37.468821199926218,17.164891900014027],[37.472121199750049,17.180591900290615],[37.47982119993771,17.189091899760211],[37.489321200274247,17.1928919002012],[37.494521199805959,17.193491900234083],[37.497821199629726,17.193891900320189],[37.505021200225272,17.195091899684638],[37.508321200049004,17.197191899809539],[37.511621199872771,17.204391899823886],[37.508921200098641,17.208691899994804],[37.505021200225272,17.213691900233066],[37.501221199910951,17.217591900108516],[37.4977212000706,17.218791900220189],[37.494021200213808,17.219591899971721],[37.490721200390041,17.223891900240851],[37.491321200439614,17.231291899684379],[37.494021200213808,17.236691899668966],[37.497421199596673,17.238191900339174],[37.501621199944012,17.238191900339174],[37.502821200043286,17.241891900341361],[37.501321200368373,17.245091899695588],[37.498821199712424,17.248491900261303],[37.499921200252587,17.255291899619181],[37.501621199944012,17.256691899887912],[37.504521199734718,17.257091899606145],[37.508821199641183,17.257691899701719],[37.51322120000507,17.260091900294981],[37.515921199779278,17.268091899701712],[37.510121200197851,17.276091900157475],[37.506421200340995,17.280991900407837],[37.503121199618931,17.290491899664854],[37.502421200010161,17.297891900366238],[37.500721200318736,17.300491899780393],[37.499021199729007,17.309191899709177],[37.49922119974552,17.311791899744644],[37.500521200302217,17.314591900217533],[37.503121199618931,17.315691900310647],[37.507621200440269,17.320291900149478],[37.509721200164826,17.328691900378931],[37.511621199872771,17.333791899671638],[37.518821199569913,17.335691899621672],[37.521221199768405,17.337391900327138],[37.525421200115815,17.340491899712685],[37.528321199906458,17.343291899950618],[37.584121200029834,17.364991899703899],[37.591621200200983,17.367891900296058],[37.611621200058536,17.375691899642508],[37.624921199810963,17.376191899767051],[37.643421199993568,17.376891900390802],[37.65455980017186,17.377298799707134],[37.687221200022819,17.378491899727496],[37.699166199865353,17.379193300111403],[37.745121199870695,17.381891900002788],[37.749121200201557,17.387091900344281],[37.753821200141118,17.383291900418335],[37.757721200014451,17.383291900418335],[37.760121200212943,17.381691900171393],[37.764321199662028,17.384691900412143],[37.765321199744726,17.387991899597303],[37.766221200268298,17.390891900221344],[37.76672119986052,17.404691899786272],[37.767921199959723,17.407891899622275],[37.772021199849711,17.414691900175431],[37.772021199849711,17.419491900331657],[37.771821199833134,17.430591899626716],[37.77432119959078,17.432791899674179],[37.784821200009993,17.442791900239683],[37.7834211998942,17.445791899931173],[37.782321200252412,17.453591900327968],[37.781921200219379,17.457991899928917],[37.780921200136618,17.463691900175213],[37.780521200103557,17.467991900219339],[37.779121199987763,17.472791900220432],[37.775721199706545,17.47889189967411],[37.77292120037329,17.483691900083791],[37.776221200197057,17.4822919003729],[37.779121199987763,17.483191899649182],[37.782321200252412,17.485291899778627],[37.788621200324314,17.493191899917836],[37.795021199955301,17.489891899748127],[37.798621200253002,17.493691900274115],[37.805521200374507,17.49449189986878],[37.809521199807072,17.496091899633548],[37.817921199603461,17.499391900341255],[37.821421200342108,17.500791900321918],[37.825521200232032,17.501291900332383],[37.830021200155009,17.501791899823818],[37.839121199560161,17.502691900238659],[37.841421200199555,17.498891900243226],[37.843721199940624,17.49759190006187],[37.846121200139116,17.496491900158585],[37.849521200420341,17.496091899633548],[37.85572120003475,17.492291899580675],[37.859021199858518,17.485591899653848],[37.860221199957806,17.482691900410511],[37.860521200431734,17.475591899678481],[37.860921199566533,17.467091900322405],[37.864321199847723,17.462791899592133],[37.864621200321722,17.459591900159385],[37.866721200046214,17.456591899661916],[37.875521199875692,17.452891899632551],[37.88382120011299,17.453291899991971],[37.891921200333741,17.454191900375516],[37.896621200273302,17.455391899685413],[37.900021199656223,17.45639190021468],[37.905221200086331,17.457991899928917],[37.914721200422839,17.457491900028032],[37.923319400011962,17.460891200122809],[37.923319700049262,17.460891300382698],[37.92332000008652,17.460891399785719],[37.923320300123819,17.460891500045744],[37.923320500448142,17.460891600305644],[37.923320600161148,17.460891600305644],[37.923320799587138,17.460891699708665],[37.923321200235748,17.460891900228592],[37.9304212003738,17.466591899695246],[37.944721200209059,17.473691900214678],[37.950921199823462,17.47509190011921],[37.954521200121199,17.475991899879279],[37.958821200027735,17.47789190017901],[37.966621199774522,17.484691900257193],[37.977221199752854,17.489491900123287],[37.97732120021027,17.494391900004867],[37.973721199912575,17.498891900243226],[37.972521199813286,17.505891899780107],[37.977121200193764,17.517491899779447],[37.98312119979169,17.525491900264157],[37.988521200238246,17.532691900129908],[37.999221199775732,17.551191900381117],[38.003721199698788,17.558891900074489],[38.008021199605217,17.558391900367795],[38.009921200211551,17.552191899627285],[38.013221200035325,17.547491899969874],[38.017321199925249,17.545691899650183],[38.024521199622392,17.54619190015255],[38.029921200069012,17.546991899628466],[38.036521199716582,17.550791899650719],[38.043721200312049,17.554591899618377],[38.050621200433554,17.558291899746834],[38.061121199954464,17.565691900137711],[38.067021199993313,17.559391900113511],[38.067421200026367,17.556691900287678],[38.067721199602005,17.551191900381117],[38.068021200076011,17.546491899620509],[38.069521199750852,17.533991899970513],[38.07032119981708,17.523691899978893],[38.070821200307556,17.51129190027013],[38.07112119988323,17.4822919003729],[38.083721200027028,17.480891900169649],[38.08812120039088,17.480491899601663],[38.097821199845704,17.479691900111384],[38.103621200325357,17.478491899850159],[38.109421199906706,17.475591899678481],[38.10562119959242,17.488891899893023],[38.103421200308809,17.495091899610447],[38.102621200242659,17.504291899773005],[38.10172119971908,17.518491899850154],[38.103721199884447,17.522891899641159],[38.10982119993983,17.533191899655897],[38.109421199906706,17.538891899939443],[38.108621199840556,17.543791900234496],[38.109621199923282,17.55479189975237],[38.110321200430349,17.560791900413872],[38.112721199730473,17.5626918996558],[38.130821199880018,17.571791900147517],[38.135121199786447,17.571791900147517],[38.145521199748273,17.571791900147517],[38.163421199881235,17.570891900105053],[38.167421200212132,17.572691899995089],[38.171821199677659,17.576591900120544],[38.174421199892656,17.578691899877505],[38.177921199732971,17.581291900413429],[38.179821200339283,17.578391899814616],[38.183521200196175,17.573791900199112],[38.18792119966173,17.568391900192925],[38.189521199794044,17.564391899924232],[38.192621199601291,17.555991900200866],[38.194121200174507,17.548391899848131],[38.196821199948673,17.544391899767582],[38.199321199706283,17.547491899969874],[38.203121200020568,17.554091900030127],[38.214121200031997,17.563191900334115],[38.217621199872276,17.560791900413872],[38.223121199878022,17.558391900367795],[38.227821199817583,17.557491899643278],[38.238221199779439,17.552491900294633],[38.241721199619711,17.553691899708316],[38.244321199834722,17.555191900214343],[38.249721200281343,17.555591899792887],[38.254521199780029,17.556991900353097],[38.257821199603796,17.5579919001222],[38.260421199818865,17.559391900113511],[38.265521199791451,17.562191900165892],[38.266921199907244,17.57729190017967],[38.271821199863354,17.579691899632831],[38.276421200243782,17.593091899812222],[38.276721199819491,17.595391900345408],[38.278321199951762,17.607891899964415],[38.281221199742468,17.625491899770758],[38.294521200393298,17.637891899617351],[38.297821200217101,17.637891899617351],[38.306221200013489,17.640091900309692],[38.312821199661059,17.641391900155803],[38.317321199584036,17.642191900271776],[38.345421199662276,17.649291899917444],[38.356821199706822,17.671691899922656],[38.353521199883026,17.675491899772446],[38.352821200274327,17.67889189958391],[38.354421200406598,17.684991900189893],[38.35782119978952,17.687891899723898],[38.36352119981175,17.694091900179185],[38.367321200126071,17.700191899870859],[38.371121200440349,17.709291899766235],[38.384921199785033,17.726391899822719],[38.388721200099312,17.736891900192354],[38.388221199608829,17.75399190004967],[38.391621199890018,17.760691899711567],[38.394921199713785,17.769691900408251],[38.399021199603709,17.779191899885603],[38.402621199901446,17.785991900292199],[38.406921199807911,17.795991899647206],[38.431721200062377,17.85289189982214],[38.432433800339631,17.854559199684658],[38.433243000052627,17.856513500074463],[38.44259639982635,17.87833869976404],[38.452021200393837,17.90039189998965],[38.4985147997008,17.943301400375528],[38.499127200094613,17.943935100402584],[38.505081700023389,17.949393600362452],[38.524681000060205,17.968301200223884],[38.547221200182548,17.990091900305497],[38.553721200270957,17.995191900149905],[38.561131400354725,18.000990900197401],[38.561610499743537,18.000947400423023],[38.566621199990429,18.000491900342979],[38.567181100144069,18.000502600174688],[38.566611700306289,18.000502600174688],[38.561649200064259,18.000977799689007],[38.567165599713853,18.000502900050183],[38.570627599919348,18.007543299806645],[38.573081700257468,18.010530800309802],[38.576175899642934,18.0122379997993],[38.579759999760114,18.012333699822715],[38.582364499636448,18.016185899764547],[38.581831000070672,18.01885329967347],[38.579590299918095,18.025788699760536],[38.573721899916059,18.029309799745718],[38.571587899856354,18.026748999906864],[38.570717199682406,18.024333400026716],[38.568054000292172,18.022967600393166],[38.564639699729959,18.023718799660408],[38.560763100071405,18.029123199947836],[38.55750369960689,18.028776300003841],[38.55547639964,18.032190700308302],[38.558037200070963,18.033364399609919],[38.555583099732807,18.035925099786461],[38.558250600256649,18.038059099745496],[38.561024700261918,18.037525600046759],[38.563798899980235,18.038592600389023],[38.565234600043709,18.040337599978148],[38.562518300338709,18.040509000206608],[38.557076900133957,18.040513200072503],[38.55547639964,18.042006999850202],[38.557397000412386,18.042860500316145],[38.559637599953646,18.044674399691637],[38.561856199753493,18.042164299950279],[38.561558199827665,18.049475899823797],[38.561324399800256,18.054382299938059],[38.558979900214972,18.057508300011943],[38.555332999774578,18.060894700121857],[38.553770000350447,18.064541599639618],[38.551946599986771,18.067928099892018],[38.547778700037782,18.072095999986043],[38.548039199792079,18.074700900223974],[38.544913200045563,18.078347899892808],[38.543610700375808,18.081734300382735],[38.542829299927554,18.084860199595724],[38.540224299689676,18.087725700250097],[38.533451400401063,18.08928870036388],[38.531106999630488,18.093196100008214],[38.527980999883972,18.095540500056391],[38.524855099850441,18.098145499671258],[38.520687199901474,18.100750399955139],[38.517040300359376,18.102313400099433],[38.513070300165779,18.103105300360024],[38.511736600209531,18.104939200186763],[38.513020099612753,18.10735759978315],[38.509735999969536,18.110940999769397],[38.509250899834647,18.114102399856055],[38.50723519981301,18.116275900233656],[38.504204399927062,18.115109200346719],[38.504177599588864,18.112625200072046],[38.504071300144659,18.108571699951096],[38.502452500070063,18.106741799910566],[38.507660800035048,18.106042399922007],[38.506620499732065,18.100489900141469],[38.511048900333698,18.100750399955139],[38.516878999765289,18.096561199911662],[38.517536500077938,18.089844200204571],[38.518082199663532,18.085381200012996],[38.516779799706782,18.074961399907114],[38.523784200233962,18.071772100211803],[38.526678599927159,18.068188600228865],[38.524073599689281,18.065062599723699],[38.517821699909227,18.069230500354816],[38.515216800282651,18.066365100005427],[38.510527899926728,18.059852700163997],[38.50036859995209,18.052819399906365],[38.495158700087565,18.053079899583565],[38.489167300061879,18.056205799834341],[38.483436399790428,18.06063420007116],[38.487864800392053,18.06558359997052],[38.487864800392053,18.071053999862883],[38.483348099889568,18.073162999709115],[38.479613600234245,18.072522799799309],[38.479720300327052,18.080525199615362],[38.476559300420497,18.082265700081287],[38.473725200140727,18.081598800392428],[38.468056800155196,18.079931699773137],[38.461554800416984,18.08276590008392],[38.458887399606127,18.086767100369929],[38.459054099973429,18.091268399678139],[38.459220800340702,18.095769800350055],[38.45772040001718,18.100104399667671],[38.453552400355179,18.103438700239785],[38.454552699576872,18.105772800119666],[38.458053799853403,18.106106200047719],[38.460054400093426,18.104105599703946],[38.462888600086202,18.101438100184438],[38.465722800078922,18.099270800098537],[38.469502599977439,18.099188500170072],[38.469723999660644,18.09626990036606],[38.466356200389143,18.096280399686279],[38.466389599751423,18.094269299618663],[38.472558099940414,18.091935300181451],[38.475892499849699,18.094102599577791],[38.481727600202468,18.098937399975998],[38.477059500336999,18.103605499841748],[38.478893400209749,18.108273500135045],[38.476225899685915,18.106272899773852],[38.472724900020701,18.107606700207477],[38.469057100275194,18.110107399663779],[38.465722800078922,18.112774900403856],[38.464555699878673,18.117276200365946],[38.464389000409696,18.122444400392855],[38.461388100049675,18.124611799679567],[38.458887399606127,18.120610600161573],[38.456720099897154,18.119943700352334],[38.455219599860683,18.126112200201529],[38.453552400355179,18.117943100089651],[38.451492000165004,18.113767800193326],[38.451885299664411,18.106439600195284],[38.44771739971538,18.104105599703946],[38.444716399642388,18.102605200205144],[38.440048400388157,18.101271400128798],[38.435546999991637,18.103772200239018],[38.433379700282671,18.108273500135045],[38.428878399599085,18.110940999769397],[38.423043300144649,18.111441100040651],[38.420254400395031,18.112785299694355],[38.41954219986809,18.107606700207477],[38.418708600115373,18.111774600177331],[38.416874799955593,18.114608799767925],[38.412206700090096,18.113274999708423],[38.409039100261097,18.116942800351612],[38.407705299693539,18.120110399716381],[38.405204600148352,18.120944000022515],[38.403870799580758,18.125278599747002],[38.403704100111817,18.131280399738515],[38.404871099700792,18.136782099738049],[38.401870200239067,18.139449600354048],[38.39820250020658,18.144117600145591],[38.397202200086618,18.14678509983672],[38.398535900042795,18.149619300068871],[38.398369199675521,18.151786599954967],[38.397535599922833,18.154454100406326],[38.39353440034111,18.156121200183012],[38.397368899555559,18.163956900093776],[38.399702899631798,18.163290099856539],[38.402703799991855,18.161289500353753],[38.405037899781078,18.163290099856539],[38.40603819990114,18.166291000097548],[38.4065383001046,18.169791999848012],[38.406204900268378,18.173293100090842],[38.404537699864576,18.177961100321813],[38.402367000032257,18.183107299779056],[38.397354999923131,18.187792500403649],[38.390533499981061,18.190964999578689],[38.38797699978533,18.197001100423481],[38.382022499856589,18.201466900039911],[38.373587000436736,18.204940400295278],[38.366143799842696,18.205932800250554],[38.360685600243791,18.205932800250554],[38.356219700368996,18.204940400295278],[38.352250099925712,18.202459399996279],[38.349272800104764,18.199482199770994],[38.347288000332284,18.196008699950475],[38.346295599996935,18.192039099591536],[38.346791700002413,18.189557900278615],[38.348776600386302,18.18757320011359],[38.353738699979594,18.18757320011359],[38.357212099806056,18.18757320011359],[38.358204599854453,18.185092100265202],[38.36018929991392,18.181618700382998],[38.364655199788785,18.179137700189735],[38.365647600124205,18.178145199765201],[38.36118170024934,18.177649100209397],[38.358204599854453,18.177152800380835],[38.355723499752138,18.176656599852585],[38.351753799595841,18.175167900184924],[38.345303099948502,18.174175599945531],[38.341333500403508,18.17318320017867],[38.333890299809475,18.176160399620205],[38.325454800389686,18.180626300272003],[38.317019300071536,18.184595900127359],[38.3135457996338,18.187076900354935],[38.309080000370315,18.187076900354935],[38.30560649993258,18.186084600425925],[38.303125500441539,18.188069299610106],[38.301140699770734,18.188565599958284],[38.298659599668341,18.18906179989639],[38.29717099961443,18.188565599958284],[38.295682299847499,18.190550399772963],[38.292705099739564,18.19402380012745],[38.290224100248565,18.195016299801068],[38.28873550019464,18.196504900039884],[38.28675050009781,18.196504900039884],[38.285758200373763,18.197993600212271],[38.282780799941513,18.199482199770994],[38.278811200396554,18.202459399996279],[38.274345499947714,18.203948200345568],[38.268887199737463,18.206429100082605],[38.267398599683553,18.210894900390919],[38.268391000018973,18.214368299682299],[38.269879600072855,18.218338100367877],[38.270375799791417,18.220322799948519],[38.269879600072855,18.22379619971219],[38.272360599563896,18.224788700394399],[38.273849199617878,18.227269799773921],[38.275834100001632,18.233224299725943],[38.278315100391005,18.236697699587737],[38.282284699935964,18.237690200036241],[38.282284699935964,18.24215590033182],[38.281292299600608,18.246125699980322],[38.276330200007187,18.252080199998026],[38.271368200126837,18.2555536001456],[38.267894699689101,18.256546100405597],[38.26640609963512,18.258530799833053],[38.267894699689101,18.261508100330069],[38.272360599563896,18.262500599829863],[38.279307499828128,18.262500599829863],[38.28625449980531,18.2620042996049],[38.291216499685653,18.261508100330069],[38.290720299967084,18.260515700085715],[38.28873550019464,18.258034699828357],[38.288239199864769,18.255057400354783],[38.290720299967084,18.254064900119669],[38.297667200231288,18.254064900119669],[38.302629200111632,18.254561199999745],[38.313049599915303,18.253568800155964],[38.318507999838538,18.257042200396906],[38.318011700406963,18.2620042996049],[38.31553070001759,18.264981700064698],[38.310568600424233,18.266966400320943],[38.306598999980942,18.267958800372973],[38.302133100106147,18.270936100408655],[38.303621700160029,18.271432200227274],[38.30560649993258,18.272424700137524],[38.309080000370315,18.273417099686583],[38.312057199579847,18.274905700309926],[38.31453819996922,18.28185260017716],[38.311560999861321,18.286814699650712],[38.307591299705052,18.288303299584705],[38.302133100106147,18.28731089991167],[38.299155800285206,18.28383740002764],[38.300148199722301,18.277882899919366],[38.301140699770734,18.273913299891763],[38.300148199722301,18.273417099686583],[38.29717099961443,18.27639430010364],[38.293201300356429,18.282348800136877],[38.291216499685653,18.286814699650712],[38.290224100248565,18.289791900383932],[38.289231699913138,18.293761600082139],[38.28774309985922,18.298227400040073],[38.281788599930408,18.301700899820762],[38.275337799671824,18.300708299679172],[38.272856800180755,18.298227400040073],[38.270375799791417,18.293761600082139],[38.271864499558347,18.287807099605264],[38.275337799671824,18.282845100180243],[38.281788599930408,18.279371600408041],[38.28377329998991,18.276890399670449],[38.283277199984362,18.273417099686583],[38.275337799671824,18.272920799965611],[38.270872100121288,18.276890399670449],[38.263925100144114,18.278875299808064],[38.259459200269255,18.277882899919366],[38.254993300394453,18.274409399728793],[38.251023799664175,18.270439800416177],[38.24655780007631,18.265973899906701],[38.245565300027906,18.259027099748636],[38.247053999794872,18.254561199999745],[38.251519799956718,18.251583899855095],[38.257970600215337,18.250095299752473],[38.258466799933892,18.247614299963711],[38.25697819987991,18.240171199853485],[38.254000999772039,18.235705300124366],[38.24655780007631,18.230247099971226],[38.234152599601927,18.22379619971219],[38.229686600014048,18.22379619971219],[38.227701999667595,18.224788700394399],[38.22373219979832,18.22330010040849],[38.218274000199408,18.222803899858867],[38.214304300043111,18.222803899858867],[38.209838599594242,18.226773600305254],[38.205868700011955,18.228758399928299],[38.201402999563115,18.228758399928299],[38.197433199693869,18.227269799773921],[38.197929500023669,18.230743199944538],[38.195944599639887,18.233224299725943],[38.19693709968832,18.236201600388043],[38.194952200202827,18.238682600116181],[38.193463600148881,18.239674800006643],[38.189493999705626,18.240171199853485],[38.191478699765092,18.243148400335606],[38.192471199813461,18.246125699980322],[38.189493999705626,18.251583899855095],[38.184035700393672,18.251583899855095],[38.180066000237375,18.249599099728048],[38.179073599901955,18.244140799971859],[38.181058500285779,18.241659799642697],[38.184035700393672,18.239178799738379],[38.185524300447589,18.236697699587737],[38.189990099711139,18.231735700245832],[38.189493999705626,18.230743199944538],[38.188005299938659,18.229254599708863],[38.185028099830731,18.229750799780781],[38.182050800009883,18.231239400036351],[38.178081199566599,18.233224299725943],[38.17361529969174,18.234216699695835],[38.169149500428247,18.234712900116737],[38.163691099606687,18.234712900116737],[38.160714000110104,18.232231800239724],[38.159225300343145,18.231735700245832],[38.154263199851485,18.236697699587737],[38.154759500181292,18.238186300108183],[38.156248100235238,18.240171199853485],[38.154759500181292,18.24215590033182],[38.15773670028922,18.243644400369206],[38.161706299834215,18.247614299963711],[38.163194999601146,18.251583899855095],[38.158729099726287,18.2555536001456],[38.154263199851485,18.25753839963599],[38.15128599974355,18.2555536001456],[38.150293600306497,18.252080199998026],[38.149301100258064,18.248110399866743],[38.14830869992268,18.246125699980322],[38.14483520038327,18.248110399866743],[38.14136179965854,18.250591599882071],[38.13639970006512,18.2555536001456],[38.128956600082397,18.258034699828357],[38.121017300381169,18.2620042996049],[38.118536200278783,18.26299669987192],[38.116551500219323,18.266966400320943],[38.110100699960711,18.27192840013716],[38.108612099906722,18.27540189966993],[38.106131100415681,18.280363899657821],[38.103153799696507,18.285326099730145],[38.099680499583094,18.288303299584705],[38.099680499583094,18.293265400374818],[38.100176599588636,18.294257800074583],[38.101168999923992,18.293265400374818],[38.101665199642554,18.289295700400537],[38.103650100026378,18.286814699650712],[38.107123499852804,18.286318399880482],[38.110100699960711,18.288799599643642],[38.112581700350006,18.293761600082139],[38.108115799576851,18.301204699821096],[38.107123499852804,18.300212299822359],[38.105634800085838,18.302693299820501],[38.106131100415681,18.305174300104131],[38.108612099906722,18.307655399597607],[38.101453199930482,18.309537099648313],[38.094940800396166,18.308315999841941],[38.089649499692158,18.315235399803743],[38.086800299630845,18.322968900234155],[38.091713600043008,18.330009399754491],[38.092318999865796,18.33048719962316],[38.086393299925035,18.336807700415427],[38.083951200180735,18.342912999735525],[38.080695000413613,18.352681599886257],[38.080695000413613,18.36245010027833],[38.082382500047864,18.368718199768168],[38.083544099863659,18.373032800257487],[38.086393299925035,18.384022399866232],[38.097789999559183,18.39704710000219],[38.108481699561793,18.398476000090497],[38.119528700327187,18.403423400186547],[38.121397300322755,18.411292900420598],[38.114070899580256,18.417805299593336],[38.103895299674711,18.422282600173407],[38.088428399963526,18.431644100290431],[38.075403699709639,18.435307299973712],[38.065635100408166,18.444261800270102],[38.056273599627218,18.448739100379473],[38.048133099760193,18.45321629996468],[38.039585600187394,18.459321700424432],[38.033073199754753,18.461356799857242],[38.027374900243331,18.469497299622198],[38.017606399756602,18.477637700225895],[38.007837799556832,18.486999299967792],[37.998069200255365,18.492697599795857],[37.992370899845646,18.507350399909104],[37.984230499691634,18.519154100269027],[37.972833800057415,18.534620999887721],[37.967135499647696,18.539098300123538],[37.960216100407642,18.545203599886204],[37.945563200108005,18.561891599619045],[37.930910400419677,18.572474200384665],[37.91422240008152,18.580207599693285],[37.902418799556237,18.58631299957905],[37.89305719996058,18.588348099588735],[37.884916799806561,18.590790200282779],[37.876222699670976,18.59464879986151],[37.870491900010933,18.599337699696036],[37.861374500238703,18.599077199755705],[37.856425100128483,18.60142170019402],[37.847307800069295,18.602984599964881],[37.838190500010079,18.605329100225223],[37.830115100153343,18.608455000105021],[37.820737300339857,18.611320500130752],[37.812662000196134,18.613664900019685],[37.80276319997575,18.617311900183413],[37.796771799950065,18.622000799593096],[37.794166799712116,18.628252700418543],[37.791040899678613,18.63294160026976],[37.784268000390036,18.637109499672448],[37.781142100356533,18.641798400255386],[37.774108700415319,18.645966300247938],[37.769940799568033,18.649613199680193],[37.766293900025964,18.661595999913562],[37.768898799652504,18.666024399589229],[37.753327300109653,18.679811099743809],[37.745193799915313,18.68217510028655],[37.745388100121374,18.688246700098436],[37.750924700186729,18.69389740037812],[37.746496299585139,18.701451699779859],[37.739723400296526,18.709006100222975],[37.728261599753722,18.711090000085356],[37.718096699681567,18.70809489977027],[37.714127100136579,18.705613900408697],[37.708984999719796,18.707182600207712],[37.704296100262198,18.708485100400718],[37.697523200075324,18.710308599991325],[37.691531800049638,18.713174000199572],[37.680881100054961,18.718515300267541],[37.683858300162825,18.723973600102848],[37.682369700108872,18.726950799999173],[37.678400099665588,18.726950799999173],[37.676162600210404,18.735837100143144],[37.668087300066745,18.73219010025359],[37.662025199933197,18.723973600102848],[37.655574599998872,18.721988700425026],[37.641680699757565,18.718019100011304],[37.640192099703619,18.716530400320476],[37.63870349964963,18.714545699991028],[37.638207299931068,18.715538099861945],[37.63721479988267,18.717523099939882],[37.635230000110191,18.718515300267541],[37.630764199948409,18.718515300267541],[37.628779299564592,18.716530400320476],[37.626298300073543,18.712064600390406],[37.618801700025749,18.717456499735121],[37.613300000407492,18.715956099813333],[37.605964499731201,18.715122499884323],[37.59696180044773,18.712455000318393],[37.591762300379273,18.712392499974886],[37.584291299622159,18.712955199627309],[37.573454699567641,18.709120700075719],[37.568453199865893,18.709120700075719],[37.565285600036923,18.711788200321184],[37.562451400044147,18.714955799995245],[37.558950299767616,18.7132885997814],[37.554615700349679,18.716956399670426],[37.549780900116872,18.715122499884323],[37.542445400338877,18.717123100139972],[37.533275999789872,18.722958199613746],[37.52810770000783,18.729793599779221],[37.52460670034268,18.733294599679478],[37.523606400222612,18.737962699936755],[37.521105600066051,18.737962699936755],[37.51777129986985,18.739296399606715],[37.51193620041537,18.744964799818323],[37.507768299568049,18.74829909981991],[37.502766799866293,18.748632600374517],[37.500599500157328,18.752800500418569],[37.499932599873546,18.755634700042901],[37.496598299677309,18.757301799666678],[37.492930499931809,18.759469199592189],[37.491096600059052,18.766304499724114],[37.48592839999003,18.771139300386867],[37.482427400324809,18.774807100038192],[37.483260900364556,18.783476399674399],[37.47842619984479,18.787144100042852],[37.472424300310038,18.792312399874774],[37.470757199619207,18.797480599751534],[37.467422799709986,18.802815499972446],[37.463588400208479,18.809150799784312],[37.458580100260072,18.815275799992929],[37.449152199606573,18.824207600117013],[37.446983399711016,18.822401400299807],[37.444734499736605,18.823263199832329],[37.447167300121045,18.825696200368487],[37.446671200115496,18.827184800188572],[37.441910400400879,18.833645799942641],[37.436747000030486,18.836612700039844],[37.428311499712336,18.845048200261612],[37.429487600133434,18.846459699816496],[37.427244099932146,18.851663499699157],[37.426577199648371,18.857165199776372],[37.422853200400382,18.861919300142535],[37.4208683000166,18.865392699953507],[37.417891099908729,18.871347100415587],[37.412929100028315,18.870354799886904],[37.409455599590579,18.873332100358578],[37.413244900071533,18.883460100398814],[37.412929100028315,18.892509099941137],[37.412929100028315,18.898142400357486],[37.4165605000385,18.910204699622057],[37.413239900048659,18.917516600420907],[37.409425400027395,18.925685799651422],[37.409958899593171,18.929100099675271],[37.409927400167682,18.93398129986937],[37.397902000208894,18.943824499814053],[37.396728300086203,18.948626000308021],[37.396941700271881,18.954067600421286],[37.394914400304991,18.96153650003389],[37.396408199807738,18.968472000033781],[37.396941700271881,18.979141800218756],[37.401427699951164,18.978691800216748],[37.402348700391187,18.96503559973992],[37.405904400270693,18.980102099989537],[37.407398100060504,18.98394329977781],[37.406117799558018,18.990345199954469],[37.405477599899434,18.994613100282848],[37.403997300278661,18.992918100353929],[37.403004800230264,18.998872600388353],[37.395234499685117,18.997600699776306],[37.393577000188031,19.003834700214313],[37.394594300026569,19.008804099805086],[37.391592099804278,19.009789200282817],[37.393954100367921,19.014459100047411],[37.393100499625426,19.016273000367043],[37.391820100308223,19.020114099891241],[37.392887100338037,19.024061999948785],[37.388901299676924,19.028492300189392],[37.38797900027307,19.031104099810285],[37.384884700276302,19.035692099938704],[37.380616799869848,19.039319900379613],[37.382323899845339,19.043374500224505],[37.382164200049075,19.046508600331649],[37.37918699994114,19.049981900038642],[37.378909600181444,19.054044299892539],[37.378363199909856,19.058095900201472],[37.376789700078426,19.06262830024853],[37.375010900170274,19.059286100379182],[37.369946900182633,19.058418999932169],[37.368026300308557,19.060766299970386],[37.369946900182633,19.068982099963897],[37.369733499997018,19.072076399640626],[37.372736199682528,19.071815100253385],[37.373728500304942,19.074792300042539],[37.371282500075679,19.075929699959865],[37.36706600037148,19.075704199928378],[37.365572199970366,19.078584999576872],[37.36407850018059,19.081572599683753],[37.366319099721792,19.082853000334076],[37.3664257998146,19.08840129979669],[37.367278000083623,19.09563289983641],[37.360827199824975,19.101587599987557],[37.357850100328413,19.109030699680581],[37.35685760027998,19.115977600197109],[37.354417699611545,19.119811500302927],[37.356716299777368,19.121157800201161],[37.357200900448973,19.123784599946063],[37.353942100059086,19.123505199609092],[37.353384099842245,19.121435799822489],[37.349911699840753,19.118989500161096],[37.342311900434773,19.116463099973704],[37.344217699666238,19.114270300022671],[37.340604699848072,19.113155400274422],[37.340497999755193,19.109527700054493],[37.342205200341994,19.107820499649733],[37.33655019962724,19.10472619989017],[37.333775999908951,19.109314299800626],[37.329188000122379,19.111021399903887],[37.332109399579743,19.115330600212907],[37.333455899630465,19.117316699776179],[37.331761299712255,19.118947700197626],[37.332520599807815,19.121286399878294],[37.332922400064753,19.123931999699597],[37.334747800078276,19.125720200336907],[37.335056400124451,19.127986500167751],[37.336123400154264,19.122651600364687],[37.338150700121155,19.122011400371665],[37.342205200341994,19.120730999735628],[37.344765999874653,19.12158460041314],[37.348676699581397,19.122541899936881],[37.350847800062319,19.123825300416801],[37.354155500244701,19.128306599931896],[37.357884600126873,19.134347399657656],[37.355969400025977,19.138336299804951],[37.351381299628095,19.140043499808211],[37.345148899577971,19.140575599729107],[37.338790899779809,19.13886979958076],[37.338994099595354,19.147238700102069],[37.339986499930738,19.155674200163574],[37.339431100336689,19.163837300331178],[37.336038800414087,19.167578599648035],[37.334721800138979,19.171550199930749],[37.333882700001766,19.174080399884581],[37.333206999821485,19.181177300015605],[37.329959800275148,19.191726299959072],[37.332939099745829,19.195502700124347],[37.334202800280188,19.198514400337224],[37.332815699971881,19.200861799915426],[37.334949700031643,19.20203549987033],[37.335696599783041,19.208437399714764],[37.33303959966657,19.215715300277378],[37.331962100127683,19.231057499674243],[37.331322000182077,19.233724999600149],[37.329508100400801,19.238099599842958],[37.326588999732245,19.243502900024094],[37.324604100246788,19.247472600246713],[37.326088600389753,19.248950900131828],[37.325560199661531,19.250796799937277],[37.324599899724525,19.253357500269129],[37.323830899620475,19.256263099783496],[37.321719099626378,19.258905900397163],[37.323959700065942,19.259226000059389],[37.32699999963603,19.258508900200841],[37.325560199661531,19.261359899580277],[37.325026700095755,19.266694899576613],[37.325240100281405,19.270429299741529],[37.327160700155453,19.272883400317241],[37.326733899784223,19.278645099944956],[37.327267400248296,19.285793899900241],[37.327054000062645,19.288141299648402],[37.327160700155453,19.291235599767202],[37.328547799565499,19.295716900039448],[37.327497700439373,19.298113600167312],[37.326947299969838,19.297530800287248],[37.324706599817333,19.296143700210944],[37.32310619993472,19.296570500117117],[37.324066400158749,19.289741800375189],[37.322679399563455,19.280565699748305],[37.321292300153452,19.288248000070546],[37.320652099596501,19.294756600247151],[37.319371700279362,19.298597800366668],[37.317984599971027,19.300625100085348],[37.317877899878219,19.302972399881284],[37.31862479962961,19.305639899621486],[37.31819800015667,19.307453800063477],[37.316490799569912,19.309160999605826],[37.315850599911329,19.311188199772914],[37.316704199755527,19.312788699715618],[37.316704199755527,19.3153494999275],[37.314570300307139,19.316523199687765],[37.31467999987472,19.319422699791708],[37.311206500335281,19.319918900063644],[37.309717799670018,19.321903699648967],[37.310214099999861,19.324384800014514],[37.309717799670018,19.325873400273643],[37.309208000356406,19.326893099878053],[37.308725499945908,19.327858100402818],[37.308725499945908,19.329843100231564],[37.311702700053843,19.329346800403584],[37.314183700443216,19.328850699968079],[37.315672299598766,19.328850699968079],[37.316168599928638,19.33282029959792],[37.318153299988175,19.335301300275749],[37.320138200371929,19.333316599890527],[37.320138200371929,19.330835400374063],[37.321130599809045,19.332324100364282],[37.319641999755071,19.336293800355278],[37.320634499803504,19.340263399598136],[37.322123099857414,19.33927109995599],[37.325100299965349,19.336789900219586],[37.324107799916916,19.343240699697251],[37.326092700300705,19.35018760002335],[37.323115500192799,19.362096600206403],[37.319145800036566,19.368547299922461],[37.317161000264058,19.38144870029377],[37.313687499826322,19.385418300312008],[37.314183700443216,19.3918691002477],[37.311206500335281,19.39831969962124],[37.306740599562126,19.400304600045871],[37.309221699664477,19.403777899977591],[37.307236800178984,19.406755199678145],[37.306740599562126,19.414694600150209],[37.307236800178984,19.421145299938736],[37.303763299741242,19.426107399926838],[37.299793700196254,19.429580800078931],[37.299793700196254,19.434542799975411],[37.299793700196254,19.443970800078628],[37.295327800321459,19.449429100273402],[37.293342999650683,19.456376099728285],[37.291854299883724,19.460841799867751],[37.287388499721871,19.465307699718863],[37.285092299854462,19.470734800418885],[37.281252300255517,19.47981060024939],[37.290862000159606,19.469773600198788],[37.295825099577897,19.472203500139557],[37.296788900249602,19.476967799907825],[37.296733800285004,19.482439499807029],[37.289327700112189,19.491793300114988],[37.282294300170975,19.497784699795972],[37.282426499841456,19.505004300122227],[37.279428899891812,19.509767500004202],[37.273991000421674,19.50649290020046],[37.275975699582844,19.511951299941586],[37.273991000421674,19.513936099797803],[37.273494700091803,19.51492839999063],[37.272006100037856,19.514432300188385],[37.270517499983939,19.51740960009295],[37.2670440004445,19.517905700071896],[37.263570599719742,19.520386900193873],[37.267540200163062,19.520386900193873],[37.269525099648519,19.522371599861092],[37.269028800217015,19.527333700418527],[37.26605160010908,19.53179960039137],[37.261585700234285,19.536265600386368],[37.25811219979655,19.53973890000605],[37.255134999688615,19.543212300140734],[37.251165300430678,19.547678200307729],[37.245707099933405,19.555617600145784],[37.246699500268825,19.560083399880977],[37.246203299651967,19.562068199852419],[37.248188100322778,19.562564399625515],[37.249180600371147,19.5680227003289],[37.246203299651967,19.574969600095947],[37.241241200058617,19.574473400422171],[37.243226100442371,19.580427899622041],[37.240745000340048,19.587374800227952],[37.239256299674793,19.590848299793802],[37.237271599615326,19.600276199689521],[37.239256299674793,19.602757199873729],[37.239752500291615,19.608711699766143],[37.240745000340048,19.617643400094561],[37.24024879972319,19.628063799682106],[37.240628000164158,19.64440839994699],[37.24024879972319,19.651881799693726],[37.236573499943383,19.656358600176063],[37.232518900009609,19.656038500027691],[37.234866300254922,19.658279200341344],[37.238263999950682,19.659821099648319],[37.23551980036963,19.664741099597638],[37.238280699631822,19.664681099919449],[37.239987900218587,19.668842400129478],[37.238494099817473,19.6716164996541],[37.238102799967926,19.674808399863089],[37.238707500003088,19.67716489976101],[37.239667799940165,19.681112699635104],[37.241028499660565,19.683743399910874],[37.241268199822777,19.684207000046349],[37.24478930019081,19.684527099768616],[37.247456799816284,19.682286400119509],[37.248950499606089,19.67545769969367],[37.246523099893125,19.672910200371639],[37.244218499879487,19.662798300000293],[37.246699500268825,19.659821099648319],[37.249978599889197,19.662693999710292],[37.25219149987862,19.667908700166972],[37.256692900275148,19.673910499954303],[37.259693799736901,19.679078800230233],[37.261194200060423,19.684413699912461],[37.259860500104146,19.686747699598481],[37.259104699844912,19.690585899658],[37.25997540001886,19.692980600274787],[37.257693200395174,19.687581299826054],[37.257526500027865,19.698918100130747],[37.261957600066971,19.702189800177916],[37.262861399565836,19.708587599812148],[37.260097100180303,19.738221900091233],[37.262081999665789,19.745665099637684],[37.260593299898858,19.753108199836838],[37.262081999665789,19.758566399593896],[37.264066699725326,19.76650580010676],[37.261585700234285,19.770971599616757],[37.261585700234285,19.77642979996018],[37.262081999665789,19.780399399825409],[37.261585700234285,19.784369100273132],[37.25811219979655,19.784369100273132],[37.253150199916135,19.780399399825409],[37.255134999688615,19.782880600041821],[37.257616099790994,19.786354099782475],[37.260097100180303,19.796774399692488],[37.266022299759449,19.805096600095364],[37.266982599696526,19.810431600162783],[37.266555800223557,19.813845899640821],[37.266342400037942,19.817900500088694],[37.267729500346213,19.82451579972296],[37.267302699974948,19.829317200329459],[37.263570599719742,19.833989900267998],[37.26605160010908,19.836967199613994],[37.268903199570609,19.839666999708133],[37.269223299849031,19.843935000422427],[37.266364399779256,19.845770900287164],[37.265555299779209,19.843914199696361],[37.264101799598379,19.838173199903373],[37.262181199724303,19.84126749990013],[37.259727100284472,19.837959799750038],[37.259086899727521,19.833585200310257],[37.255886000249319,19.833478500144896],[37.254498899940977,19.838066500285091],[37.256739600093518,19.8409474003073],[37.258553400161851,19.840840700017974],[37.259600700137455,19.846891400004807],[37.257166299853509,19.847242599755578],[37.256633100325033,19.84902469994006],[37.253538600003942,19.849376599654768],[37.253965400375243,19.853004399791342],[37.256099400434934,19.856098599952649],[37.258233299883322,19.860793399609271],[37.256846199575023,19.863140699596116],[37.254285499755369,19.86559479978964],[37.25203450041807,19.869226600244257],[37.253965400375243,19.870076099937727],[37.253431899911199,19.872636900181323],[37.25055100010001,19.873063699860992],[37.245002700376432,19.882453199708849],[37.239134300374388,19.893656600357698],[37.237533799880396,19.892162799702444],[37.234919500282658,19.892292899584373],[37.234546199976492,19.89653740027963],[37.229409599944205,19.897861599895258],[37.228144300408687,19.900378599842323],[37.231112299971407,19.900680899636509],[37.233015999840028,19.902108800334918],[37.229420400388904,19.907079300119744],[37.228669300115186,19.909059600102481],[37.227371799569944,19.911859400111851],[37.224571999662679,19.912269099692882],[37.223591999671491,19.91507309965014],[37.223022100370386,19.91924090010848],[37.222728300068525,19.921009899605977],[37.22293309978366,19.922580500309042],[37.222045399891208,19.924697400309515],[37.22016679984992,19.929234699885555],[37.218861200094075,19.931845999680625],[37.217896399597478,19.934810799613551],[37.218479099891383,19.939180799690078],[37.215180399929785,19.941157499596162],[37.213577800073075,19.942725200342725],[37.212211999718413,19.943339800304454],[37.212690100180659,19.939993699899876],[37.212621800371309,19.93767189996111],[37.211529200152476,19.936579299713351],[37.209548800328214,19.937876799614695],[37.209017300412278,19.939091000004847],[37.207978200258545,19.940061999935889],[37.206407600188811,19.942998300161722],[37.204700399602054,19.942929999706767],[37.207227099984827,19.943886100366068],[37.208934299673295,19.945046899810936],[37.209821999565676,19.945866400289379],[37.21234860023548,19.946822400413982],[37.210573799626971,19.951259199700345],[37.210300000314881,19.953651100264331],[37.209412300422457,19.957543500048494],[37.209480600231871,19.960548099788323],[37.208312500206695,19.961627299872251],[37.208661100435798,19.964645400342679],[37.207387999930312,19.966138299845152],[37.204085899845424,19.967923099646864],[37.20219750008274,19.968793800026983],[37.20077849970037,19.971699399959185],[37.20012029960008,19.973047100208912],[37.198275799607011,19.976823800389855],[37.198375299702825,19.980615999891565],[37.196145000244641,19.983216399816751],[37.195281100317352,19.988938500067395],[37.195921299975971,19.998541400043091],[37.194854299946094,20.00270270039417],[37.193573899730595,20.004729900065549],[37.192080100227777,20.00270270039417],[37.190198700137799,20.002781599964141],[37.187415999661923,20.002898199796466],[37.183330800414645,19.998541400043091],[37.181303600160703,20.000782100005775],[37.182034299694273,20.002533599968313],[37.180556700409312,20.004516500082911],[37.181303600160703,20.006757200240422],[37.183330800414645,20.006970599716976],[37.185251400288728,20.005263400022447],[37.189233700215148,20.004901599690868],[37.192089200161639,20.006805099758928],[37.192435899555647,20.008885199898543],[37.193041000239482,20.012515800277654],[37.190185600005996,20.016798800198831],[37.189709700416209,20.020605899604398],[37.188758000051379,20.020130099934306],[37.186854499608756,20.020605899604398],[37.184474999863355,20.025840800274338],[37.182973400288944,20.02636139984866],[37.182583899764886,20.026496500365639],[37.182370499579278,20.029377300171404],[37.182285800126117,20.031877900288514],[37.182157100291953,20.035672599806212],[37.185707200073963,20.03857929965109],[37.186854499608756,20.042021099930739],[37.188282099563367,20.042021099930739],[37.191137499796774,20.044400599780534],[37.194468699907041,20.04630419969342],[37.197324199853462,20.051063100197489],[37.198855300101854,20.053104599830725],[37.201469599699593,20.053171200237667],[37.202544500412316,20.052426399605398],[37.199655699918317,20.048903199959426],[37.199442299732631,20.044741999921882],[37.198644600251917,20.041905400028924],[37.198748500296034,20.040769199831438],[37.197967600209402,20.039381099948162],[37.197175199890602,20.036180300010969],[37.196082599671762,20.035918100097607],[37.195689300172354,20.034126200353946],[37.197379599855395,20.035131599850192],[37.198792199741341,20.036224000375999],[37.199290700045303,20.03892269990444],[37.199797400171235,20.041031400087171],[37.20027820007089,20.042342500289443],[37.201290799923747,20.043493299664121],[37.202288500319277,20.044484000051153],[37.204298900280733,20.045838800344377],[37.205435199944873,20.046887699907501],[37.206841799983074,20.049635399707476],[37.208745499851723,20.052490699941956],[37.209352200435049,20.056738800389702],[37.213013100220813,20.059693099995794],[37.21317979968979,20.062694000416084],[37.212012800100851,20.066195099722581],[37.21501369956254,20.069029299727546],[37.215847300213561,20.072196899828032],[37.216847600333587,20.075697900058305],[37.216177399639442,20.078867500040364],[37.218473100043568,20.089889700173927],[37.216910099721176,20.098486000244382],[37.216649599966885,20.105779900039074],[37.217691599882407,20.113855199827963],[37.215607600051356,20.119325600319581],[37.215347100297052,20.124014499632331],[37.21743110012811,20.12974539976803],[37.214565600135899,20.136518299928856],[37.213784099974703,20.145114600031537],[37.213784099974703,20.155534400252659],[37.211179200348063,20.165433199763083],[37.20928479983926,20.172748200065964],[37.208053300314553,20.177416000314992],[37.214142299600951,20.178995199922642],[37.211293200150919,20.183879500283552],[37.209665099818167,20.193241000407017],[37.205187800322413,20.203823700224092],[37.205187800322413,20.222953799658821],[37.201524599951149,20.224988899848629],[37.19948949991263,20.219697600321044],[37.193384100084089,20.216441400260784],[37.192977100378343,20.225395900001022],[37.194605199812791,20.232722299643314],[37.1997667002464,20.239749300300709],[37.203559699989633,20.231908300383761],[37.206001900345235,20.242897900381116],[37.206815899756791,20.25999290021727],[37.206001900345235,20.267319299794689],[37.206408900051052,20.276680800231233],[37.202338600261001,20.290926599729392],[37.19685200042435,20.300109100409138],[37.192944600229687,20.306360999583877],[37.196331000017487,20.310528899690102],[37.19398650043221,20.323032599728531],[37.1942470001865,20.335796899616252],[37.191381599907267,20.335796899616252],[37.190079100237512,20.331368499900115],[37.187734700365169,20.333452399683569],[37.190079100237512,20.343351299584764],[37.189037100321983,20.34699820019123],[37.1908606003987,20.351947599609257],[37.193725999779545,20.357678500355153],[37.191642099661564,20.367056300063954],[37.189037100321983,20.37122420014687],[37.197372999932952,20.379820500282403],[37.201043299689871,20.384793400035665],[37.20414580040692,20.39258480029919],[37.208053300314553,20.397013199706873],[37.20753229990769,20.40352560020677],[37.202322400043172,20.412903400298511],[37.198935899644063,20.420718200368892],[37.198935899644063,20.425928099745789],[37.193205000270979,20.431398499855028],[37.191121100152969,20.436347900366467],[37.190079100237512,20.447288699830271],[37.189187400147077,20.450727999663627],[37.188505700119059,20.453144700297191],[37.189506000239021,20.456812400303011],[37.191840100028273,20.46131379998614],[37.195341099693486,20.4634810998128],[37.198342000053543,20.464648099984686],[37.202471300293098,20.465788099865662],[37.205708799830973,20.460052999978835],[37.20909519961878,20.462657900271569],[37.217759799978751,20.463569899882341],[37.221077999670207,20.459792500196983],[37.234947100121516,20.463263299982007],[37.236707700161979,20.466825799638432],[37.234623700330985,20.477506099592375],[37.230716300136294,20.481674099820335],[37.23201879980612,20.493656800165574],[37.235665700246514,20.505639599691339],[37.239573100441213,20.526479199859189],[37.241136099865301,20.542629899806077],[37.238531200238697,20.54653729988739],[37.239573100441213,20.552528699821607],[37.237228699670574,20.566595400042448],[37.232539800213011,20.569721299724364],[37.231758300051816,20.575191700185357],[37.225506400271769,20.587955999837767],[37.222640999992571,20.597594299783555],[37.212221200263556,20.614786999882892],[37.208165299569238,20.617381599651921],[37.212742199772187,20.618694399855102],[37.207792799661966,20.629114199759695],[37.208313800068858,20.635105599870624],[37.209355700271367,20.644222900401573],[37.20753229990769,20.651256299673673],[37.199977899559592,20.660113099648864],[37.192684099577093,20.662457499756009],[37.190339599991809,20.673398299872808],[37.187213699958306,20.679910700231005],[37.187213699958306,20.686423100205143],[37.179919800262802,20.686944100400304],[37.178945299757707,20.692035700383425],[37.180663399603816,20.693897000275857],[37.18226380038476,20.696884499708109],[37.181943700106302,20.700192200177273],[37.179489700379492,20.703606600035716],[37.178892300054251,20.708438100302878],[37.180556700409312,20.709368299939083],[37.18023660013089,20.714169699611162],[37.182370499579278,20.719504700031099],[37.183971000073193,20.72398599970915],[37.183495899984088,20.728754299893296],[37.182879699716629,20.729882500115519],[37.183670699561929,20.729890600078146],[37.18314629992998,20.730371399838404],[37.18314629992998,20.733168400322338],[37.182796699875944,20.734392100031645],[37.183015199797445,20.736358799770201],[37.182359600319955,20.737101800164222],[37.18174780000075,20.737145499729326],[37.181616699868144,20.738456600112283],[37.180786299914452,20.739724000408927],[37.180218100225893,20.739855100155228],[37.17986850017185,20.740554399936034],[37.178863299741955,20.741690699740424],[37.179038100218158,20.743395099842239],[37.178557400031551,20.744094400062469],[37.177378600173007,20.745276999922861],[37.177727000077859,20.745886199939832],[37.177027799969707,20.746279599587812],[37.177290000234812,20.747022500019504],[37.177693599817275,20.747696400248387],[37.177290000234812,20.748901800371673],[37.177798300260243,20.749730699596888],[37.177747900281254,20.750279100253174],[37.178535800040542,20.752109800269313],[37.177502399697261,20.753401499890764],[37.176335400108293,20.7497338002131],[37.172667600362779,20.7497338002131],[37.172500899995512,20.751901100266242],[37.174410100248593,20.754622999734913],[37.179596399574002,20.755675499843562],[37.180770099696623,20.760156900197213],[37.180556700409312,20.763251100381254],[37.180023199945268,20.765171699856957],[37.178849499822547,20.767625800107641],[37.17735570031973,20.772107099753967],[37.176928899948457,20.775841599912074],[37.17788919988557,20.779362700262038],[37.177462400412601,20.781389899744404],[37.17671549976285,20.784484200006929],[37.174688199795959,20.784697600177669],[37.17340779958046,20.781496600374762],[37.170953799853642,20.778829199734641],[37.168713099701108,20.779149300109339],[37.170847099760842,20.78235020018365],[37.171510699634247,20.784827700125994],[37.173010400170163,20.786221800353314],[37.176335400108293,20.787578499831149],[37.172334199628203,20.793580299806347],[37.171667300242817,20.80074909977073],[37.170000199551957,20.792580000151016],[37.168197499965729,20.795570400287126],[37.170281499796651,20.820057000179062],[37.170021000042347,20.824224899860226],[37.169239499881193,20.83594719982656],[37.171844500119072,20.845585500018764],[37.168718500372592,20.852618800089466],[37.172625899668994,20.858349700284375],[37.168979000126889,20.863299100029568],[37.170021000042347,20.877886799690959],[37.16849970041379,20.885274500216433],[37.168166299679207,20.88860880020966],[37.166665799642672,20.892276600355462],[37.162831300428223,20.893110199856903],[37.158496700111989,20.898111699639117],[37.158526199887568,20.901634100115576],[37.161664299940988,20.903779999816262],[37.162497899693712,20.906114100301821],[37.161497599573714,20.909615099850996],[37.162664600060957,20.915116800093234],[37.159663699700999,20.920285000401339],[37.159497000232022,20.924953100096928],[37.158496700111989,20.926953700183791],[37.156815999826073,20.924371800148492],[37.154328800162993,20.924786300337988],[37.154332999786959,20.928774300148827],[37.157496399991956,20.929787800086576],[37.155662500119213,20.933288900328932],[37.153828600246456,20.930788100137352],[37.148327000341212,20.932288600197204],[37.151484300087191,20.934842000053031],[37.155495799751932,20.935622899599956],[37.153495200410234,20.940290999602226],[37.15266159975922,20.942958499679452],[37.148493699810153,20.944625600274826],[37.146826500304748,20.94846009977854],[37.144159100392216,20.95079419979535],[37.14315880027219,20.956629200373516],[37.141824999704696,20.961463999908545],[37.143325499741167,20.965631899893669],[37.139991099831953,20.970633500317323],[37.137156999552182,20.97563499966796],[37.132822300421196,20.978302399621857],[37.132655600053958,20.981303299865296],[37.134656200293946,20.98547120023856],[37.128654399573868,20.988472099902463],[37.129988100428477,20.994307199884364],[37.123819600239422,21.000809200337347],[37.119631700198923,21.005670600411825],[37.117292900424147,21.009985500317008],[37.112922500447155,21.010053800383325],[37.11088240038579,21.011432399919386],[37.109175199799026,21.015166799994368],[37.107788100389016,21.019114700167229],[37.109495300077477,21.022635700308474],[37.110669000200105,21.024769700015881],[37.111415899951567,21.026903700198687],[37.108428300047599,21.031064899595858],[37.103947000353863,21.033945800228373],[37.099358899955973,21.033945800228373],[37.096798200136327,21.035652999658677],[37.094877600262244,21.037573599949159],[37.094664200076622,21.041414700253291],[37.094237399705328,21.045362600179924],[37.094130699612485,21.048030000252215],[37.093917300325167,21.051657799799212],[37.091569900079854,21.05549889979968],[37.091249799801396,21.059340100188031],[37.093597200046744,21.060513800416157],[37.093553499703148,21.065404700279704],[37.092548300171543,21.068332799743956],[37.092772700227854,21.069899300104744],[37.093277099768287,21.073637699729655],[37.094877600262244,21.07427789959053],[37.098398600018967,21.077372199872812],[37.101813000294165,21.077478900294693],[37.103200099704104,21.075344899938912],[37.106934499646449,21.074918100047853],[37.109495300077477,21.072463999950546],[37.110348899921682,21.069156400398661],[37.113591700418063,21.068917100337028],[37.117817800417711,21.071610499758997],[37.120985400246646,21.071830499918971],[37.121485600163147,21.074831399595418],[37.125653500112179,21.074831399595418],[37.12732069961762,21.077832299893572],[37.124955400440243,21.079509900288066],[37.125997400355764,21.082896300120204],[37.131655299933925,21.087668599829243],[37.126987200068392,21.087835299744633],[37.126257900110069,21.090971699872682],[37.124694899787642,21.09696310039314],[37.125476399948873,21.102693999773138],[37.12078749959295,21.106861899877899],[37.117799799976041,21.110883799637925],[37.121846999588534,21.114403199653673],[37.125476399948873,21.118063199598083],[37.125155399558459,21.122667499763555],[37.129123300389274,21.127962000236369],[37.12504310026651,21.129482500002325],[37.119501500178309,21.137320799678374],[37.121638000249426,21.142384100127202],[37.124173900279047,21.147499100219868],[37.129946099697356,21.15093559975071],[37.134078599735929,21.151572199645823],[37.135114700414952,21.154792899919446],[37.130946799567624,21.15531389981113],[37.114014600304337,21.156876900214776],[37.102797599659631,21.159741700324734],[37.102813300414134,21.165994200017494],[37.097964199900396,21.174411799667837],[37.099758599951805,21.18151110002627],[37.097478399977867,21.189032399583969],[37.102479899679615,21.194534100256483],[37.109085600035961,21.201694999668256],[37.109148500072159,21.206537700126457],[37.116317400094189,21.209538599663112],[37.123819600239422,21.215040199822248],[37.131488599566644,21.221875599748543],[37.137323699919421,21.222042300201512],[37.146826500304748,21.2242095999718],[37.15216149955566,21.220041699780946],[37.161831000308233,21.217707699786335],[37.164998699850209,21.211705899651164],[37.170000199551957,21.203703500130281],[37.172834299831727,21.199868999759545],[37.174001400031976,21.191699900281581],[37.171000499671983,21.188865700393123],[37.17033360028654,21.184364299704619],[37.164331799566462,21.173027600018372],[37.159811200375678,21.166751500187626],[37.163164799977451,21.162524399956339],[37.16383159964996,21.153855200217375],[37.16383159964996,21.147353200001838],[37.173501200115474,21.14551930034942],[37.180836699893469,21.140184400377304],[37.18150360017728,21.14585280041393],[37.179336299569947,21.152354699779156],[37.181670299646257,21.159523500119811],[37.186179100364136,21.16255309984906],[37.191339900111771,21.160023699695461],[37.194507499940769,21.162357700206911],[37.20000919955902,21.159523500119811],[37.199842500090078,21.154188600246851],[37.201009499679024,21.150020699912645],[37.202676600369777,21.146686299713991],[37.200509299762516,21.144852499885534],[37.196841599730028,21.146186200026573],[37.194007399737245,21.146352900389239],[37.195007699857271,21.142018299880121],[37.197341699933517,21.139850999826269],[37.193507199820743,21.138017100311657],[37.194731500246803,21.135744800091185],[37.19916920020821,21.13590709990666],[37.200398400045742,21.134814499871148],[37.200634300334357,21.132860900090428],[37.202446999966341,21.132083000156737],[37.208661100435798,21.13406340017756],[37.208729400245211,21.135702200361088],[37.204343799875261,21.137850399786494],[37.204755600177954,21.142357299913918],[37.211012499980818,21.143852200143119],[37.21734769963885,21.143018600274946],[37.216347400417085,21.139017400068909],[37.219515000246084,21.137850399786494],[37.220929700393242,21.133249900057223],[37.225683600148116,21.136683299823137],[37.235686599551549,21.137350199892175],[37.238187299995104,21.130848299800768],[37.237853900158889,21.124846400205275],[37.240688100151601,21.121011999771422],[37.238854200278915,21.11951150028364],[37.23401940004608,21.119011400246286],[37.234186100413382,21.11434329987517],[37.233519200129571,21.106507599711932],[37.239687800031639,21.101506100312225],[37.24052130007135,21.096671300104457],[37.24390339962391,21.090085500227492],[37.247523400013087,21.082833800159488],[37.257201699763897,21.071293399970322],[37.260694099856863,21.072163999634281],[37.270030199874924,21.063994799627583],[37.275865300227693,21.053825099585456],[37.282200499885654,21.048656899648051],[37.272697700398695,21.049823900040515],[37.280199899645631,21.044155500146541],[37.277605399815123,21.044082600304222],[37.272916500357496,21.045645599949079],[37.257807800272587,21.05215790020895],[37.240875600110968,21.067787600390929],[37.233321300374172,21.071695099768245],[37.226548400187262,21.08992970037567],[37.218212600289306,21.102693999773138],[37.214305100381594,21.097744599734419],[37.209616200025671,21.099567999791287],[37.198154500094212,21.105819900414641],[37.210918699695497,21.089408700400899],[37.211512600184314,21.082000200250274],[37.210512300064316,21.077332200291902],[37.215680500133338,21.075331599814394],[37.217014299802528,21.06982990001957],[37.220181899631569,21.065995400055463],[37.221849100035342,21.059660199796635],[37.224683300028119,21.057993000396504],[37.225683600148116,21.05249139959222],[37.230262199963533,21.048300400001274],[37.232518900009609,21.039320800316357],[37.236020000286132,21.032652099810402],[37.239237799769803,21.029154299874275],[37.240354599704077,21.024482999647613],[37.244856000100597,21.021315300200737],[37.244856000100597,21.016647299753831],[37.24852370013312,21.00697770029543],[37.25069109955507,21.00264310025954],[37.255025699871368,20.995307500402529],[37.258193299700366,21.001476100269176],[37.25652619990791,21.006644300313205],[37.255859299624127,21.011645799603144],[37.25535909970759,21.016647299753831],[37.25869349961684,21.01798100032828],[37.263528299849646,21.019648199834389],[37.263861699685862,21.022649099894576],[37.272697700398695,21.018981299795872],[37.289035900358456,21.01698070002054],[37.29553790009674,21.019981600100103],[37.298372100089452,21.023816100272295],[37.298705499925674,21.027317100254585],[37.294704300343952,21.027150399613255],[37.293203800307488,21.029817900255168],[37.289702799743907,21.031151600390558],[37.285371400124994,21.036186300111041],[37.286999499559435,21.043512799667049],[37.300431300130434,21.02926699984917],[37.308502900113453,21.04459599968845],[37.314608200228982,21.056399800368517],[37.322817599979984,21.065491999730938],[37.289034599597926,21.088692399666993],[37.279520399591696,21.113698899949348],[37.271252799790076,21.134686000203416],[37.25535339989711,21.148677400305203],[37.244541899669947,21.167120699903414],[37.233730299729785,21.174752400019219],[37.22927849981167,21.181748100109431],[37.217831000448157,21.193831600417301],[37.215287100022621,21.200191300280032],[37.205751800387006,21.209090499902302],[37.193668399803585,21.215766200110224],[37.185396300340642,21.223086399966295],[37.177128599927713,21.23008209964128],[37.166317099700557,21.237077799920975],[37.153597600267808,21.246617399801139],[37.146169399742405,21.255571900202742],[37.140064099626876,21.260863200175692],[37.134772799821206,21.267782600106798],[37.126225300248365,21.276737100124773],[37.119712899815816,21.28406360027925],[37.114014600304337,21.294646200225369],[37.101396899756196,21.308077899869108],[37.095698499633535,21.31581139985629],[37.092035300160603,21.319881600242137],[37.092849400183425,21.324358900288065],[37.085115900022146,21.329650200289361],[37.079010599906653,21.336976599904936],[37.070870100039627,21.342674900192453],[37.066799899962589,21.350001300108538],[37.062322599568496,21.354478600317513],[37.058466699789022,21.357082900101243],[37.055561199613891,21.356679600177227],[37.053990600442461,21.354494400297519],[37.053854099638443,21.350123999838519],[37.05330779997815,21.348553399894751],[37.050895700371093,21.351249999938872],[37.048527699959706,21.351284900380509],[37.046683899754171,21.349372800081181],[37.045796199861826,21.348007099880931],[37.041016099843304,21.348689999680296],[37.039855199815058,21.351421500130574],[37.039035700019042,21.352650600160125],[37.037806599894459,21.352855500338158],[37.038489400358827,21.351011699661839],[37.037603600403237,21.350313000209852],[37.035562099868301,21.349633200301952],[37.033026499876009,21.349645999671228],[37.032205599606456,21.350136699601549],[37.030636400010266,21.350192300270358],[37.029389900416966,21.352251800115756],[37.028792700416041,21.35422119970519],[37.027153799638697,21.353401799851127],[37.026659300430971,21.351800099676332],[37.027495199870792,21.348894799974179],[37.026862299922264,21.348295700222721],[37.026980500247305,21.344457600370088],[37.02803799969476,21.342864399641538],[37.027426900061478,21.341110100064533],[37.024831999582304,21.3404955000311],[37.02524169962382,21.336056800335058],[37.023534599648364,21.334622799829368],[37.022032199675031,21.333325299829095],[37.020325099699612,21.334213099679079],[37.020475999599334,21.335070400385149],[37.020143199837683,21.336891400329616],[37.018617900011144,21.337559200241298],[37.016910700322676,21.338788300180521],[37.018002899892906,21.340184100358865],[37.019232500379076,21.341519800194082],[37.020051899563782,21.342612399675797],[37.021655999607077,21.343167399783852],[37.022416000388567,21.343367800029348],[37.022773200189988,21.3447812000528],[37.023283000401939,21.346136900072455],[37.02228819976807,21.346596500389985],[37.022033999898888,21.346713900053299],[37.020961500382803,21.348010900075856],[37.02079369957935,21.349465400284682],[37.019981699817578,21.349642600283289],[37.019511400325356,21.350288100202675],[37.019736500169238,21.351357000379597],[37.017908300106967,21.35092760008564],[37.017593599601696,21.349577699821495],[37.016569300090545,21.349850800302722],[37.0163643997641,21.348143700175545],[37.014725499885017,21.347529100340708],[37.013223199624697,21.346026800068127],[37.011174599704098,21.345685299600078],[37.008358799903334,21.345167100178664],[37.006160800269491,21.345766600103847],[37.004746199835374,21.346665700229991],[37.003436299844324,21.347610399822031],[37.003421800137275,21.349102400324771],[37.002570400267231,21.350465399606623],[37.004004399819841,21.350670300329522],[37.005916499834719,21.351216599621036],[37.006872500434817,21.353811499932512],[37.008784499838384,21.354699200010607],[37.010901399568304,21.355040700394145],[37.012702100403089,21.353601599616471],[37.01468310030198,21.354299100378046],[37.015135199926569,21.356679600177227],[37.017866700024484,21.357703900200299],[37.015613199777434,21.358523300259787],[37.013548299926001,21.359922400360098],[37.013391799928797,21.361770300361503],[37.012813499583181,21.365420299666429],[37.013453100065497,21.366752500193012],[37.015620399774434,21.367586000168764],[37.018954799683726,21.364751899693225],[37.021288799759965,21.36091739988467],[37.025790200156493,21.357916500276364],[37.03029149994174,21.359750399784094],[37.036126600294502,21.358750099891836],[37.042128400116248,21.356582700071488],[37.043795599621731,21.354415400380688],[37.044629200272816,21.350247500155206],[37.046463000432524,21.35458210040419],[37.050631000094533,21.356249300203533],[37.053965300290805,21.358249899697299],[37.057009399734547,21.35904890001326],[37.059300199828769,21.36191770003752],[37.055799200163555,21.364418399620966],[37.051964700050775,21.369753400312078],[37.048630399854538,21.379756400134461],[37.042128400116248,21.387758799952739],[37.035292999643481,21.395761200332707],[37.031339300279058,21.401412399852621],[37.029435700123372,21.404267799909533],[37.026104500013219,21.407123200222625],[37.020869699747287,21.407599200369248],[37.019442000079728,21.406171299821658],[37.013731300224109,21.400460600263774],[37.010400100113884,21.398081199641318],[37.009448200323071,21.396177600243302],[37.006592800089656,21.394274200223432],[37.004689299646955,21.396653400166119],[37.005641099724826,21.400936600361529],[37.008972299835015,21.403791900149169],[37.013731300224109,21.409978400064574],[37.018014300412169,21.414261600349921],[37.015158999891703,21.422827599935342],[37.009799299665367,21.431632800023092],[37.009570900309413,21.432007899888344],[37.008496499958241,21.433773099919478],[37.009448200323071,21.437580199782154],[37.007068800290682,21.443290900379342],[37.001358100435063,21.447573900152033],[36.996123199557886,21.452332900181055],[36.994219700013552,21.457567699989628],[36.992792000346,21.466133800071738],[36.990888499903363,21.47089269993289],[36.988033099669885,21.479458700386939],[36.984225999969908,21.48326590036195],[36.981370599736493,21.48326590036195],[36.978039299913256,21.479458700386939],[36.973756299725196,21.476127399832926],[36.970425099614999,21.475175699605664],[36.96376259968158,21.477555200160971],[36.959003699903768,21.478982800077645],[36.953293000048141,21.478982800077645],[36.946630299790399,21.478506899884625],[36.948058199782274,21.480886400341461],[36.952817099560093,21.484217699845569],[36.957100099748125,21.486596899664878],[36.958527800314044,21.490404299956044],[36.960907200346398,21.491356100403959],[36.964238500169635,21.49088019970436],[36.968997499660389,21.490404299956044],[36.972804600258733,21.48945239966562],[36.977563500036482,21.488500699609816],[36.980894700146735,21.489928300019173],[36.980894700146735,21.494687299868797],[36.978515200401304,21.497066799931179],[36.977087600446758,21.500397900401243],[36.977087600446758,21.504681100043108],[36.97470809980306,21.508488200059393],[36.968997499660389,21.511819399956813],[36.960907200346398,21.521813200113328],[36.961383099936143,21.527523900078375],[36.954244700413,21.537041700109636],[36.950913500302747,21.54513180025241],[36.949009999860117,21.551318400337081],[36.950913500302747,21.551318400337081],[36.954244700413,21.548939100197074],[36.955196600203784,21.553222100267583],[36.955196600203784,21.559884599707026],[36.949961700224975,21.560360399712756],[36.946630299790399,21.559884599707026],[36.942347499926655,21.562739900147939],[36.940444000382392,21.569878299963399],[36.940444000382392,21.575113100209119],[36.936636700358058,21.57796839973253],[36.93045010001439,21.581299700034197],[36.926167099826358,21.584155099817597],[36.927118800191153,21.585106800362546],[36.93045010001439,21.586058599903033],[36.935684999993228,21.586534400013708],[36.937588600148906,21.58843810020289],[36.935684999993228,21.597480099784576],[36.936160799870002,21.597480099784576],[36.937588600148906,21.605094299852208],[36.935209100403512,21.608425599877304],[36.93092610021548,21.608425599877304],[36.926167099826358,21.607949699678709],[36.92331169959288,21.606521900323138],[36.919028700303144,21.603666600102539],[36.914745700115148,21.60223889962834],[36.908083200181764,21.597955899945465],[36.90189659983799,21.597955899945465],[36.90189659983799,21.601287300013762],[36.907607299693638,21.60747379958487],[36.905703700436291,21.60937730036704],[36.900944799760182,21.613660199952502],[36.893330600360258,21.616991599994531],[36.888095700381385,21.622226400238205],[36.891427000204622,21.623654099652502],[36.895710000392647,21.623654099652502],[36.898565300014781,21.622702300218041],[36.901420700248273,21.620322799683333],[36.904276099583385,21.617943300067687],[36.908559099771473,21.617467400288646],[36.911414500004895,21.619846900220971],[36.914745700115148,21.619371100241565],[36.920456499683752,21.617467400288646],[36.925215299748523,21.617467400288646],[36.931401999805239,21.619846900220971],[36.93282959975982,21.626509400223359],[36.929974200424638,21.629840700394023],[36.927118800191153,21.634123599962642],[36.925691200236635,21.640310300178722],[36.92331169959288,21.642213800234465],[36.920456499683752,21.648876299937498],[36.920932499884778,21.659821900208783],[36.917125199860514,21.663629100305204],[36.915221599704871,21.667912199684167],[36.91807699993835,21.671719199587226],[36.917601100348563,21.67790579997213],[36.913793800324299,21.680761200318745],[36.911890299881669,21.686471800403584],[36.913318000447589,21.690754899719511],[36.911890299881669,21.69218259985016],[36.910938600415136,21.695513800325752],[36.911890299881669,21.698845099860485],[36.909035000259493,21.699796800198673],[36.905227799948278,21.699320899901707],[36.899041199604611,21.697893299749328],[36.895710000392647,21.696465600306176],[36.89237869967112,21.69361019985617],[36.890475200126779,21.694086199990885],[36.884288599783112,21.693134299980784],[36.881433200447987,21.691706700265971],[36.878577800214508,21.690754899719511],[36.875246600104326,21.690754899719511],[36.873343099661618,21.693134299980784],[36.871915499707079,21.694086199990885],[36.868108199682773,21.694561899735135],[36.863825200393052,21.697893299749328],[36.862873500028222,21.702652199827572],[36.866204700138447,21.705031699794947],[36.870011799838416,21.706935200171838],[36.874294800026448,21.705983400131696],[36.878577800214508,21.704079800366085],[36.881433200447987,21.703603900038399],[36.885240300147935,21.704079800366085],[36.889523499761985,21.707411100335371],[36.892854699872181,21.707411100335371],[36.895710000392647,21.706459300103937],[36.899041199604611,21.709314700275861],[36.902848300202812,21.710742299830578],[36.905703700436291,21.710266399833017],[36.908083200181764,21.713121800412612],[36.905227799948278,21.722163799744191],[36.907131499816863,21.725019100197635],[36.906179600026086,21.726922699972164],[36.903324300403909,21.727874399866241],[36.901420700248273,21.733109300068605],[36.90189659983799,21.736916400346075],[36.900468799559121,21.740247699953148],[36.896661799572158,21.741675300329845],[36.894282299826763,21.740247699953148],[36.89237869967112,21.739771799969507],[36.889999299638696,21.739295900078559],[36.888095700381385,21.738344099740299],[36.883336799705269,21.735964700235211],[36.883336799705269,21.735488700119056],[36.878102000337734,21.733109300068605],[36.876674299771878,21.731205699596746],[36.875246600104326,21.728826300413274],[36.874770699616235,21.725495099932488],[36.872867200071902,21.723591400310337],[36.870487700326507,21.721687799831376],[36.867632300093021,21.720736099884295],[36.865252999773617,21.722639699607935],[36.866204700138447,21.725019100197635],[36.86906010037189,21.72835030002372],[36.870487700326507,21.731681600409086],[36.869535999961641,21.734537099867278],[36.865728799650398,21.735964700235211],[36.862873500028222,21.735488700119056],[36.85954220020502,21.733585199585313],[36.857638600049377,21.732633399810545],[36.853831500349401,21.732157599781981],[36.850024300038143,21.734061100029727],[36.847169000415974,21.735488700119056],[36.848596700083533,21.740247699953148],[36.850976100115915,21.742151199849545],[36.853355500148339,21.743103100128927],[36.855259200017024,21.745482399780247],[36.858114600250438,21.747861800197505],[36.861921699950415,21.751193199767489],[36.86096980015963,21.75262079982911],[36.858590499840226,21.755000399860283],[36.858114600250438,21.759283300035015],[36.86096980015963,21.758331599608915],[36.862397600438499,21.756903900310594],[36.864301099982832,21.754048600123109],[36.866680500015221,21.754524400242751],[36.868584199883877,21.753096799916904],[36.869535999961641,21.751193199767489],[36.873343099661618,21.749289600249426],[36.876198499895104,21.750717300167665],[36.879053800415569,21.754048600123109],[36.880481500083128,21.756428099733192],[36.882385100238771,21.756428099733192],[36.885240300147935,21.757855700308077],[36.888095700381385,21.758331599608915],[36.890951099716567,21.758331599608915],[36.893330600360258,21.756903900310594],[36.895234099904599,21.75595209984305],[36.897137700060242,21.758331599608915],[36.894758200314811,21.761186799594018],[36.89237869967112,21.768325399918556],[36.893330600360258,21.770228899676511],[36.890951099716567,21.772608300383265],[36.890951099716567,21.774987800103624],[36.890475200126779,21.779746700302539],[36.890951099716567,21.784029800261422],[36.889523499761985,21.787360899899308],[36.886192199938755,21.788788699821389],[36.883812700193388,21.789264599939361],[36.880481500083128,21.787360899899308],[36.878102000337734,21.787360899899308],[36.875246600104326,21.789264599939361],[36.870963599916223,21.789740400049336],[36.86906010037189,21.790692199892003],[36.870487700326507,21.792119899898637],[36.872867200071902,21.792595799798551],[36.875246600104326,21.794023299839104],[36.880005499882067,21.795451200206369],[36.883812700193388,21.795451200206369],[36.886192199938755,21.794975199687979],[36.889047499560924,21.793071699786339],[36.891427000204622,21.794023299839104],[36.889999299638696,21.796878800250521],[36.887619799893365,21.80496910027772],[36.887619799893365,21.808776199811529],[36.889523499761985,21.815438799705763],[36.886192199938755,21.822101200406703],[36.885716199737722,21.824956400263922],[36.887144099729596,21.82828769968016],[36.887619799893365,21.833046699594703],[36.886192199938755,21.834950300082976],[36.881909100037745,21.835426100142595],[36.879053800415569,21.835426100142595],[36.877150200259898,21.833046699594703],[36.873819099862679,21.831618899836144],[36.870963599916223,21.830191300135112],[36.870487700326507,21.825908299625141],[36.870487700326507,21.822577099916224],[36.869535999961641,21.821149299901197],[36.866204700138447,21.819721699966788],[36.862873500028222,21.818769900387789],[36.861921699950415,21.81686629975297],[36.860018099794772,21.814010900118063],[36.858114600250438,21.813535099724398],[36.854307300226175,21.81115560031834],[36.849072599673356,21.809252100256973],[36.847169000415974,21.809252100256973],[36.849072599673356,21.813059200171669],[36.848596700083533,21.814486699764238],[36.845741299850111,21.815438799705763],[36.845265499973337,21.81734219999192],[36.84669309992789,21.819721699966788],[36.848596700083533,21.820197599884363],[36.850500199627866,21.819721699966788],[36.853355500148339,21.821149299901197],[36.855259200017024,21.823052900272096],[36.857162699561293,21.824004699716848],[36.857162699561293,21.825908299625141],[36.858590499840226,21.82828769968016],[36.860494000282856,21.830667200251344],[36.862397600438499,21.833522600216174],[36.86096980015963,21.836377899808031],[36.857162699561293,21.836853800183349],[36.852879700271558,21.836853800183349],[36.849548500161369,21.836377899808031],[36.848596700083533,21.833522600216174],[36.848120799595513,21.831143099617957],[36.848120799595513,21.828763600292621],[36.84669309992789,21.827335900376788],[36.842886000227907,21.827811699916857],[36.839078799916656,21.828763600292621],[36.837175199761013,21.831143099617957],[36.835271700216687,21.831143099617957],[36.832416299983194,21.833522600216174],[36.833843999650824,21.835426100142595],[36.832892099859976,21.837329699808567],[36.829561000361096,21.836853800183349],[36.825753800049775,21.835426100142595],[36.821470799861778,21.836377899808031],[36.821946700349798,21.839709200023261],[36.830512800438868,21.847323400255277],[36.836223500294487,21.846847599770619],[36.839078799916656,21.844943900048431],[36.840982600396593,21.845419800257435],[36.842886000227907,21.84779930004489],[36.84669309992789,21.850178800233099],[36.850500199627866,21.851130600052649],[36.854783300427201,21.849702900030266],[36.856686799971541,21.847323400255277],[36.85954220020502,21.845895699715712],[36.861921699950415,21.846371700146967],[36.865728799650398,21.846847599770619],[36.867632300093021,21.844943900048431],[36.871439500404342,21.843516299977715],[36.874770699616235,21.843516299977715],[36.877150200259898,21.844943900048431],[36.880481500083128,21.848751099872228],[36.88095729995991,21.851606399616497],[36.877150200259898,21.855889399821098],[36.875246600104326,21.862551900026467],[36.876710500081181,21.865316900191225],[36.876594799767517,21.865568199797618],[36.875167100099958,21.868423600211823],[36.874215300022122,21.87270660041364],[36.873263599657328,21.87365840014958],[36.870884099911933,21.876037799609044],[36.8689806003676,21.879844799902436],[36.866601099723901,21.880796700407839],[36.862318100434138,21.8812726003469],[36.858986799712611,21.883652100402681],[36.860890300155269,21.885555700043732],[36.863269799900635,21.889362799767962],[36.867077000211957,21.893645799877149],[36.870408200322139,21.89792879968536],[36.87183580027672,21.900784200034938],[36.874691199611902,21.903639599854188],[36.879926099590719,21.906018900003534],[36.881353700443633,21.90982619999442],[36.882305499623136,21.915536800014301],[36.884209099778815,21.918392200005965],[36.885636699733432,21.92219930009372],[36.883733200189056,21.926482299858897],[36.882305499623136,21.929813599835079],[36.884209099778815,21.933144700172459],[36.886112699934458,21.937903799622859],[36.885160800143609,21.941235099674966],[36.881353700443633,21.944566300040549],[36.880402000078803,21.944090299899205],[36.874691199611902,21.942662699869533],[36.872311799579485,21.943138599801369],[36.868504600166567,21.945042200268013],[36.865628100303695,21.94755919990379],[36.865157100125444,21.947971199688734],[36.864697499568258,21.948373399773942],[36.862318100434138,21.947421600026743],[36.858034999634803,21.946469699754665],[36.854703699811566,21.948849299757864],[36.854703699811566,21.952656399788449],[36.856607299967244,21.954560100282748],[36.86041450027853,21.955511799747249],[36.864221699691484,21.954084100272645],[36.866601099723901,21.955511799747249],[36.864697499568258,21.959318899627277],[36.861842100233076,21.962650200291364],[36.857559100045052,21.961698400335099],[36.851372499701377,21.957415300365746],[36.848517200079236,21.959794799623985],[36.847565300288387,21.965505600225114],[36.845661799845757,21.967884899845927],[36.845185999968976,21.973119799696036],[36.842330599735568,21.976451099926496],[36.843282300100356,21.980258100116544],[36.846613599923558,21.982161699789142],[36.850420699623569,21.983589400282934],[36.854227800221842,21.981209899811834],[36.858034999634803,21.977878700411868],[36.863269799900635,21.97740280019088],[36.8689806003676,21.978830600196581],[36.869932299834097,21.981209899811834],[36.872787700067576,21.992631399768094],[36.878498300210147,21.998817899834361],[36.882305499623136,22.000245700087291],[36.886588600422478,22.005004599785536],[36.8908714999992,22.009287599785868],[36.893726999945684,22.014522399658791],[36.896582299567861,22.020709100413441],[36.897534099645668,22.028799199934934],[36.897058200055881,22.037365199836991],[36.898010099846729,22.039744700344446],[36.900389499879147,22.046407199999251],[36.900389499879147,22.05306969981325],[36.898961699600207,22.057352699808199],[36.896106300265096,22.061635699955485],[36.888016200377088,22.060683900147946],[36.885636699733432,22.061635699955485],[36.880402000078803,22.064966900114982],[36.877546500132375,22.068774200286398],[36.871360000400045,22.073057199847053],[36.868028699678447,22.075436600160408],[36.864221699691484,22.075436600160408],[36.858510999835893,22.074484800057178],[36.855655599602414,22.075912599783436],[36.847565300288387,22.081147300242243],[36.844710200092273,22.07924379971298],[36.841854700145845,22.081147300242243],[36.839475200400386,22.086858099887703],[36.835192200212354,22.093520599823886],[36.829481500356735,22.100183099905252],[36.825674300045478,22.105893700381976],[36.81996360018983,22.112080300224228],[36.812349300178596,22.113983899695409],[36.801879699646868,22.117315199762857],[36.797596800070146,22.124453600198056],[36.795217199713441,22.128260699734167],[36.79569310020149,22.136350800314606],[36.796168999791277,22.135874899747588],[36.79569310020149,22.143013300140399],[36.789982500058912,22.149675800053235],[36.779512799814206,22.156338299933271],[36.779036999937432,22.159193700111263],[36.771898499802901,22.166807900158666],[36.769043200180768,22.167283800128786],[36.765236099582459,22.165380199736781],[36.764284199791675,22.1634767000339],[36.76713960002516,22.1634767000339],[36.768091300389983,22.161097200368655],[36.765712000070579,22.160145400213988],[36.761428799558196,22.159193700111263],[36.757145800268496,22.157290100052965],[36.750959199924822,22.159193700111263],[36.747627999814569,22.158717800223396],[36.741917299958985,22.156814200382023],[36.736682499693082,22.157765899941495],[36.727164700137521,22.162524900172802],[36.723833299702974,22.162524900172802],[36.720502200204088,22.163000799660452],[36.721454000281931,22.165380199736781],[36.725261099981907,22.165856200209756],[36.722881600236477,22.167759799982097],[36.718122699560368,22.167759799982097],[36.715267300225243,22.16918739971052],[36.707653099926965,22.175373899779586],[36.703846000226989,22.178705199864872],[36.700514700403851,22.183464200149523],[36.700990599993574,22.187271299638624],[36.698611100248172,22.191554300074348],[36.692424499904504,22.195361399897422],[36.68671380004885,22.195837299664987],[36.68243079986086,22.192981900158816],[36.679575500238684,22.199168600286363],[36.677195999595021,22.199644399819448],[36.675292500050652,22.20012039984881],[36.677195999595021,22.202975699937685],[36.673388800182003,22.203927600107807],[36.668630000117197,22.210114099838002],[36.651973700427106,22.220107800013718],[36.648166599828841,22.225342700215137],[36.647214700037985,22.232481100375193],[36.643883499927796,22.238191800245737],[36.636745200117595,22.241522900003265],[36.633889799884116,22.245330200360133],[36.62294420004968,22.249137299963543],[36.619612999939491,22.252468600056883],[36.614854100161679,22.259606900255122],[36.611046999563406,22.260558700264767],[36.609619299895776,22.262938199823708],[36.59724610010673,22.270552400364249],[36.595342499951087,22.275311300123025],[36.593914800283528,22.278166700254111],[36.588680000017661,22.281022100274235],[36.58392110023992,22.285305100122283],[36.579162199563804,22.287208699755759],[36.573451499708185,22.294347100069665],[36.565361300107199,22.29720239982673],[36.556319300428378,22.303388899791603],[36.552988100318188,22.307672100107606],[36.546801499974414,22.307672100107606],[36.542518499786418,22.31100330004832],[36.532048800440002,22.31623809996881],[36.523007000187178,22.319569299951866],[36.512537200229453,22.323852299714659],[36.504447100341444,22.330514800090814],[36.500639999743171,22.330514800090814],[36.496356800129121,22.33194259973537],[36.492074000265411,22.335273800364735],[36.480652499942892,22.342412200254024],[36.477797099709413,22.342412200254024],[36.471134599775958,22.34193639994626],[36.46542399963338,22.344791600343623],[36.459237299576692,22.348598700239151],[36.451623100176711,22.349550600205816],[36.442581099599558,22.354785300305629],[36.43639450015425,22.359544300311164],[36.433063200330977,22.367634399781949],[36.433063200330977,22.372869200288374],[36.427828499778165,22.380959400151024],[36.424021300365204,22.388573699639551],[36.424021300365204,22.393332600206087],[36.421641799721478,22.400470900246543],[36.420690100254951,22.402374599683487],[36.420690100254951,22.40570579980357],[36.423069600000346,22.414271800060945],[36.425924799909573,22.423789699713851],[36.424021300365204,22.428548699680544],[36.405937500433552,22.437114700030254],[36.402130300122231,22.435211099768374],[36.397847200221186,22.433307599603665],[36.395943699778556,22.432831699932152],[36.393564200033126,22.435687100052295],[36.384998199657076,22.440445899661295],[36.371673199790223,22.448060199587495],[36.361679499746536,22.452343200262334],[36.353113299944461,22.457102199656362],[36.33027060023506,22.472806599640588],[36.316945600368143,22.48470389974463],[36.308855499581909,22.494221799972323],[36.303144700013206,22.49993240032811],[36.294102700334378,22.513257399608072],[36.293626799846329,22.520395800247872],[36.292199199891755,22.531817200117963],[36.29029559973614,22.537527900187914],[36.290771500224196,22.541335100371153],[36.292199199891755,22.546569899696802],[36.288392100191807,22.551328799914813],[36.287440200400958,22.557515399822357],[36.28886799978153,22.565129699705832],[36.286488500036164,22.568936800231576],[36.280777699569207,22.577978799780617],[36.276970599869223,22.582261800280627],[36.276494700279571,22.586068900322697],[36.274115300247118,22.588924400144734],[36.26792869990345,22.589876100000023],[36.264121600203474,22.596062699911332],[36.260790300380236,22.600345700337144],[36.261266199969995,22.607484100337931],[36.261266199969995,22.61176719975828],[36.258410799736502,22.61367069994014],[36.254603700036569,22.61176719975828],[36.251272499926372,22.612243099663157],[36.242706300124262,22.617477800392439],[36.234616200236324,22.6279474000854],[36.233188600281707,22.634609899846346],[36.229381499683406,22.637465300139052],[36.226050199860197,22.637465300139052],[36.222718800323989,22.638417100315397],[36.214628700435981,22.643651900406773],[36.211297500325792,22.643651900406773],[36.208918100293339,22.641748299672596],[36.20653859964964,22.643651900406773],[36.20415909990421,22.64460370000015],[36.201303699670795,22.648410699764675],[36.19654479989299,22.651266200329854],[36.192737700193007,22.651266200329854],[36.19654479989299,22.652693799845157],[36.196069099729222,22.654597399731742],[36.193213599782794,22.657928699846444],[36.192261799704958,22.664115299939766],[36.188930499881756,22.668874300071494],[36.18607520025958,22.669825899916152],[36.182744099862333,22.670777799854982],[36.178936799838105,22.670777799854982],[36.176557300092703,22.668874300071494],[36.175605500014868,22.663639399800129],[36.174177999773299,22.661735699840388],[36.170370800360345,22.659832199780475],[36.163232300225829,22.658404599894762],[36.157997599672939,22.659832199780475],[36.15085920014976,22.664115299939766],[36.144196700216334,22.666970700099821],[36.141341299982848,22.666018800269356],[36.136106600328326,22.666970700099821],[36.128492099992776,22.667446600289612],[36.124685100005813,22.667922400186388],[36.119450299739945,22.666018800269356],[36.111360100138924,22.665542900100494],[36.102794099762832,22.666018800269356],[36.095655799952638,22.669350099990037],[36.09422799967377,22.671253700099669],[36.087089600150556,22.674109100047669],[36.076144100029168,22.675060800339651],[36.068529800017835,22.67839210010407],[36.064246799829846,22.676964299638332],[36.057584299896391,22.677440300259278],[36.054729000274214,22.680771600233957],[36.049018199807321,22.683626800333915],[36.04045220032959,22.68219909996834],[36.038072699685827,22.680295600402847],[36.04045220032959,22.679819700039079],[36.043307599664672,22.677440300259278],[36.042831700074956,22.676012600123236],[36.04045220032959,22.676488400145146],[36.037596800096111,22.676964299638332],[36.035693299653445,22.67839210010407],[36.035217499776671,22.681723299871063],[36.03045850028591,22.684102699914224],[36.024271800229229,22.686006299947067],[36.012374599742913,22.688385799691726],[36.008091599554923,22.687909900064088],[36.002856699576043,22.688385799691726],[36.000477199830605,22.686958099995312],[36.000477199830605,22.685054600207295],[35.991435299864833,22.686482200382919],[35.98477279993137,22.68743390015597],[35.980489799743346,22.689337700075008],[35.977634500121169,22.693620599781447],[35.972399600142332,22.699331300162051],[35.969068300319094,22.700758899937803],[35.967164799876464,22.69980719989907],[35.963357700176488,22.697427699597331],[35.962405800385703,22.69457239998582],[35.959550599578208,22.694096400015081],[35.953364000132837,22.69457239998582],[35.950984500387435,22.69219289992369],[35.948604999743743,22.691241200048299],[35.946701500199417,22.693144700100557],[35.94574970012161,22.702662700334557],[35.947653199665936,22.703138400378723],[35.95193619985394,22.705042099744382],[35.950032700309599,22.708373299674182],[35.942894299888124,22.709800899658692],[35.941466600220572,22.712180399590967],[35.937659499622264,22.713608099916023],[35.935280099589846,22.709325100116459],[35.935756099790936,22.706469699656886],[35.936707700442753,22.704566099693178],[35.934804200000123,22.696000099911156],[35.931472799565583,22.69457239998582],[35.926238099911053,22.69219289992369],[35.92495639983332,22.693657699605502],[35.923846400145777,22.694926200069155],[35.922906800087851,22.696000099911156],[35.924810299632185,22.698855399600387],[35.928617499943499,22.702186700300093],[35.93004519961103,22.706469699656886],[35.931472799565583,22.71075270012004],[35.929093500144532,22.71503559973447],[35.92243100021107,22.718366900365083],[35.914340600285769,22.71979470022135],[35.91148550008959,22.72169820027684],[35.911009499888522,22.725505299914992],[35.909106000344195,22.731691900012809],[35.905298800032973,22.731216100359205],[35.899112199689299,22.733119699992063],[35.894829099788197,22.736451099630962],[35.891022099801262,22.740733899798062],[35.876745299856573,22.750727700308698],[35.872462199955535,22.75358309977025],[35.869130999845275,22.756438300380992],[35.863896199579443,22.759293699762118],[35.861516699834048,22.759769599653701],[35.85866129960057,22.763100800273676],[35.853902500434089,22.765480299642345],[35.849619500246064,22.771191100382183],[35.846288200422862,22.771191100382183],[35.840101600079194,22.772618699665394],[35.832487300067896,22.777377600098855],[35.814403500136272,22.791178399619657],[35.809644499747151,22.796889199693666],[35.810120299623925,22.804027599997305],[35.811072200313006,22.810214200085614],[35.810120299623925,22.815924899723342],[35.808692699669315,22.82163560003811],[35.807741000202817,22.832581099955146],[35.805837300334197,22.836388300156599],[35.802981999813689,22.839719599976807],[35.801078500269355,22.848285599938222],[35.798698999625664,22.854472200230028],[35.79298820005706,22.854472200230028],[35.79108469961443,22.853044399795042],[35.790133000147939,22.846381900244239],[35.790133000147939,22.843526699764297],[35.793940099847909,22.844478399904791],[35.796795299757044,22.84400260033836],[35.799650699990522,22.840671300262642],[35.799174800400735,22.83496059962814],[35.798698999625664,22.830201700252545],[35.793940099847909,22.825918700137318],[35.787753500402538,22.826870400075567],[35.784422199680968,22.828773799861374],[35.780139200391247,22.832581099955146],[35.776808000281051,22.836864200039365],[35.772524799768703,22.838767700135019],[35.773000799969736,22.839719599976807],[35.771097199814093,22.84400260033836],[35.765386499958502,22.849713200346958],[35.762531200336362,22.854948099747755],[35.765386499958502,22.858279300053468],[35.77062130022437,22.857803399782117],[35.776332099792967,22.858755200313883],[35.780615099981034,22.858755200313883],[35.786325700123605,22.855899800245137],[35.786801700324702,22.852092700002473],[35.788229499705274,22.847333799781332],[35.788229499705274,22.855899800245137],[35.79108469961443,22.860658799591381],[35.788705199869035,22.865893600255724],[35.780615099981034,22.873031899948714],[35.777759699747548,22.879694399817261],[35.776332099792967,22.884453299695551],[35.773000799969736,22.886356899666819],[35.767765800277878,22.88254979965425],[35.765862500159564,22.885405199847863],[35.763483000414169,22.893019400202622],[35.763958800290943,22.903013200020776],[35.76062760018069,22.906820300131525],[35.758248100435324,22.914434600000853],[35.753489199759208,22.923000599912527],[35.743495499715529,22.927283699609063],[35.735881199704302,22.928711299917939],[35.731598200414602,22.932518399607122],[35.730170499848676,22.931090799714607],[35.727315099615261,22.929187099639059],[35.723507999915249,22.929663199665594],[35.719224999727189,22.928711299917939],[35.717321299858568,22.925380099914669],[35.718749100137437,22.921097099720818],[35.719700799603963,22.917289899969248],[35.719224999727189,22.910627400092963],[35.716845499981865,22.911103299723205],[35.715428999610886,22.920226499692419],[35.715417800314235,22.927759600316939],[35.712562499793769,22.932994300122818],[35.708755300380844,22.934897900352677],[35.706375799737089,22.940608700132064],[35.703520500114948,22.943939900266042],[35.697334000382583,22.949174699970204],[35.694954499738884,22.952505900194456],[35.693526800071325,22.961072099748517],[35.690671500449163,22.965355099873857],[35.688291999805429,22.964879199841388],[35.686388500261089,22.966306799796001],[35.688291999805429,22.972017599699392],[35.68686430013787,22.974872900077763],[35.671635700115345,22.987721899971245],[35.669256300082992,22.994384400125458],[35.664021499817125,22.995812200225203],[35.664021499817125,22.997239799994837],[35.662593800149573,23.00580590015819],[35.664973200181954,23.011992399643777],[35.664497299693899,23.016275600093124],[35.660690199993923,23.024365699965305],[35.658786699551229,23.031979899718099],[35.656407199805827,23.042925300232788],[35.654979500138268,23.056250299704008],[35.654027600347526,23.073858399780651],[35.649268800282655,23.081472700111746],[35.644034000016788,23.088611100036847],[35.638799199750949,23.094321799707398],[35.634992100050972,23.100032600412035],[35.633088499895365,23.107170900135923],[35.633088499895365,23.116212800217085],[35.630233099661879,23.123351299646256],[35.627853699629462,23.129061899948251],[35.627377800039746,23.133820899605468],[35.628815199715731,23.136977999810078],[35.629220100058724,23.137917500046964],[35.629541999662692,23.138716399832131],[35.628113999957776,23.141979799942185],[35.628021200395686,23.142191899820659],[35.624947300240699,23.142191899820659],[35.624123800246743,23.142191899820659],[35.623851800260134,23.142191899820659],[35.622176400034455,23.142564100139786]]]},"properties":{"adm0_ar":"السودان\u200E","adm0_en":"Sudan (the)","adm0_pcode":"SD","adm1_ar":"البحر الأحمر","adm1_en":"Red Sea","adm1_pcode":"SD10","adm1_ref":"","adm1alt1ar":"","adm1alt1en":"","adm1alt2ar":"","adm1alt2en":"","date_":"2020-03-11","shape_leng":24.214694730000001,"validon":"2020-08-31","objectid":12}},{"type":"Feature","id":13,"geometry":{"type":"Polygon","coordinates":[[[33.164137700341321,21.99894510018332],[33.15788150032607,21.998969600217752],[33.144086500105907,21.999015300287645],[33.119999299554642,21.999095099630903],[32.919321199602798,21.999691899977634],[32.588123799782977,21.998709799687806],[32.514621199818784,21.998491900006549],[32.425521200085356,21.998391899689462],[32.417221199848058,21.998391899689462],[32.416321200222775,21.998391899689462],[32.412221200332858,21.998391899689462],[32.408137600086775,21.998394899841617],[32.408125600391216,21.995990999684825],[32.407469099903444,21.980177099792964],[32.404818299959139,21.916333800200118],[32.404818299959139,21.908198399628258],[32.404766300080624,21.9052239999295],[32.403823800260867,21.851337600380404],[32.401280799947259,21.70594419972717],[32.401076000232187,21.694237200027665],[32.398133399635761,21.525995600042251],[32.394871599771129,21.339507199602558],[32.394705099728142,21.329989299713507],[32.394464600065383,21.316240800014576],[32.394287100151708,21.306091299822594],[32.392970000163658,21.276887799603092],[32.379089400378341,20.969116199731122],[32.374732299959163,20.877891699721463],[32.367476300185501,20.725969299640308],[32.355712900167504,20.479675299880761],[32.355710000405765,20.47961440025292],[32.352695999913976,20.415871799592985],[32.348327599586852,20.323486300165332],[32.345826399679979,20.268749699893092],[32.341950899559308,20.183937799870076],[32.341491699650732,20.173889199927658],[32.328308099999468,19.886718799789339],[32.32507320018599,19.817687999797609],[32.320312500184393,19.73468019972881],[32.317508799792229,19.682750000243001],[32.317504900205527,19.682678200382071],[32.316894500359858,19.646484399723388],[32.316711400348737,19.640930200232443],[32.316284200227166,19.633727999847903],[32.312927199603671,19.608093299663281],[32.312918600031459,19.607973599819548],[32.306881500012302,19.523978400276238],[32.284118700057469,19.207275400373987],[32.280700700232934,19.1605225002608],[32.278919100276063,19.13694839966033],[32.277282700408406,19.115295400314029],[32.275329600385668,19.091125499707356],[32.260925299857782,18.914917000215421],[32.26049800002319,18.908874499603687],[32.259373300304347,18.89267760008909],[32.259277300044864,18.891296400256667],[32.275608699757903,18.874957300230104],[32.297030200009182,18.853525599789286],[32.334709700428284,18.81582809987367],[32.353069499646161,18.797459500420512],[32.36786570009825,18.782656300218402],[32.377001500062427,18.773516200397296],[32.385028300163953,18.765485499846573],[32.389869400281775,18.760642100098529],[32.412098099697943,18.738402800069558],[32.445327799848734,18.705157299975699],[32.467633299831746,18.682841199987067],[32.531830600314109,18.618613300320288],[32.615720300432706,18.534683700187241],[32.632929300279393,18.517466400127468],[32.643676800034171,18.506713899649458],[32.653374300375809,18.497016300327921],[32.653686499971322,18.496704100292231],[32.652709999816494,18.490722699765666],[32.652695899859758,18.490708600161785],[32.609437900153878,18.447529999930079],[32.586712900407903,18.424846699687208],[32.567244100429022,18.405413600090231],[32.552917499681676,18.391113299723884],[32.55159499992034,18.390155599630077],[32.477477999912466,18.336486800201122],[32.450504400063913,18.310358100330646],[32.401986200227469,18.263359799957449],[32.401489299823005,18.262878400133438],[32.384223000037565,18.246102100191507],[32.339111299793409,18.20227049959988],[32.321807199799132,18.169275899803001],[32.320129400173265,18.166076700137594],[32.309167699833964,18.145308399578415],[32.306646700160002,18.140531999914515],[32.297966099906496,18.124085700348918],[32.286034599946035,18.101479899836541],[32.26522309979012,18.062050100338876],[32.26452639969343,18.060730000176388],[32.267038499757881,18.059908699894329],[32.267700199694531,18.059692400207503],[32.25871600031595,18.037653900095897],[32.24987049991902,18.015955700290938],[32.241211799693851,17.994715799913628],[32.223906799587645,17.952266199786521],[32.218544699961171,17.939112899581371],[32.213861299989738,17.927624300339776],[32.205143300176005,17.906238800015508],[32.194639799920402,17.88047350004334],[32.18738130013535,17.862668400139068],[32.184390099783755,17.855330699820158],[32.183898900088067,17.85412599979021],[32.197875999596121,17.845275899900344],[32.19791699960404,17.84515440024877],[32.203808100033235,17.827725200324473],[32.225401299776372,17.763839700095748],[32.246994500417792,17.699954199913613],[32.280533900152683,17.600724600059944],[32.305481000433225,17.526916499637963],[32.322658700280513,17.48371340015045],[32.384078700060208,17.329238700288506],[32.384366699940351,17.328514299844624],[32.384521500325015,17.328124999702776],[32.34704060034727,17.276166099628902],[32.33372410033963,17.257705799821316],[32.323910199896694,17.244101099878808],[32.270229799839036,17.169685200235435],[32.252936200252066,17.145711599679476],[32.243103000403622,17.132080100196806],[32.241272000292639,17.129882800103168],[32.241229800135521,17.129824200373996],[32.188991400026389,17.057255699948861],[32.171325700282509,17.032714800028508],[32.150329599928924,17.003479000241406],[32.150266600179783,17.003391899704493],[32.150266399855425,17.003391599896844],[32.150266300142491,17.003391500247371],[32.150261900194202,17.003385499799599],[32.150260099970353,17.003382999970793],[32.150256500421015,17.003377899804775],[32.150243800039519,17.003360499792961],[32.150239100053938,17.003353899728793],[32.150170599920301,17.003259299642764],[32.149932699981946,17.002930399850932],[32.149812400293982,17.002764200282211],[32.149140400274348,17.001835299794696],[32.148682399616661,17.001202200275795],[32.148500300328806,17.000950499646404],[32.14744259965871,16.999488500393127],[32.144088199658015,16.994851899756473],[32.141547700254122,16.99134040036969],[32.125164800125788,16.968695199834801],[32.125070999840467,16.968565599651487],[32.115487099551352,16.955318300350108],[32.07520910000202,16.899644500414563],[32.069011799825027,16.891078400170791],[32.039672899900793,16.850524900253884],[32.037373399622979,16.847223099881916],[32.037292500043442,16.847106899782638],[32.035925200400627,16.845298599728817],[32.033508300196736,16.842102099615825],[32.026623799607158,16.832300400087579],[32.019605300021531,16.822308100230106],[31.989588599655882,16.779572599620597],[31.961714899570783,16.739888199777297],[31.950062499880826,16.723298400098173],[31.948745900254391,16.721423999729129],[31.935438599893519,16.702478100323528],[31.923572400267673,16.685583900084591],[31.909072800166275,16.664940599668341],[31.901599199684693,16.654300199609882],[31.900765299894644,16.653112899578261],[31.899381599709688,16.651143000273652],[31.894122299691041,16.643655200212336],[31.892937700309037,16.641968699748457],[31.892656400064347,16.641568100032924],[31.891479500142626,16.639892599848274],[31.890522300291643,16.638280499991083],[31.888600900018645,16.635044499613684],[31.888108800211103,16.634215599907925],[31.886196000408617,16.630993999924272],[31.885681200173753,16.630127000102963],[31.906133499980182,16.613802099987026],[31.935497000268455,16.590364399800102],[31.953125000414847,16.576293900394823],[31.989430600370426,16.547371699937479],[32.009126000379673,16.531681699632589],[32.023039299739601,16.520597900055904],[32.095410800386894,16.462944299635662],[32.174316400272488,16.400085400355376],[32.182922399933169,16.397094700253572],[32.213336600320496,16.393405900175981],[32.243317800164455,16.38976949991704],[32.25370720000592,16.388509399618254],[32.256896999900555,16.388122600138178],[32.258206200104034,16.387969199749236],[32.272214000435184,16.386327900416063],[32.277740899593823,16.385680400169417],[32.279179200280055,16.385511800339039],[32.279211599817401,16.385507999666444],[32.279228199785535,16.385506100191964],[32.279296900243487,16.385497999846503],[32.279305199778406,16.385497100095392],[32.27935130042048,16.385491699864957],[32.279381899733984,16.38548819997083],[32.28046030028316,16.385363299990424],[32.290919400407489,16.384151900299781],[32.296486500073364,16.383507199833485],[32.312424099925437,16.381661300063097],[32.316331200082836,16.381208800275704],[32.322509800030588,16.380493200115971],[32.330379200023003,16.37959629982943],[32.331892899904283,16.379423800001963],[32.350848999909417,16.377263300187508],[32.351632700044732,16.377174000404764],[32.376350100208832,16.374356900153916],[32.388916000304441,16.372924799672777],[32.415375399992755,16.369754999656521],[32.444575399712818,16.366256899903806],[32.475966800042606,16.362496299925553],[32.485717799551011,16.361328099841298],[32.486083100359622,16.361293499947102],[32.541076699920431,16.356079100291584],[32.548869699994526,16.355055800423305],[32.562861000070598,16.353218500248623],[32.571289100067382,16.352111800231235],[32.60748290019427,16.346679699943675],[32.621118100006832,16.344660799645329],[32.621118199719817,16.344660799645329],[32.634277299618333,16.342712400317716],[32.636991499960516,16.342336299955313],[32.660145400338862,16.339128300409076],[32.664226699999546,16.338562800071255],[32.664672900387728,16.338500999704134],[32.666731399742737,16.338187100329357],[32.683797299761366,16.335585400295834],[32.68829349981069,16.334899899582588],[32.690614600079485,16.334899899582588],[32.691615099625501,16.334899899582588],[32.693115199911723,16.334899899582588],[32.693122999983323,16.334894299679483],[32.69526149970428,16.333367200304473],[32.696216000117857,16.332685600410667],[32.697008400436701,16.332119700401801],[32.702377300309848,16.328285599726932],[32.702837700367681,16.327956800060196],[32.70374950026256,16.327305600068083],[32.704109899862935,16.327048200396657],[32.704882900164932,16.326496199948995],[32.709121200184491,16.323469499768056],[32.709801700063295,16.322983499870009],[32.714537099913237,16.319601899923395],[32.717236000149491,16.31767449980655],[32.728933900406929,16.309320599629146],[32.735297099653955,16.304776499707629],[32.778327800440159,16.27404689959717],[32.788476900044799,16.266799099571674],[32.789289899631484,16.266218600134447],[32.791634600439387,16.264544099778309],[32.806274399708954,16.254089400333381],[32.827104399769759,16.250428299861419],[32.901661700031013,16.237324099962912],[33.018419199615103,16.216802799836589],[33.065368599605669,16.208550999655003],[33.225672900073029,16.180375900304238],[33.255520300347044,16.175129899840954],[33.265478300442943,16.173379699986615],[33.276122999691516,16.171508800254283],[33.278565299760125,16.170010799774953],[33.280658999599609,16.168726699609781],[33.280700700293366,16.168701200051803],[33.2818877996868,16.168279200223502],[33.285199299742871,16.167101999764235],[33.287412199732309,16.166315300004797],[33.304073099694961,16.160392600237049],[33.31749930016845,16.155619800276632],[33.334460499744111,16.149590299861341],[33.35830689969692,16.141113299824287],[33.435913099998743,16.11352540026288],[33.457709200418414,16.096331099601372],[33.510498000098714,16.054687500182709],[33.531311000441185,16.038085899913945],[33.585229700187504,16.015111499723972],[33.665100099671399,15.981079099907294],[33.842362699952623,15.994043500343391],[33.870709699903074,15.996116699768042],[33.880754300287329,15.996851299771809],[33.968872100055378,16.003295900052496],[33.978743899613264,16.005243899732932],[33.987121599631067,16.006897000075345],[33.999041399933297,16.009395100287403],[34.017700199800238,16.013305700040924],[34.073913600125778,16.024902299618951],[34.183951699588064,16.047289399782962],[34.2155151003453,16.053710900081704],[34.233093299689003,16.028076199815047],[34.235610500387644,16.023575600031165],[34.237121599646201,16.020874000414786],[34.261669999755874,15.978177399774468],[34.308288599634686,15.897094700043127],[34.335510299791601,15.849487300407805],[34.380676199888462,15.683289000402207],[34.352474499740289,15.787083800300509],[34.335583100160576,15.849561200204226],[34.308361400003555,15.897168699879582],[34.261742899837799,15.978251299759471],[34.258512000222318,15.983870800203164],[34.246655300280615,16.004492799805281],[34.237194400015106,16.020948000309751],[34.235683299858252,16.02364959978765],[34.233166100057907,16.028150100338365],[34.215628599786541,16.053725600073932],[34.215604400071072,16.053760899733692],[34.218198899901608,16.055213899605118],[34.236877399822696,16.065673800103664],[34.236919200229501,16.065730399607947],[34.247470199804056,16.080022300368789],[34.275258400037082,16.117663000278206],[34.28062500022309,16.124932300234185],[34.280625499686415,16.124933000106271],[34.312161500030889,16.16765029962205],[34.320931300297111,16.179529500316828],[34.329534700233431,16.191183200196839],[34.335793899723427,16.199661699779284],[34.34358770019643,16.210218799815046],[34.344009300220499,16.210789900024469],[34.344396800196421,16.211314700416409],[34.348083499597223,16.216308600115596],[34.348283999975351,16.216572000191956],[34.354133200284828,16.224257700017549],[34.355406999679587,16.225931299707231],[34.355406999679587,16.225931399761041],[34.358448500297229,16.229927699607632],[34.360648000117592,16.232817800394372],[34.362870900152743,16.235738599608702],[34.363187799733808,16.2361549998529],[34.369079599950744,16.243896499981943],[34.374067899807677,16.250491199998418],[34.374509599636262,16.251075199911281],[34.37817219993287,16.255917199805211],[34.378937899626614,16.256929499592751],[34.379856400055083,16.258143800042745],[34.381015300433454,16.259675900225119],[34.382001499698482,16.260979700413287],[34.384250800321496,16.263953299609867],[34.386493800161169,16.26691860020177],[34.386972799836975,16.267552000187393],[34.388363300268665,16.269390100108097],[34.388509899933119,16.269584000274076],[34.388871700007073,16.270062299983756],[34.389540800264982,16.270946900391792],[34.389566299842649,16.270980599597863],[34.389942599623552,16.271478100065426],[34.390680500052426,16.272453699992884],[34.391526500149382,16.273572000254237],[34.391786200403061,16.273915399777902],[34.39221910033509,16.274487699938625],[34.393124700057868,16.275684999933951],[34.393761699917391,16.276527000125771],[34.395853300394016,16.279292199835808],[34.396040999779409,16.279540400325086],[34.397085799743657,16.280921599838781],[34.397164500247364,16.281025699972975],[34.397588300245559,16.281585999618656],[34.39781240026457,16.281882299917125],[34.398041900056704,16.282185599806805],[34.398231800314548,16.282436699949116],[34.398427299771498,16.282695099865307],[34.39862050043962,16.282950500421911],[34.398650499678517,16.282990199915758],[34.399211800305736,16.283732299591943],[34.399594300258741,16.28423789986514],[34.400417699641451,16.285326500114827],[34.401014000428745,16.286114799943885],[34.401226900252745,16.286396300338573],[34.401625499812297,16.286923300343087],[34.403096800110504,16.288868399934376],[34.403647700043393,16.289596700280875],[34.403713899591601,16.289684300046293],[34.40396459962443,16.290015699863858],[34.404406799814602,16.290600199578506],[34.404522899878572,16.290753699692722],[34.404636499931051,16.290903899864528],[34.40502899992984,16.291422899912074],[34.405044800397356,16.291443699859045],[34.405084399931738,16.291496000209399],[34.405090300066504,16.291503900099602],[34.534484900215659,16.293884299603118],[34.982727099712072,16.297485399969339],[35.259887700071793,16.310119599814652],[35.259930900053781,16.310119199770924],[35.328125000169607,16.30950930024764],[35.333313000005823,16.308715799937122],[35.375488299825683,16.290710400158002],[35.417713100410928,16.272893000014346],[35.417724599744879,16.272888200302429],[35.623226800096177,16.372649500109581],[35.623290999994573,16.372680700430262],[35.671081499772221,16.415283200405373],[35.666088100179394,16.617405300025389],[35.661900599889165,16.898290699590863],[35.659728999944925,17.086730999983111],[35.657372700090072,17.187898600080974],[35.656921399966066,17.207275400047227],[35.625122099818604,17.228271500174696],[35.588073700022584,17.246521000112825],[35.517700199890847,17.293090800276957],[35.488281299600679,17.31347659972236],[35.45391849958478,17.337890600343176],[35.35107419964757,17.412109400394691],[35.282104500403648,17.471496600221883],[35.217712400251941,17.523315400142575],[35.176330600288871,17.558471700412515],[35.135925299582333,17.596679700055159],[35.076904300176189,17.665283199851764],[35.014526399859598,17.741882299679357],[34.939270000101509,17.831115700403831],[34.917907699725781,17.856872599876663],[34.872924799927063,17.921325699991527],[34.863708500133626,17.93450930029152],[34.859337599795076,17.940458600132981],[34.859314000154264,17.940490700281384],[34.852359500142782,17.947021899609755],[34.852294899595748,17.947082499633822],[34.83254249968504,17.96549370031536],[34.832519500118821,17.965515099948998],[34.682678200260817,18.106323199878226],[34.608703600293431,18.179687500362085],[34.596496599611775,18.185729999814267],[34.560119599760768,18.203918500173007],[34.471130400031164,18.252502400413022],[34.449279799721516,18.261901899577406],[34.280700700353833,18.316528300243093],[34.118530299902325,18.367675799827399],[34.029930299761148,18.587650299989086],[34.029812400371661,18.58796319978017],[34.028503399594179,18.591491700139439],[33.916870099698109,18.868286099989618],[33.889526400240754,18.939086900221948],[33.81170649971596,19.141479499978299],[33.810485799737627,19.144287099861362],[33.801086399933133,19.169128400330898],[33.794921899942089,19.180908200276278],[33.75689699999117,19.238525399976346],[33.751709000154982,19.247924800329152],[33.746276900208315,19.258117699689226],[33.717712400161325,19.300903300056266],[33.690124499982105,19.345520000235563],[33.685913100013799,19.350707999805074],[33.682495100189271,19.354675299943271],[33.681884800056608,19.359497099601704],[33.674682600385275,19.416503899764482],[33.672485400252114,19.435119599629374],[33.677673300375254,19.494506800421814],[33.692687999850548,19.687072799720649],[33.693481399994326,19.709106399711946],[33.633483900433284,19.961120600375082],[33.608276400111492,20.06951899998138],[33.631286599688792,20.237487799986649],[33.669677699661875,20.498718300141061],[33.66467290044816,20.50512700021282],[33.659728999824061,20.511108400049572],[33.639709500236748,20.538085899753341],[33.629272499566717,20.560485800171506],[33.624511699852036,20.575683599697271],[33.621704099873178,20.590515099971377],[33.618286100048643,20.602477999690564],[33.612121600057598,20.611877400192792],[33.604919400386301,20.619506800047738],[33.592102099571918,20.630493199584148],[33.586486799901188,20.64007569998186],[33.579711900064439,20.650512699596106],[33.575500500096126,20.664672900345963],[33.573486300260974,20.68048099982936],[33.570678700282116,20.694274900164011],[33.56732180026993,20.700500499942081],[33.562683099568737,20.708129899867888],[33.557495099732584,20.717529300116308],[33.555480999610452,20.732910199964667],[33.546874999949736,20.742309599585475],[33.548095699928034,20.742126500405185],[33.541503900102406,20.746521000184003],[33.538085900277871,20.748901399666682],[33.535705600133589,20.749877900251999],[33.523071299617293,20.754699700313573],[33.5103149000876,20.758117700277371],[33.4907227003348,20.760925299930683],[33.477905299807482,20.764282200216279],[33.476501499817999,20.764709500009328],[33.466491700167836,20.770873999833697],[33.456909200352257,20.777099599979742],[33.454711899607695,20.779479999961424],[33.44128419984601,20.794677700363049],[33.428894000338524,20.811889599875631],[33.422729500347479,20.821289100332503],[33.416076700422479,20.834716799661138],[33.402709999861806,20.849914599695026],[33.383300800407142,20.866882300296776],[33.367492699889745,20.880310099589938],[33.349914600259119,20.892700200296424],[33.331115700038765,20.90130619958283],[33.329895000060432,20.901672400405975],[33.311279299564198,20.909301799654823],[33.309081999717996,20.910278299605618],[33.286682100273325,20.926513700192316],[33.274719199702126,20.948486299835405],[33.270507799733828,20.972106900008786],[33.274719199702126,20.984497099711689],[33.27630620031394,20.989685099821067],[33.278076200325593,20.99450680008864],[33.284729000250593,21.00927729976058],[33.295288099934041,21.04907230006252],[33.297119100045101,21.054077099704209],[33.298889199769697,21.068298300104495],[33.298889199769697,21.089294399847319],[33.297485399780278,21.099304200193888],[33.293701199933508,21.12170410003635],[33.288085900262779,21.141479499971112],[33.28710940010788,21.151489299807853],[33.287475600130115,21.162475600324541],[33.292297399944069,21.173095700349723],[33.3009032998918,21.181518600124896],[33.319519000388027,21.199279799722618],[33.334716799874414,21.215881299972718],[33.348083500435088,21.233886700389565],[33.356079100250163,21.249084500029955],[33.357116700217411,21.271118200321073],[33.354126000227431,21.295715299778525],[33.348083500435088,21.321289100105012],[33.345092800445109,21.3342896002106],[33.334716799874414,21.358093300191296],[33.331298800049879,21.368103000152093],[33.330688499917223,21.373290999687953],[33.326110800213662,21.403686500354301],[33.321289100112665,21.430725099799631],[33.318481400420794,21.446716300400112],[33.313293500297654,21.455078100051526],[33.307128899695257,21.464721700100494],[33.283691400283345,21.483703600168326],[33.26947019976658,21.499084499673437],[33.259887699950966,21.51049799981018],[33.258483899961519,21.514709500217773],[33.269897499601129,21.522277799795976],[33.292907700076789,21.537475599867154],[33.370300299868639,21.590881300345849],[33.54831519967447,21.713237699867978],[33.548726300189529,21.713520299958315],[33.560253100131312,21.721340599794743],[33.556676700372755,21.72095310018727],[33.556068199565615,21.720887100337446],[33.554915200220307,21.721710599974621],[33.326212200246296,21.885069599744238],[33.32403769964202,21.886635100011308],[33.256455200419381,21.934103600096435],[33.164137700341321,21.99894510018332]]]},"properties":{"adm0_ar":"السودان\u200E","adm0_en":"Sudan (the)","adm0_pcode":"SD","adm1_ar":"نهر النيل","adm1_en":"River Nile","adm1_pcode":"SD16","adm1_ref":"","adm1alt1ar":"","adm1alt1en":"","adm1alt2ar":"","adm1alt2en":"","date_":"2020-03-11","shape_leng":18.721277319999999,"validon":"2020-08-31","objectid":13}},{"type":"Feature","id":14,"geometry":{"type":"Polygon","coordinates":[[[33.690490700004339,14.102294899874501],[33.676513700209341,14.103088399651348],[33.669494599650825,14.094299299656344],[33.663330099659717,14.062683100008384],[33.650329600019568,14.048889199929134],[33.628295899698806,14.044311500310821],[33.623718299708322,14.032897999567737],[33.627685499853136,14.012878399791907],[33.644897400359952,13.991699399741877],[33.646484300360456,13.977905500404244],[33.646484300360456,13.971496799752721],[33.646484400073462,13.965515100277173],[33.64312740034827,13.956298800239049],[33.639709500236748,13.951477099621687],[33.624511699852036,13.952881000313274],[33.611511200211893,13.953124999725746],[33.605102500397415,13.949523900082465],[33.604126000242523,13.939697299859969],[33.615905799904304,13.927124000096281],[33.624877899874278,13.917114400358287],[33.627684700352518,13.9077173999565],[33.628478999709927,13.899902400243375],[33.629516599677167,13.895691000113645],[33.630309999820945,13.889892699741285],[33.632080100443879,13.878478999886243],[33.63012700042114,13.869873000239314],[33.628478999709927,13.866272199643195],[33.626708899985296,13.862487999768589],[33.625122099697741,13.857910200363706],[33.616088899915418,13.849670400345905],[33.612304700068648,13.84747309994945],[33.607116700232467,13.843872100355236],[33.6052856004085,13.841674800102073],[33.599670399552451,13.841308599836696],[33.596313500438526,13.842285199757592],[33.586486799901188,13.845092800177495],[33.580322299910073,13.846923799951421],[33.574096700106679,13.848693800050427],[33.565673799558716,13.842102100177646],[33.563293500312703,13.840270999630617],[33.557128899710349,13.835327099802893],[33.55627439975423,13.82373050021438],[33.559326199556558,13.816284199572967],[33.562316900444863,13.808471700381718],[33.572509700393134,13.798889299913879],[33.589904799725716,13.790527500320314],[33.597717300428009,13.786926499800876],[33.602111800407435,13.784912300086546],[33.614501999914886,13.779113800061252],[33.621276899751642,13.769470199737816],[33.624877899874278,13.75970459991748],[33.614685099926007,13.750488299771151],[33.609924300211397,13.750671399706048],[33.605896000254141,13.7517089996559],[33.598083499551848,13.753723099758567],[33.586914099735772,13.753906300125138],[33.58111570005385,13.752075200090903],[33.573120100238803,13.749877899886963],[33.565673799558716,13.742675999668759],[33.559081999733088,13.735107400347754],[33.558105499578261,13.726318400181263],[33.562683099568737,13.717102100360446],[33.572692900117268,13.713684100080961],[33.576721200074424,13.712524600048324],[33.579711900064439,13.711487000354545],[33.584472699779049,13.710082999719242],[33.6052856004085,13.709289599927864],[33.617492699904865,13.708679200144473],[33.623901399719379,13.70007319983001],[33.625305199708826,13.690673900041611],[33.626281699863725,13.680480999931154],[33.626708999698309,13.675476100204431],[33.626525899687195,13.666076700435818],[33.617309599893744,13.656921400264656],[33.613708500058095,13.651489300043961],[33.610900900079237,13.647094700106548],[33.604309100253609,13.639892599858703],[33.599304200428513,13.632690400395111],[33.595519999683447,13.627075199582011],[33.593688999572485,13.624511700170048],[33.586730999724651,13.61248780003706],[33.586486799901188,13.596679700179308],[33.585510299746289,13.581115699907992],[33.585429499879766,13.581117400022558],[33.576904300085609,13.581298799642068],[33.558898899721974,13.58251949963525],[33.548706099773696,13.594299299948782],[33.536499000277367,13.594299299948782],[33.534301800144107,13.597473099906058],[33.530883800319579,13.598693800419692],[33.526672400351266,13.598510700152987],[33.496093800182138,13.60308840009405],[33.492675800357603,13.60308840009405],[33.487121599600854,13.621520999678728],[33.482116699775794,13.636108399673306],[33.465698200311117,13.633300900218281],[33.460510199576603,13.667480599754448],[33.465698200311117,13.685302899929868],[33.470092700290479,13.697876199729214],[33.474304199971826,13.717285299678963],[33.483520499765277,13.729126199685124],[33.487670899634182,13.733886900179817],[33.490295399601919,13.745910800242475],[33.498474100326419,13.776306299917229],[33.501525800415799,13.784484999825368],[33.502929700118194,13.813904000376118],[33.499877900315902,13.82727060002847],[33.495117200314226,13.82812519996933],[33.491699199591402,13.827514799797951],[33.489929199579748,13.825317599764855],[33.489684999756314,13.820678900281296],[33.4895018997452,13.816284400207433],[33.487487799623061,13.8129274000168],[33.482726999908451,13.81268330010119],[33.480895999797426,13.815307800229363],[33.480285599951763,13.818725699928487],[33.481079099808547,13.822876199914212],[33.482726999908451,13.826111000247353],[33.481872499952324,13.829101699966971],[33.479125900072802,13.830688700095099],[33.470520000125063,13.832092499949489],[33.463073700343308,13.832275600430449],[33.454284599773139,13.83251969987194],[33.435913000285701,13.83251969987194],[33.425903300348516,13.827697900391081],[33.421081499636266,13.82409689998631],[33.415893499800013,13.822509900280648],[33.4091185999633,13.822509900280648],[33.403686500016697,13.828491400051471],[33.402282700027214,13.837890599961598],[33.402526899850685,13.853515600318167],[33.403320299994462,13.869323700018912],[33.412109399666292,13.878112800097096],[33.415100099656343,13.884277400083619],[33.413329999931612,13.890503099926176],[33.408080999996059,13.895874200428018],[33.40612789997332,13.893676899806113],[33.397888100334782,13.894897600142984],[33.383300699795775,13.896911799709624],[33.378295899683685,13.898681800409003],[33.373718199980189,13.900512899617272],[33.357116700217411,13.906921599648639],[33.354675300260723,13.910278500274705],[33.354675300260723,13.914306699638054],[33.351684499659434,13.920288300055049],[33.344299299690022,13.935119799982754],[33.341918899832706,13.951721199906471],[33.33709719973173,13.958312999913431],[33.333129899873846,13.963928200065254],[33.329528800038261,13.972900500033106],[33.326477000235862,13.987304800098741],[33.320312500244825,14.003906399776762],[33.302490199892397,14.021301500246492],[33.284301700416009,14.04089370005287],[33.27947989970373,14.046081700047111],[33.246896399957599,14.070305799586333],[33.246887200310759,14.070312699918997],[33.239929199564628,14.074890300185215],[33.234496999905012,14.074280000314459],[33.220703100121085,14.07012960010117],[33.207275400359336,14.066101299911947],[33.199890099778621,14.063903999667208],[33.190124499951892,14.056884899893213],[33.180480900323971,14.051330699849082],[33.17431640033292,14.044311699875882],[33.169311499609492,14.041504100307517],[33.162719699783864,14.040283400134991],[33.154907199979903,14.039673000114052],[33.140686000361427,14.040527500253303],[33.116699200017862,14.041076799733258],[33.061889599681734,14.040710600226252],[33.061096200436324,14.004699700312138],[33.061889599681734,13.967102100271884],[33.064880400283094,13.9268798999575],[33.065918000250299,13.901672399880995],[33.066711400394077,13.853088399721171],[33.066711400394077,13.840698299668901],[33.102111800377216,13.807678199696186],[33.111083900347126,13.786499199735584],[33.105712900212872,13.788696299755285],[33.104243599564462,13.78947670012742],[33.099627200438547,13.791928499980331],[33.096510299727505,13.793584000048579],[33.084434600401032,13.799997600230279],[33.083917300154745,13.800272400400436],[33.081094799820235,13.801771400364203],[33.076293900209691,13.804321299751001],[33.070016100203432,13.801771400364203],[33.067177399651086,13.800618500075451],[33.066325299993409,13.800272400400436],[33.054504399712393,13.795471200125016],[33.034681100267939,13.78758269983882],[33.026148599865444,13.784187200024332],[33.018920899718161,13.781311000095087],[33.01493530027971,13.778025299824373],[33.013750900323593,13.777048799692794],[33.009011900026003,13.773142000171676],[33.004283899599059,13.769244199749249],[32.992905099795237,13.759863499875605],[32.986735299743948,13.754777099789298],[32.977905299777269,13.747497599823514],[32.973568600098183,13.741434999580354],[32.969939600386439,13.736361700421025],[32.963708800235786,13.727651199808664],[32.952193699952232,13.711553399974415],[32.94324709955994,13.699046199808393],[32.94171139993734,13.696899399638276],[32.946899399773578,13.656677300208033],[32.95007319977465,13.630493199778051],[32.953491199599178,13.600097700345211],[32.954101499731877,13.595520099765478],[32.955688500343683,13.587097299816607],[32.962097200158198,13.552490300344964],[32.958923300444155,13.524475100382373],[32.952880900364825,13.509277400207734],[32.96008300032311,13.500671600026379],[32.965881300291947,13.480285799696299],[32.965515100269783,13.448486499605609],[32.96490480013712,13.435485999823674],[32.964294400291415,13.420898599627003],[32.96112060029035,13.398925999918447],[32.948913499895625,13.368713599608736],[32.928527800286069,13.318115400245746],[32.912109299923102,13.276489400085929],[32.911926199912017,13.270874199896371],[32.911499599865003,13.262889900188512],[32.939650800321168,13.236221400152107],[32.952880900364825,13.223693799566679],[32.96008300032311,13.213501000125422],[32.989318799703859,13.158325200074435],[33.038513200082207,13.176330599865398],[33.049316399876247,13.182678200175307],[33.078125000033658,13.171875000259105],[33.08068849990206,13.155700799863819],[33.079101599901563,13.147094700046683],[33.014892599760941,13.11151120015912],[33.053283699734031,13.046508799586737],[33.05950930043582,13.040710399563872],[33.09429929967493,13.046508799586737],[33.101318400233438,13.038513200186403],[33.10827640008128,13.042114299674207],[33.108306199894159,13.042009600198602],[33.115295400028451,13.017517200076261],[33.113525400016833,13.011901999686913],[33.112642600434242,13.0081308997891],[33.11297839967061,13.007762300077152],[33.113526799592009,13.007160500111432],[33.116081499563919,13.004356600309064],[33.119665599681127,13.000423199759391],[33.185729900259517,12.927917500330899],[33.131103499647452,12.820922900101325],[33.093078599696604,12.757080100311528],[33.066711400394077,12.679077100114538],[33.067871100273038,12.650878900218332],[33.110107400192234,12.558471899644044],[33.149292000022108,12.502929899805244],[33.158081099693945,12.490478500178424],[33.169677699631663,12.450683599645666],[33.174926800178596,12.436523400011524],[33.189697299830357,12.39428710005839],[33.22729489994672,12.356872600194604],[33.219116200120524,12.306518600148603],[33.226928699924478,12.272094699745093],[33.240905800330836,12.272277800128879],[33.253340399969552,12.223008999647218],[33.255107999682757,12.214393899604708],[33.255522699747161,12.214371399612393],[33.255859199669423,12.214353199964554],[33.258714599902909,12.215304999747236],[33.295834099557034,12.215780799582767],[33.297737699712677,12.211973700020856],[33.292026999857057,12.200552300309385],[33.28679219959119,12.194841600205018],[33.282033200100429,12.190558600422859],[33.274418999802137,12.1843720000549],[33.268232299745456,12.179137200031803],[33.263949299557424,12.17390230029463],[33.259666300267732,12.168667600328249],[33.256810999747266,12.165812199626698],[33.256335100157479,12.155818500419617],[33.250148499813804,12.122506000099991],[33.237775300024758,12.063971199770947],[33.231112800091367,12.030658799745],[33.230940999988206,12.029907200085352],[33.222374999612114,11.992787699644024],[33.203112399821919,11.886962399701485],[33.174689299990476,11.740577899668489],[33.180893400414206,11.744280799626189],[33.240478499597948,11.781311199751197],[33.263488700073609,11.795471400141039],[33.290283200108981,11.805908200329977],[33.354801599796403,11.849639300118843],[33.387084899642545,11.871521199852502],[33.574890100250457,11.986084200077084],[33.593505799848359,11.989929399708503],[33.603271399675087,11.992492899829973],[33.721496500295082,12.07012959971772],[33.74127189977191,12.082885899860489],[33.85949710010491,12.150085399801918],[33.93908690003002,12.170898400154231],[33.942687999865704,12.173889299816313],[33.987487799653273,12.205078300301313],[34.018310499932888,12.221313700044478],[34.027893100359812,12.226501500342925],[34.059326099873822,12.25390639979743],[34.065673799588936,12.259887899566101],[34.07263579963471,12.26593209982444],[34.072757499796154,12.266169599613491],[34.073005900141915,12.266654600273426],[34.074215900286887,12.269017099728105],[34.074825799770935,12.27020779974586],[34.075188499956781,12.270795499970552],[34.075530500263575,12.271106099606547],[34.076093399891924,12.2716171000885],[34.076536899944365,12.272019799833748],[34.079535099968645,12.274741800333043],[34.079711900094651,12.274902299586694],[34.086486799931407,12.281677199965902],[34.086681899638016,12.282080100252527],[34.088291800103129,12.285404099754681],[34.093078599757035,12.295288099773344],[34.104047299769029,12.305358200401649],[34.11072750010679,12.311491100078509],[34.114685099956226,12.315124500306727],[34.126525899717407,12.327087399618279],[34.129874399583329,12.329550399723651],[34.133911099686813,12.33251949957571],[34.151009499854027,12.3435622001128],[34.151489299928748,12.343872100293996],[34.161498999865962,12.358276400182589],[34.163599199914778,12.363704700215726],[34.168701200435564,12.376892099777759],[34.172402800191954,12.383254799630908],[34.1782581997752,12.393319900370553],[34.180611500155315,12.397364999768639],[34.191284199891314,12.415710400388159],[34.193943300268892,12.418865199879498],[34.204601900048189,12.431510300381577],[34.205479299857551,12.432551199828424],[34.208313000387015,12.435913099726507],[34.221496600038243,12.451293900302133],[34.222705600358339,12.460240400139664],[34.222717300016605,12.460327100011801],[34.225935200111607,12.461213199778197],[34.22692869998491,12.461486800334614],[34.232299799832184,12.46490480015129],[34.239685100412935,12.463928199666379],[34.250305200195754,12.460693400116659],[34.258300800010829,12.455078100393436],[34.266088599737735,12.455386799597962],[34.278320299598143,12.455871600244697],[34.290283200169405,12.451110799817357],[34.29082359969486,12.451378299673342],[34.331345799965987,12.471429899914744],[34.337524399913704,12.474487300200757],[34.366882300104535,12.491088900046316],[34.380302700156271,12.499147199709556],[34.393920900250365,12.507324199624042],[34.423889200286865,12.526672399803221],[34.435913100059103,12.538085899810209],[34.438476599927576,12.551879900358793],[34.441335899747628,12.554361899601661],[34.450460399803887,12.56228210027837],[34.450500499699814,12.562316899978383],[34.465698200371484,12.557922400379784],[34.467153000414605,12.557202600013319],[34.472895000269631,12.554361899601661],[34.483093299704066,12.549316399921585],[34.494872999652898,12.541686999897765],[34.512329099983177,12.543884299927779],[34.527709500017295,12.534597999817523],[34.528503399624427,12.534118700274792],[34.54150390016283,12.531921400262384],[34.568725600319844,12.524291999907302],[34.594726599600101,12.52111820005557],[34.617492699965304,12.514526400028979],[34.629430000347575,12.5162818996741],[34.640319800429836,12.51788330013388],[34.65649410007105,12.512512199897602],[34.672729500423003,12.498290999596804],[34.68792720019637,12.491882300108562],[34.704284699561711,12.469116200176087],[34.75952150001941,12.438720699702658],[34.784484900230751,12.421875000187907],[34.79412840014573,12.397888200404434],[34.805480999685976,12.373718300052422],[34.813476600399348,12.347900399823699],[34.824092699984263,12.30781180014543],[34.826293900315427,12.299499600243937],[34.84008789981236,12.243896599622595],[34.845092799637456,12.228698699578072],[34.847289999770645,12.220092899833407],[34.847289999770645,12.205871600316236],[34.854919399563492,12.185302700225961],[34.859222399842999,12.16961669964617],[34.863525400122569,12.15393080038511],[34.869261199805521,12.126579399988954],[34.870117199948204,12.122497700319856],[34.879882799774897,12.084472699675807],[34.887329099556652,12.056274499620663],[34.890736999622483,12.039702100067839],[34.894897400435475,12.019470299977405],[34.917473299607202,11.95573680010413],[34.918701199582571,11.952270499821866],[34.934875500122146,11.928283699749027],[34.963073700433952,11.884887699672703],[34.972516799683746,11.869002700324883],[35.001098600384836,11.820922899923263],[35.033558700356991,11.768378100157834],[35.04298570000033,11.753118199835875],[35.049644400060075,11.742339399866708],[35.049926799842709,11.741882300090188],[35.050364900121934,11.740746700037521],[35.050321199778331,11.740691899714385],[35.050642899956252,11.739501700007306],[35.056221199817102,11.748091900178082],[35.095321199906763,11.816091899991919],[35.168121199639572,11.866991900104757],[35.259421199554843,11.93309190037141],[35.267521199775587,11.936491899973621],[35.27562119999638,11.944491899826112],[35.29702119996962,11.999291900186908],[35.301121199859537,12.002291900130553],[35.306921200339289,12.015791899903737],[35.318521200400355,12.03879190028953],[35.335421199552286,12.070691900363069],[35.346121199988076,12.090591900002595],[35.399521199912961,12.184591900018127],[35.431621200322027,12.240991899684701],[35.456021199645043,12.283891900139203],[35.45742119976083,12.288091899600637],[35.56022120017812,12.459491899628528],[35.604921199832646,12.536091899763765],[35.620221199750539,12.556491899999829],[35.621921200340331,12.56009189997236],[35.648221200269752,12.603891900307548],[35.656821200082618,12.618391900363813],[35.662521200104877,12.625091900411984],[35.667321199603599,12.635991900399448],[35.6878211999516,12.654991899638127],[35.693421200414697,12.660191900224063],[35.699821200045726,12.666091899580696],[35.694821199632159,12.665391899975905],[35.694612200293129,12.665433699946471],[35.693861799807081,12.66558380010277],[35.68779739998643,12.666796600304281],[35.687338500115082,12.666888399858848],[35.6863594999488,12.667102600151869],[35.685974499984304,12.667445200172585],[35.685641499898395,12.667822200333561],[35.685440700381264,12.668049600019295],[35.684517899717427,12.669094399648761],[35.683863300064871,12.66983550032846],[35.681907300280407,12.672050200385989],[35.680592800016719,12.67353859978415],[35.679801999597373,12.674433899933568],[35.679463599738249,12.674817100098585],[35.679210600018251,12.675103499625969],[35.679068599728069,12.675264299591637],[35.678018199666347,12.675987499848045],[35.677312299922818,12.676410999799073],[35.674853999960661,12.677885999646653],[35.674097700238178,12.678339800147226],[35.673489900116934,12.678704500413604],[35.673029299734786,12.678980800203805],[35.67254569978644,12.679270000434848],[35.672042699821155,12.679254299567402],[35.671553799812607,12.679195900044149],[35.669425200424392,12.678941600135056],[35.669112099818648,12.678904200206953],[35.66866979991547,12.678851300079048],[35.664943599795031,12.678406199755189],[35.660301700193102,12.677851600404644],[35.659805399863231,12.677792299606276],[35.659547600444647,12.677761499784628],[35.65895930005334,12.677691199964492],[35.657929800194985,12.677626800148275],[35.657320199849899,12.677600900341421],[35.656200899904199,12.677553299623741],[35.654015400327609,12.677460299716627],[35.651590099977433,12.67735700014004],[35.650283800434018,12.677301500241523],[35.649408100237125,12.678697199910355],[35.645080600204878,12.687669000174758],[35.639709500357611,12.692063500000422],[35.632596199763434,12.696896200096662],[35.6322746999098,12.697114600017887],[35.631905399801511,12.697365499946212],[35.626976800181751,12.695971700047791],[35.624881500442768,12.695298200263174],[35.619875399570155,12.69249090019286],[35.611877500067976,12.698288900374902],[35.605529800352834,12.706711800250988],[35.588684099868253,12.709702500153091],[35.57910160005261,12.713059400192625],[35.569274900413525,12.723069199632052],[35.507324200218513,12.717515000286802],[35.444274899956852,12.71849159968432],[35.412292499798276,12.719468099811397],[35.360717800173859,12.729905100287866],[35.340881399699292,12.735093099621965],[35.272888199712007,12.765061399766253],[35.232482899903701,12.779465699969327],[35.223083500099207,12.788071599576986],[35.217102100119241,12.793869999674262],[35.215427099643868,12.79544909988911],[35.199156399992873,12.810787100321768],[35.178707399698489,12.830063999995295],[35.156127900079063,12.848679700018618],[35.137186899855571,12.866047200192668],[35.136291499604496,12.866868199922424],[35.130823500284194,12.873471099784457],[35.116882300149847,12.890305699933139],[35.112911200418367,12.894276900371608],[35.109589400279269,12.897598599609331],[35.108940799576104,12.8982471998041],[35.108716500131131,12.898471499825449],[35.108339699988584,12.898845199941015],[35.107428599881374,12.898699000137102],[35.106317300331554,12.898420100144813],[35.105628299695191,12.8982471998041],[35.104332399947801,12.897922100010508],[35.095525999621898,12.895712500055652],[35.094221999765587,12.895385299765492],[35.091491699816899,12.894700199841155],[35.085696299609822,12.893258200233939],[35.081011200025848,12.892092399979052],[35.079732399709847,12.89177420036402],[35.078496099588328,12.89146880005296],[35.078021799898032,12.891634500046296],[35.077696699596736,12.891751600152986],[35.07703279968603,12.891990699580832],[35.07665480029258,12.892126899644952],[35.076200700119792,12.892290500221963],[35.074324800414281,12.892966200322235],[35.067707100362369,12.89535010002138],[35.066118400138024,12.895922400416332],[35.065495500235173,12.896146799719459],[35.065047000159886,12.896308400298002],[35.061115400249783,12.897724700367613],[35.059667399555018,12.898246299636975],[35.059098200041554,12.898451400195182],[35.057311999812121,12.899094800344429],[35.05504330007048,12.899883899794665],[35.054504399833192,12.900071299646468],[35.05249770003244,12.89934979972692],[35.036682100379068,12.893662600196928],[35.0324736998855,12.893976899831191],[35.03108230024025,12.894080799965099],[35.017883299871784,12.895066500131122],[35.006803899568943,12.898186800154775],[35.002929700208831,12.899277899617196],[34.971923800205154,12.918504000000647],[34.929504400274809,12.954087500022162],[34.919677699737463,12.966660700137176],[34.914854699774232,12.973762100089038],[34.909728999899613,12.981309099683131],[34.904073499721612,12.98990170004096],[34.899725500134572,12.996507799635769],[34.89954520017217,12.996781800220992],[34.898959600116562,12.997671500229327],[34.898673399561979,12.998078500266788],[34.898365299877412,12.998320099985486],[34.897951499924943,12.99861610002154],[34.897502500386366,12.998937300332146],[34.896870399938386,12.999389400430582],[34.895420099556581,13.000426899610309],[34.894284099929742,13.001239500024829],[34.893708700244154,13.001651099964636],[34.89248830030315,13.002523999848922],[34.891309500444578,13.003367299958301],[34.890826199635207,13.003713000165611],[34.89041799978024,13.004004999878417],[34.890685999568838,13.019707199780083],[34.885070799611078,13.023681800277675],[34.875915499917006,13.0241091000478],[34.866882300134719,13.028686699735793],[34.865112300123066,13.033081200082943],[34.861694300298538,13.042480600028268],[34.859680099565153,13.054321500235122],[34.848876899771149,13.070678900284651],[34.847473099781773,13.0836793995937],[34.839904799801239,13.095886400419181],[34.836733499811594,13.100887199694657],[34.840270800397427,13.115287500377445],[34.839477499966655,13.124695000051728],[34.830871500305904,13.132324399993287],[34.82232659955924,13.139526499733375],[34.816895600048817,13.148680000080029],[34.817687800043402,13.15849840000892],[34.813720699611572,13.171081699683501],[34.802917400104583,13.174316599974835],[34.79711910013571,13.170715499736026],[34.792907700167369,13.169677900067233],[34.790710400321203,13.177917699715188],[34.786681099640738,13.18829480038991],[34.782470700395663,13.193725799790807],[34.776672299815516,13.195922999725548],[34.768676799713383,13.195922900021634],[34.760925300008793,13.191894699918755],[34.753723100337488,13.184082199857535],[34.748718199614125,13.181518700106194],[34.74511720038975,13.182922500027999],[34.741088799821291,13.189697399924363],[34.739318799809602,13.194519200103809],[34.734313899984535,13.194519200103809],[34.729492199883573,13.196289200417807],[34.724487900133035,13.192315199713402],[34.72528029955361,13.183286900066681],[34.723507000029954,13.175723100205389],[34.723249000287048,13.175919199738557],[34.722902099670414,13.176182799723362],[34.716879999719893,13.180759599854909],[34.716375699892403,13.181142800182247],[34.715959300215502,13.18146069963738],[34.715521499973576,13.182498300082711],[34.714341700290156,13.185711099688476],[34.713502999903213,13.187994899954601],[34.713343099782676,13.188430300399185],[34.71212079990481,13.191758900089123],[34.712012599625481,13.192053399568156],[34.711935799956898,13.192262500183718],[34.710839300151399,13.19289349966726],[34.706480800157024,13.195211799573688],[34.705845899660282,13.195549499974801],[34.705365200371972,13.195805199567626],[34.704472499558342,13.196279999687738],[34.704213100240253,13.196418000106615],[34.704018899747204,13.196521300087767],[34.703354300048858,13.196868800232023],[34.702927900326195,13.196686099640397],[34.702706400031651,13.19656189957812],[34.702450000188307,13.196418000106615],[34.702248199947945,13.196304900255821],[34.701384399733669,13.195820199760236],[34.700422700221417,13.195280800094515],[34.700204900087549,13.195158600398466],[34.699699300397896,13.194875000417666],[34.699118200003525,13.194549000362358],[34.698292899785649,13.194094299605782],[34.697842300347588,13.194062700235383],[34.697408399692328,13.194035299825821],[34.697011099994974,13.194010199617118],[34.696512800015299,13.193978699940633],[34.695460199979422,13.193912200415584],[34.695092700095053,13.193888999831268],[34.694341100358081,13.193841599859665],[34.693743000245234,13.193803800396159],[34.692566100323518,13.193725000403512],[34.691970099573588,13.193183699969284],[34.691318999757286,13.192523900409492],[34.689993099872673,13.191180300082767],[34.689376000391682,13.19055500041337],[34.689180400323387,13.190356800417273],[34.68837719955981,13.189542900411649],[34.688016400209122,13.189177399802819],[34.687522500177728,13.188964600402894],[34.687254900139372,13.188883699760837],[34.686800199892019,13.188746199744493],[34.685560900295755,13.188371500415398],[34.685305599990286,13.188295800083703],[34.684819599743506,13.188293499825937],[34.684351399614037,13.188293499825937],[34.683016200369607,13.188293499825937],[34.682736299700089,13.188293499825937],[34.682185099729978,13.188293499825937],[34.678316799606307,13.188293499825937],[34.677774200106732,13.188293499825937],[34.677536399881326,13.188294300105731],[34.676421299559593,13.190082299620807],[34.674499500434621,13.193298300337164],[34.671202599798569,13.195018500231624],[34.670288099567983,13.195495600321049],[34.669506300267784,13.195972599774976],[34.669076600134787,13.196234799784545],[34.666686999732327,13.197692899788374],[34.665109600314267,13.198443100148905],[34.661742700256326,13.200044399597004],[34.660522499741283,13.203674300371231],[34.659765800268424,13.204135999940586],[34.656921399905634,13.205871599732301],[34.651489299958961,13.204894999608598],[34.644714400122247,13.20727539970451],[34.643057700125809,13.210563699935488],[34.64112479962057,13.214400199727994],[34.640741899917295,13.215160200296882],[34.64288330029828,13.221665399627101],[34.643310200382523,13.230090599844118],[34.642988800241866,13.230189800036216],[34.641790799792396,13.230514699621004],[34.640429100247111,13.230883900306978],[34.639772800083655,13.231062899900573],[34.639599700118289,13.231426600225801],[34.639467999911126,13.231843799884631],[34.63930270001736,13.232367199977439],[34.637978099994974,13.236561800060418],[34.637895599617607,13.236823200052893],[34.64227240009096,13.241881400067951],[34.642137700409052,13.244113799866037],[34.642095699677959,13.244806499860312],[34.642047300247079,13.245605700179244],[34.642013200198889,13.246168400147788],[34.64190670043044,13.247924800208169],[34.641695899969193,13.247953700295675],[34.641188800092948,13.248022999807954],[34.639007599853322,13.248321499975669],[34.637406200145769,13.248540699845822],[34.637072299947874,13.248586399833721],[34.636511600293652,13.248663100140497],[34.636242899819116,13.248699799843306],[34.635678899754488,13.248666499832076],[34.635337999883966,13.248625400111308],[34.635029900199406,13.248588200236849],[34.634230899958119,13.248491900076953],[34.631932299792297,13.24821480037758],[34.631386900243939,13.248149000301273],[34.629719399802831,13.247948000024547],[34.628363600392355,13.247784500381815],[34.627794199656186,13.247715799772331],[34.627511300410291,13.247678099596392],[34.627129200207598,13.247488099889422],[34.626395800338287,13.247109899569992],[34.624966499872833,13.246372599628138],[34.624633900435526,13.246201099777645],[34.624169999643073,13.245961800224451],[34.623932600066269,13.245839400320019],[34.622717500185409,13.245212600339048],[34.622059800446806,13.24487339998598],[34.621160700035091,13.244974900001701],[34.618710299857575,13.246259800131639],[34.616699200108513,13.247314499615122],[34.616005699810884,13.24958760026303],[34.614501999975289,13.25451659997038],[34.613230099619024,13.257264700283166],[34.611084000150782,13.261901899625235],[34.603698699570067,13.263122600075054],[34.598693799744971,13.259521499811042],[34.591811800065102,13.258180799975932],[34.589294399940485,13.25769040004325],[34.588908100113755,13.258180799975932],[34.586120599939377,13.26171880010582],[34.575683600167608,13.26171880010582],[34.574707000299775,13.267517199635739],[34.566284099751812,13.281494300245347],[34.470703100196616,13.389282399590213],[34.43951410018181,13.420898599627003],[34.439513700431505,13.420898999819824],[34.409912099880522,13.451293899945352],[34.401672300241977,13.459716999955399],[34.373901399764684,13.485473600172602],[34.308715799756222,13.577087600106603],[34.288879400179965,13.604919600227859],[34.271301199937966,13.63311790007003],[34.261108399989695,13.650329600063783],[34.159912099865394,13.748108100150944],[34.155883799908175,13.750671600396887],[34.150329600049787,13.755493300304664],[34.148498500225827,13.762695499884018],[34.143127400378482,13.770874199683089],[34.138122499655125,13.775695999682364],[34.132324199686245,13.781311199887201],[34.12829839974048,13.7918634998234],[34.128296199766318,13.791869299639451],[34.128296300377627,13.791870099644141],[34.128722300349978,13.798875900019659],[34.12432859987117,13.804062899665857],[34.120483399925064,13.805893900243332],[34.110473699987914,13.807663900035465],[34.103881900162285,13.810288399983987],[34.098327700303898,13.815903700330521],[34.095275899603237,13.825486200275984],[34.094299299735397,13.835068700094975],[34.093688999602705,13.851059900267369],[34.087524399898641,13.863266999845573],[34.086303699920286,13.870896400078522],[34.085082999941953,13.880112700353051],[34.07952880008353,13.885911000389697],[34.077275299836515,13.890932900089695],[34.079891800306676,13.898306300232651],[34.074890199993689,13.906296699766363],[34.071289100158033,13.912888499714752],[34.067077700189721,13.923874899671606],[34.062683099598949,13.929307000390031],[34.06127929960951,13.931687399570047],[34.055480999640665,13.932114599975495],[34.049926799782277,13.936509100434026],[34.046874999979913,13.941513999898863],[34.043701599729125,13.951475700358284],[34.041320800121561,13.963073800332934],[34.041320800121561,13.96452840030666],[34.04132040037122,13.972291499633345],[34.041098600039419,13.972993699729637],[34.040609399993535,13.974542899760921],[34.040250199644014,13.975680299689685],[34.039753099813566,13.977254399694305],[34.039679599657013,13.977487299877538],[34.039537300227828,13.977937699818687],[34.029724099572533,13.984680400142253],[34.017700199800238,13.989318999664935],[34.003112800159528,13.990905900049086],[34.000488199580474,14.00012229978811],[33.991868499713327,14.00358190015081],[33.9915160996105,14.003723300063218],[33.988525500231823,14.005493900224804],[33.965515100330215,13.997314500255181],[33.960327099595702,13.998718300149049],[33.957519499616836,14.001281700347183],[33.942687999865704,14.010498000337956],[33.934326200028352,14.009094200080158],[33.930908200203831,14.007873499994894],[33.926513700224397,14.00592039983303],[33.859680200116031,14.03027339984776],[33.783081100180908,14.058471699802473],[33.739502000371601,14.074707000138954],[33.733827599639959,14.07560660005592],[33.733137300039687,14.075716100080882],[33.729492199823142,14.076293900315161],[33.721496500295082,14.100891300155611],[33.697692899675644,14.102111800434894],[33.694091799839995,14.102111800434894],[33.690490700004339,14.102294899874501]]]},"properties":{"adm0_ar":"السودان\u200E","adm0_en":"Sudan (the)","adm0_pcode":"SD","adm1_ar":"سنار","adm1_en":"Sennar","adm1_pcode":"SD14","adm1_ref":"","adm1alt1ar":"","adm1alt1en":"","adm1alt2ar":"","adm1alt2en":"","date_":"2020-03-11","shape_leng":11.39900862,"validon":"2020-08-31","objectid":14}},{"type":"Feature","id":15,"geometry":{"type":"Polygon","coordinates":[[[24.439586500196167,13.115499800303777],[24.439354800429879,13.115660999955297],[24.438676600238178,13.116132799642395],[24.438453800081369,13.116291800306589],[24.437886699930761,13.116786799669116],[24.437645900230606,13.116996899735081],[24.437301699949753,13.117297299963299],[24.436877399589875,13.117667599696356],[24.435926699948283,13.118497299690725],[24.43503349967137,13.119276900144541],[24.434573099613569,13.11967860026752],[24.433587500423172,13.120538800000428],[24.43264219965647,13.121363800171954],[24.431560799632546,13.122307599841696],[24.430939499629261,13.122849799587126],[24.42965320017726,13.123972400289476],[24.42929600037591,13.124284100319304],[24.428775900080939,13.124737999783612],[24.428288599971921,13.125163299630266],[24.42796770019288,13.125443299820336],[24.427552900415439,13.125805399600411],[24.426433899608778,13.126782000171097],[24.425780200068047,13.127352400142719],[24.424479700048092,13.128487400323486],[24.424253000304684,13.128685300430311],[24.423491500235002,13.129349800046272],[24.42287740022865,13.129885800070401],[24.42248150010651,13.130231300403727],[24.422291400422711,13.130397199599541],[24.421900699749436,13.130736699642231],[24.421443800426257,13.130561099699552],[24.421114600214004,13.130087299852883],[24.420698799713364,13.12948890021736],[24.420303099915543,13.128919499893298],[24.420041400012089,13.128542999654323],[24.419639700366453,13.127964900373314],[24.419470599700769,13.127721500194722],[24.418617800255415,13.126425299614647],[24.417945500198481,13.125403399795241],[24.416702099792904,13.12357209995089],[24.41432109986102,13.121866699804009],[24.413878700244826,13.121520500068145],[24.413877999558924,13.121519999647635],[24.41385030000712,13.12150110002551],[24.413665600096472,13.121374700071316],[24.412741799607762,13.120742599590782],[24.411359799933646,13.119637000313539],[24.410031400037603,13.118574299763381],[24.409325900044347,13.118009900298087],[24.407119399653041,13.116243100130543],[24.404987100104147,13.114535600159465],[24.404533399681696,13.114172300056309],[24.404053299569718,13.113787899731985],[24.400417799648515,13.110876799586475],[24.398843500316435,13.109616100387498],[24.39782329981794,13.108799200057254],[24.396484400412923,13.107727099889663],[24.396343099910247,13.106902699658445],[24.396193499872723,13.106029100139672],[24.39591959994932,13.104430700285278],[24.395816900054452,13.103831300288414],[24.395773199710852,13.103576200350091],[24.395165599913938,13.10002980016583],[24.394681600215289,13.097204700364502],[24.393631299866513,13.091074500024781],[24.39349370042288,13.090270999619735],[24.392279799792949,13.086193799970248],[24.392166900426336,13.085810200325502],[24.391123100287025,13.082264899752465],[24.390358200093932,13.07835950018927],[24.390227300285748,13.077691200084324],[24.389787699819941,13.075416700044517],[24.38862850030263,13.069419099709849],[24.388326999642107,13.067859500217573],[24.388076799970861,13.066565100410118],[24.387617500349236,13.064188500314415],[24.386901899698952,13.060485800398492],[24.386136599755577,13.059426700331027],[24.383765100406066,13.05614449999954],[24.382147900231036,13.053906399919487],[24.380896200290536,13.052174000130286],[24.380194500170965,13.051193800298751],[24.379284000138316,13.049921800116921],[24.379005799979709,13.049490100200789],[24.378558700377933,13.048795999581845],[24.376306299668833,13.04529990029183],[24.376094900031323,13.044183900356689],[24.375827900067627,13.042775300237462],[24.375688699826163,13.042040700157782],[24.375625900401271,13.041709299904824],[24.375440199767425,13.040729600304134],[24.374625699994255,13.036431699731711],[24.374338199577497,13.034894500285874],[24.374192299700614,13.034114000344974],[24.374106700135496,13.033656300340779],[24.373930700408433,13.032714899816549],[24.373673500166138,13.03133959980117],[24.373487600106305,13.030243700280177],[24.373608599581843,13.029888100215276],[24.373951899750772,13.028878699770649],[24.374292499584094,13.027884599712703],[24.374500599709464,13.027277200097956],[24.374950800295622,13.025963099743182],[24.377401600223372,13.018809499614356],[24.379144899609866,13.013720899818059],[24.382507300006576,13.003906300078699],[24.383795500293605,12.999952899854165],[24.38431869977633,12.998423899737322],[24.386587699555296,12.989406099832966],[24.386714699776878,12.988901399574191],[24.369514499826689,12.984935299890129],[24.339476999868911,12.978120899797828],[24.336685099746255,12.977584200211179],[24.330688500271705,12.976501500211496],[24.326346600245387,12.975575200135006],[24.326055999742614,12.975516099885661],[24.326029399728693,12.975510699680022],[24.324696100421086,12.97524970039581],[24.315223300172988,12.972143799618401],[24.294142900116618,12.965232100400478],[24.279278900216767,12.960306599666318],[24.273315400067169,12.958312999984253],[24.272705099934509,12.958129900242264],[24.272091500289779,12.95793500031486],[24.267446300277488,12.956434000242439],[24.223536599782417,12.9385588004028],[24.209099499966808,12.932681700016346],[24.162456899798613,12.884849399929905],[24.161775700132136,12.882876400304649],[24.161530600196748,12.882166699995254],[24.157551100319044,12.870641299966257],[24.157036999871824,12.869152299580676],[24.156307900237781,12.867040500133319],[24.155917600213115,12.865910300231256],[24.155485799819008,12.864672700030647],[24.155229000225351,12.864287800417202],[24.155061300033175,12.864036499622628],[24.154544899898848,12.863262699957327],[24.149805700175246,12.856160399950879],[24.147627999771917,12.852896899838283],[24.145504500119525,12.849714500162927],[24.145045999998516,12.849027400300143],[24.144674700240458,12.848471000269202],[24.132905600412005,12.843004400275362],[24.119330700012842,12.843004400275362],[24.101761899742037,12.830215600226648],[24.101078299777118,12.829714900091266],[24.100247200035785,12.829695099761105],[24.099683599721466,12.829683600223246],[24.09923520025756,12.829674499743216],[24.098765799978871,12.82966490000639],[24.098535600399103,12.829659900435415],[24.098009500256317,12.829648400020066],[24.097466899858379,12.829636500199106],[24.082690500071816,12.82931290035407],[24.080083999647382,12.829255800226473],[24.063236600448626,12.82906580038027],[24.061659299845211,12.829047999657064],[24.061408599812314,12.829043899613389],[24.05903940014997,12.829005100285764],[24.05644379988318,12.828962499585826],[24.055838000310114,12.828952399688253],[24.055597900397636,12.828946299984024],[24.054504400066879,12.82891850008089],[24.050634400330704,12.828233499827057],[24.048751899804419,12.82790030012529],[24.047372700179086,12.827652200243429],[24.040724799665622,12.826456199874565],[24.035861099731857,12.825327599860984],[24.033160700207386,12.824687500150899],[24.032470699746082,12.824523900176477],[24.0318931000864,12.82440109983461],[24.030173400340757,12.824035499603074],[24.029422900141697,12.823876000208708],[24.024719200041492,12.822875999698384],[24.020833399837805,12.821926800062167],[24.020183200133463,12.821767900209979],[24.017522100106046,12.821117899704323],[24.016723600226413,12.820922900101325],[24.013850900237198,12.820558099788844],[24.010686800244589,12.820156300026275],[24.009133799967888,12.819959100237835],[24.007086299585204,12.819699100120818],[23.989961300302397,12.817524500413942],[23.952678000042699,12.812790099774045],[23.948515899617195,12.812261500170367],[23.944464200343447,12.811747100371415],[23.942615600439389,12.811512299912481],[23.939707099891184,12.811143000214745],[23.93922169971896,12.811081299840639],[23.936087899900848,12.810683399600254],[23.933393299899905,12.810341199880526],[23.930325200166745,12.809951599915919],[23.920790199670058,12.80874080020393],[23.912905000108498,12.807739500109422],[23.91178769981261,12.807597699783548],[23.909140600028888,12.807261499746984],[23.89817319987916,12.805868799644907],[23.896610600205378,12.805670399978499],[23.895234199730368,12.805495599731614],[23.894016699551134,12.805341000177849],[23.893676800403746,12.80529789967397],[23.893161600418644,12.805237199982299],[23.891819500316171,12.805079400337435],[23.8907805995884,12.804947200070348],[23.889724000252944,12.804812800161161],[23.888101400304695,12.80460640025483],[23.886592299797648,12.804414500214603],[23.885074700329668,12.804221499801361],[23.883326799772377,12.803999200416664],[23.884660700052876,12.802959999678935],[23.885795900179097,12.802179300296327],[23.88629260025931,12.801837699592763],[23.888315800315244,12.800446300157112],[23.889379299610408,12.79971489999005],[23.891219599979543,12.798449199692543],[23.891724499881629,12.798101999812138],[23.892542999852772,12.79743140042803],[23.878159799852575,12.786046899644072],[23.856115600022736,12.768599000102721],[23.85498160004574,12.748755500200284],[23.853829499914088,12.72784150031462],[23.853357899661276,12.719280399985793],[23.853309800267727,12.718407199606023],[23.853295599699674,12.718149299740046],[23.85324280032054,12.717741799997283],[23.851839700118735,12.717157200289874],[23.85114420017123,12.716887500052943],[23.849348099609077,12.716191099748899],[23.846109199597624,12.714935200003426],[23.839568799575879,12.712399099750394],[23.838256999647971,12.711890399575136],[23.838196199872922,12.71186680003073],[23.798095700237241,12.696289100331965],[23.790741599942947,12.693732799716949],[23.787598899617027,12.692610500116171],[23.786972799915151,12.69238690036631],[23.786696900341944,12.692279400298737],[23.786525700313376,12.691213000427581],[23.786448199958887,12.690624099818628],[23.786326900446049,12.689702399772255],[23.786061600094865,12.687686299916837],[23.785781899749704,12.685246499721595],[23.784949800183501,12.677987900253004],[23.782546699898994,12.65702609992664],[23.779897100103817,12.633914400310168],[23.778066000279853,12.619510099562341],[23.776824600422373,12.607994899898328],[23.776637999676634,12.606263699577198],[23.776290799921004,12.60314990002437],[23.776288899984245,12.599263099881355],[23.776296000268168,12.560733199782527],[23.776296000268168,12.526999600097058],[23.776295700230872,12.522155599887199],[23.776295700230872,12.522115499757136],[23.776296000268168,12.521550899928462],[23.776296000268168,12.517093100154321],[23.776288200196571,12.511040000286798],[23.783498199939469,12.476504699772466],[23.789113399897261,12.448733700188953],[23.767079699576495,12.402896300285015],[23.735463500338387,12.292483699924105],[23.735417200270319,12.292325999911807],[23.732289700337354,12.281680500328962],[23.732007499980771,12.281017200262863],[23.72166959965617,12.256717099916854],[23.721413400137141,12.255633499896975],[23.718495699942057,12.243289399591701],[23.706715900280276,12.195498800061852],[23.695485500364761,12.150332799738983],[23.691646499692393,12.134851700207973],[23.689880499878718,12.127684499594098],[23.69189450028788,12.103088400366207],[23.693048999819645,12.094203799603166],[23.693298300277259,12.092285200233665],[23.693465500107855,12.091588600344853],[23.695495600123461,12.083129900273221],[23.697655500409507,12.0756972000893],[23.700194799664107,12.066959100021929],[23.70075710011626,12.065024100218215],[23.700833500034506,12.064761199650755],[23.701272300101362,12.063251199987851],[23.701647900094699,12.061958799919102],[23.701721199926922,12.061706499639177],[23.705902400332043,12.058917299834013],[23.707982199640739,12.057529800047082],[23.723499399617967,12.047178100205933],[23.730594099695843,12.042445200183959],[23.733508800416121,12.040500799662443],[23.734145999701695,12.040075700182173],[23.73576310016378,12.038996999643146],[23.738272299568205,12.037323099688967],[23.740100399917498,12.036103500240465],[23.740675200426725,12.035720000166432],[23.741833899582453,12.034947099651722],[23.743114999585554,12.034092399962562],[23.747924499666709,12.030882999575454],[23.744690100214846,12.028501300293142],[23.737756500406771,12.011964899576785],[23.731689800000726,11.997495800354129],[23.745300500060516,11.951902199605513],[23.745309599994346,11.951871200230459],[23.761474499664462,11.897093299587722],[23.752078199945984,11.875908900093656],[23.753740299715574,11.872694499867313],[23.758483799674483,11.863512800379556],[23.758452300249058,11.861408700266345],[23.758300899987649,11.851316199609844],[23.753573600246632,11.84846179959157],[23.741886000072341,11.841404599979969],[23.732727199643616,11.83587429983511],[23.728837400140318,11.832079799967239],[23.720276099749807,11.823728400172618],[23.72128139989265,11.817726500203042],[23.722290199871914,11.811704399676374],[23.730529800084433,11.795286300372451],[23.728193399709713,11.780498100059514],[23.725891299707495,11.765928000048458],[23.716308799891916,11.71709989966096],[23.715088099913558,11.710324999686216],[23.71368420021113,11.669492499628387],[23.713847000093441,11.656554200088758],[23.713950200349927,11.649946200152169],[23.714046000285087,11.643809999618272],[23.714111500045714,11.640318699911145],[23.714666899639763,11.635800299853633],[23.719323200134021,11.59596560016557],[23.720204399817078,11.587950899769494],[23.721130400279943,11.579528800136629],[23.723472600178059,11.560386000285709],[23.723684200139893,11.558656700228473],[23.726074200292661,11.539123500352789],[23.726749799861629,11.533661800193174],[23.727225599738407,11.529815199788439],[23.729964899907884,11.507668399593859],[23.73186940017542,11.492271300256506],[23.732262899999146,11.489089699803232],[23.732548099830503,11.486783699709459],[23.733276399963959,11.480896000019138],[23.733504100430608,11.479164599878986],[23.735811000131346,11.461628899947806],[23.736108799732893,11.459365299582814],[23.736865400391039,11.453614099962941],[23.737234299850687,11.450809200110431],[23.737500200276436,11.448788499995986],[23.738084799608806,11.44434440008186],[23.738220700338296,11.443311099855615],[23.738456400302493,11.441519399797595],[23.738627099969445,11.440222399867567],[23.738686800206615,11.439768499907663],[23.738974299725072,11.437582699574447],[23.739314100057712,11.434999699860573],[23.739352300016815,11.434709000010606],[23.739388300001863,11.434435500151084],[23.739596799877614,11.432851199931692],[23.739752399762889,11.431668400062069],[23.739874300248648,11.430741400054194],[23.7399122998835,11.430452199725648],[23.739959899813801,11.430090499687177],[23.740194899990392,11.428304600410737],[23.740581300428392,11.425366899938174],[23.740638199718514,11.424934500373915],[23.740685199574184,11.424577600033125],[23.740756900405177,11.42403250002433],[23.740924700310398,11.422756900377992],[23.740925400098003,11.422751300258104],[23.741017499872488,11.422050999992107],[23.741060399817208,11.42172519969548],[23.723510700424217,11.415893600166491],[23.718078599579254,11.413085900028008],[23.703918499773128,11.404480000142879],[23.692688000144603,11.397888200406875],[23.688293500165173,11.394897500097025],[23.683105500329024,11.390685999799249],[23.677917499594475,11.385498000287015],[23.675903299759394,11.382873500001176],[23.669677699956001,11.37231449977288],[23.66607669983329,11.365905799719199],[23.665527300086993,11.347290000137098],[23.664489700119784,11.33947749991788],[23.662902800119216,11.335693399766818],[23.660705599986024,11.333129899775306],[23.651489300192651,11.326110799602395],[23.630676299850183,11.314086899645993],[23.617675800210041,11.308105499808454],[23.604309099649395,11.302123999768186],[23.596313499834284,11.300720200038613],[23.579284700236951,11.297912600221428],[23.576477100258057,11.297302200232968],[23.569702099809994,11.295288100356503],[23.543090800397053,11.286926300255473],[23.534484899550986,11.283874499954646],[23.521728500021297,11.27947999999083],[23.497924799688917,11.27087399956511],[23.473877000144345,11.262085000061473],[23.466674799574715,11.259521500174971],[23.448486300098352,11.256897000264541],[23.447692899954575,11.256897000264541],[23.447558999773353,11.256878799877985],[23.438720700271656,11.255676299600974],[23.406127900267439,11.252075200286525],[23.393493700362448,11.244872999624473],[23.386474599803936,11.232482900267534],[23.384887699803436,11.229492199979489],[23.381530799791218,11.221496600250934],[23.376281700142652,11.209106399747714],[23.370727500284264,11.195129400143578],[23.369323700294817,11.192504899882421],[23.365478500348711,11.187683099711753],[23.359680200379838,11.181091300026614],[23.356079099645925,11.177307099819449],[23.353881799799687,11.175476100284559],[23.334472700058043,11.162719700355819],[23.296081500371944,11.158081099791062],[23.270507800027875,11.158691400327621],[23.25310769977412,11.159120299628606],[23.205505399743476,11.174316400105315],[23.18109129956536,11.178893999560747],[23.160095200110138,11.16729739993375],[23.153756600328826,11.158053600392853],[23.146911599560582,11.148071300271523],[23.143886300059126,11.143657799999882],[23.141723599724429,11.140502900334633],[23.13501659994672,11.129381099597508],[23.132080099809418,11.124511700159847],[23.126525899951027,11.115295400184912],[23.117919900290278,11.101074200107085],[23.107910200353128,11.084899899795756],[23.093078599990655,11.073730499563339],[23.083496100175076,11.066284200197087],[23.059509299831511,11.055908200094446],[23.045105000201922,11.050109900153549],[23.040100100376858,11.048095700254276],[23.020080599891177,11.040527299786932],[23.007873500394812,11.035888699592773],[22.977722200060199,11.027893100203263],[22.951293900047066,11.026916500232392],[22.946289099934912,11.026672400211902],[22.929816200293278,11.026313099976349],[22.912463399932456,11.025934599565845],[22.910259100413604,11.02588650014359],[22.909961200200716,11.025880000006635],[22.908665700203638,11.025886000200902],[22.904424799561415,11.012498100108589],[22.893955100215035,10.98584810041044],[22.890437499683394,10.973432600322736],[22.885865000326994,10.957294400251961],[22.882057899728721,10.942541899811962],[22.877298900237893,10.933975799579029],[22.874443500004482,10.921602699671848],[22.878250599704391,10.912084800210527],[22.883485499683268,10.907325899780666],[22.889196300150232,10.903042900039893],[22.896810500448517,10.897332200124108],[22.907280100081884,10.889242099867218],[22.912514900347716,10.882579600015767],[22.915370299682905,10.876868799691435],[22.918225600203307,10.871633900276528],[22.920605099948702,10.861164299660624],[22.922032799616328,10.855929600324794],[22.922508600391399,10.850218800015691],[22.925839900214601,10.844984100405048],[22.926791599681099,10.844032199706394],[22.935357800381475,10.827851900328495],[22.940116600446281,10.820237699766224],[22.945827400014878,10.813099299822472],[22.952965600112101,10.803105599912893],[22.96153179991418,10.790732299623743],[22.970097900003246,10.775027900206688],[22.975808599858869,10.770268900128471],[22.981043400124669,10.767889399688643],[22.986278300103578,10.761702900065135],[22.989133500012741,10.753612699723748],[22.992464799835943,10.745998400234928],[22.993892600114812,10.740763700138729],[22.999127299769334,10.730294100197636],[23.001982600289804,10.723631600164486],[23.004362100035198,10.716017200200506],[23.009596900301101,10.708878799991101],[23.0132913997735,10.707542300138877],[23.017175099715978,10.708400500030972],[23.017425600322881,10.708344799915317],[23.017687099902052,10.708402900015082],[23.023873599634481,10.706975299758048],[23.029108499613361,10.703644100121103],[23.031488000257017,10.702692299752346],[23.037198600399662,10.698409200395735],[23.040529900222865,10.6960297997623],[23.041598299827921,10.695464199895685],[23.046098299750902,10.693081799643293],[23.048620099823879,10.691746699889917],[23.051951399647081,10.689367299970058],[23.057186100199903,10.686511900287138],[23.061944999977751,10.683180700158976],[23.068607499911142,10.677469899732001],[23.072890599812183,10.674138700208857],[23.076697800123469,10.670807399736967],[23.084312000421754,10.664144900305235],[23.090974500355145,10.661289699769172],[23.094781600055157,10.659861900093015],[23.100968300111841,10.657958399842888],[23.107630899758245,10.65462720030389],[23.113817299777594,10.650820200151069],[23.151888600407887,10.595616599945277],[23.156171800021973,10.591333400410022],[23.166641399655344,10.587526300281425],[23.174731500441645,10.582767400130436],[23.186152900152852,10.573725400061821],[23.186152900152852,10.573249599957725],[23.190436000053893,10.567538900038544],[23.196146600196535,10.55944869980878],[23.202333300253219,10.556593400429474],[23.210899299730944,10.553262100408626],[23.218037600439509,10.548979100268857],[23.228031400196102,10.540413100424409],[23.230024699827847,10.538253600341191],[23.233742000338744,10.534226400057673],[23.244211800296465,10.522329099813089],[23.251350100106634,10.513763100255233],[23.26086800027354,10.501865799810552],[23.26657849980484,10.496155099765701],[23.27228939998475,10.490920200148969],[23.278000099840401,10.48758890012728],[23.283234900106233,10.484257700281384],[23.289897400039692,10.479974699985286],[23.296559899973118,10.477595299960406],[23.318450900216025,10.466173800098089],[23.319402800006841,10.46474620030034],[23.325113400149483,10.452848799916412],[23.326541099817042,10.44904169999908],[23.32892049984946,10.444758700226767],[23.330824100005071,10.441903299800552],[23.337010800061755,10.432861400206145],[23.340342000172008,10.426674799849826],[23.350811599805379,10.41144620002453],[23.376509800359603,10.37004360026388],[23.396973100036657,10.33673119988844],[23.419816000070412,10.301515199939812],[23.420291899660199,10.300563299671387],[23.439456099790807,10.269863300383074],[23.518325599978375,10.14351889991932],[23.591137099943388,10.029304799843139],[23.592088900021224,10.027401199889633],[23.595420100131413,10.023594100010316],[23.60446209981027,10.003606599579236],[23.623021899942987,9.9707700997242643],[23.636346899809837,9.9488791999203148],[23.656334399610113,9.916994200244952],[23.672038900120757,9.8931997001907526],[23.672038900120757,9.8893923998147653],[23.673942399665023,9.8689290996230614],[23.676797799898505,9.8470380996793381],[23.680604899598482,9.8132496997249277],[23.684887899786514,9.7808891002914198],[23.68774330001996,9.7556667996556587],[23.68774330001996,9.7547149003753546],[23.691074500130181,9.7304443996135586],[23.698688800141447,9.675716899723886],[23.697261099575556,9.6700062003846217],[23.692026300207985,9.6595366000714673],[23.686791499942153,9.6490668999561713],[23.678701300341135,9.634314200300528],[23.673466500075268,9.6281277995828827],[23.668231800420749,9.6186097997724413],[23.662520999953852,9.6062366998764546],[23.658237999765753,9.5986222997283974],[23.651575499832362,9.5900562999141385],[23.64538890038699,9.5795867002466366],[23.640154000408145,9.5695928998800781],[23.6344434002655,9.561026800022324],[23.628256599597513,9.5576955998443669],[23.620642499910602,9.5553162002805401],[23.617311299800345,9.5515091003377375],[23.611600500231749,9.545798300188757],[23.605413899888074,9.5381841001415566],[23.60160689990111,9.5291420997051706],[23.598275500364895,9.522479599854444],[23.599703299745467,9.5148653003505235],[23.603986299933492,9.5124857995691041],[23.613028299612349,9.5096305996838844],[23.613979999977143,9.5034439003627753],[23.608269300121556,9.4910706996747685],[23.607317500043685,9.4834563996065917],[23.607317500043685,9.4820288003638886],[23.608745099998263,9.4744143997056689],[23.610648799866951,9.4715591998034405],[23.613979999977143,9.468227900338146],[23.618263000165172,9.4639448000189077],[23.622070099865148,9.4615654003384932],[23.625877300176466,9.4572823002997168],[23.630160300364462,9.4529993002239792],[23.635395099732033,9.4491921999217112],[23.638726399555235,9.4458609000052487],[23.639678099920026,9.4425296998996942],[23.646969799641411,9.4379724001886309],[23.652450800278881,9.4397999003749735],[23.657209799769706,9.4426548995759703],[23.662740199662959,9.4441103001594442],[23.666251800346792,9.4450343998906874],[23.672501100402375,9.4445122998286912],[23.666744800266326,9.4448935997407784],[23.672467700141794,9.4444331002960897],[23.681509699820648,9.4377706003863828],[23.683397200369743,9.4306927001122585],[23.679606200276314,9.4239700999535216],[23.674847199887189,9.4158795997168045],[23.666756700248875,9.4096931002343869],[23.661522200020308,9.4030310996481141],[23.658191200234402,9.4006510997747181],[23.650576699898885,9.3968441000231415],[23.64581770040806,9.3897055996657404],[23.644390200166491,9.3835191002773275],[23.644865700005969,9.3797121001676977],[23.644390200166491,9.3720975996951239],[23.645341700206998,9.3635315996632134],[23.643438199764365,9.3449716002032019],[23.643438199764365,9.3378330999813457],[23.639390700114614,9.3369338999267661],[23.639155199576305,9.3368815997354275],[23.633920199884482,9.3378330999813457],[23.62583019970949,9.3411645997084705],[23.617740200432792,9.3425921001351071],[23.612409799657716,9.344369299829518],[23.608269300121556,9.3406888003890174],[23.60351040034374,9.3373576001515701],[23.600655000110258,9.3287913999280416],[23.60160689990111,9.3230808002320327],[23.603986299933492,9.3173701000023001],[23.607317500043685,9.3097557997627565],[23.610648799866951,9.3040450997963493],[23.613979999977143,9.2954791001943349],[23.620166600320815,9.2835817002002781],[23.622546000353232,9.2759673998363983],[23.623497900144017,9.2669254002164205],[23.621594299988374,9.2540763997067259],[23.620166600320815,9.2426548996164648],[23.616359499722506,9.2312336000370738],[23.610648799866951,9.2269505998452335],[23.602082600064872,9.2202881997135595],[23.593992500176867,9.2102942998998234],[23.592564900222253,9.2088666999744699],[23.587805899833199,9.2050593999119954],[23.58304700005538,9.2026801000910368],[23.574956799556066,9.1998248001728697],[23.568770299823704,9.197921100384475],[23.564487299635676,9.1922103998120441],[23.557348800399453,9.1850721000876465],[23.551638099645533,9.1793612003289855],[23.545927399789946,9.1746023998828896],[23.544499799835332,9.1736505996742803],[23.541168400299121,9.1712711997228951],[23.535457800156511,9.1693676001661828],[23.532126500333277,9.1679399000068198],[23.531812300189653,9.1680296996221298],[23.534934700386763,9.1693676001661828],[23.540645199918067,9.1712711003978491],[23.54397670006562,9.1736505996742803],[23.545404699770479,9.1746026003048797],[23.551115200200144,9.1793611001192623],[23.556826200093091,9.1850721000876465],[23.563964199865897,9.1922101000807057],[23.568247700415544,9.197921100384475],[23.574433699786354,9.19982459976519],[23.582524200322968,9.2026795999623747],[23.587282700350475,9.2050591001915478],[23.592042200202847,9.2088665997732324],[23.593469700444452,9.2102941003846581],[23.601559699721118,9.2202881004022537],[23.610125700097175,9.2269505998452335],[23.615836699990091,9.231233099948982],[23.619643699977058,9.2426550999998707],[23.621071200218662,9.2540766000836303],[23.62297520012461,9.2669255996994249],[23.622010999702642,9.2760069000020327],[23.622945700348996,9.2670507003590288],[23.621857899828722,9.2597091996194258],[23.621613300254982,9.2580587997576895],[23.621062299710818,9.2543384997447173],[23.620905099925981,9.253108300221637],[23.620251999561614,9.2478827000427248],[23.619614399627498,9.2427802004282107],[23.616987900009882,9.2349007000943804],[23.615807299927518,9.2313584003895066],[23.611863100247191,9.2284006999547401],[23.610978699866781,9.2277376001315421],[23.609474300243647,9.2265921003584683],[23.601530299658478,9.2204134002972236],[23.593440300381783,9.210419400278699],[23.592012700427233,9.2089919001733378],[23.588968000010567,9.2065560996074858],[23.587253700038108,9.2051846998882105],[23.58249480026036,9.2028048998951171],[23.581928600221609,9.2026055002240614],[23.574404500048033,9.1999501002301862],[23.568218000315671,9.198046300024874],[23.563934799803324,9.192335400173647],[23.551085800137503,9.1794864003221726],[23.545375199994862,9.1747276999934879],[23.54467289980073,9.1742595999938281],[23.54394730000298,9.1737759001210115],[23.5406161996058,9.1713963999112167],[23.538050700087556,9.1705413002897451],[23.534905300324194,9.1694929003515622],[23.531597099780154,9.1680749000597057],[23.528738300321692,9.1688754003829231],[23.528242999816758,9.1690168997094101],[23.523484199751955,9.1675893001262594],[23.520628800416766,9.1652094001566038],[23.519075999566095,9.1628809003992338],[23.518535099679028,9.1620888001510732],[23.516410699914779,9.1591140996733529],[23.514917999949876,9.1575956000274381],[23.51428910019921,9.1572810995925327],[23.51071139968009,9.1617533003002638],[23.51071139968009,9.1674641003688393],[23.508331899934724,9.1717470997903874],[23.504048899746699,9.1731747997107256],[23.503741199812374,9.173194000395938],[23.503398499718074,9.1733061999176648],[23.501953600007756,9.1733965001187201],[23.495882300227372,9.1737759001210115],[23.487792300052377,9.1694928001391034],[23.482557300360487,9.1647339001617585],[23.480098400323772,9.1619677001577227],[23.47113580003797,9.1518849003237079],[23.468794399640405,9.1448606996601463],[23.468650099663087,9.1443002997922616],[23.466376799648849,9.1347528995773768],[23.467318599680929,9.1234537002957588],[23.467328800051007,9.1229047998004855],[23.46734350008234,9.108045799799072],[23.468262700298478,9.1048123999888215],[23.468976199789289,9.1019824000951477],[23.469184800276349,9.1011551002663307],[23.470659499799648,9.0952527997836263],[23.463997299903518,9.086211900290504],[23.463045799862975,9.0800251001754173],[23.454003800184122,9.0576584001764076],[23.454488300244417,9.0533682999833598],[23.45690699977386,9.0514869999346441],[23.458762300211628,9.0500439000327031],[23.45946539990641,9.0492462996513847],[23.462214400084349,9.0461312999499857],[23.465908100056129,9.0428497002305654],[23.466376799648849,9.0390989001880584],[23.464949300305609,9.0329119001108484],[23.459714299715422,9.0305324002032066],[23.458928399605981,9.0302266998456648],[23.451148499663649,9.0272011000308474],[23.445913700296114,9.0248215996984484],[23.442127499901243,9.0157313996561612],[23.44546719987067,9.0113710996719938],[23.458791700274237,9.0080400999898167],[23.468310199617438,9.0075641003292599],[23.475924699953019,9.005660600259306],[23.481635200382616,9.0013776004006605],[23.486869699712891,8.9942391001893611],[23.499242700075946,8.9856730997371717],[23.507809199915325,8.9799626003426258],[23.520182200278313,8.9766316000103821],[23.520594200007,8.9766610002306333],[23.533507200145195,8.977583099741647],[23.543501200226142,8.9856730997371717],[23.548736199918032,8.9928116002774807],[23.551591200401205,9.0004261001802259],[23.553970700146568,9.0085160999106844],[23.552995499853907,9.0147340999253718],[23.546356199811019,9.0237693002330293],[23.546356199811019,9.0275515997326394],[23.544928699569414,9.0346900998258626],[23.550639199999047,9.0427800997429681],[23.554922200187107,9.0518221002983079],[23.562536699624324,9.0546775998486098],[23.562789799955635,9.0545763997295037],[23.569656000066249,9.0518297996826682],[23.571102700000417,9.0437321004222309],[23.570626699799387,9.0361176001218269],[23.572979700142209,9.0285880998138843],[23.579166100161526,9.0218693004131953],[23.581096199719745,9.0137505999501215],[23.581708800437873,9.0127977996887996],[23.585337299787991,9.0071540999066215],[23.586331200309932,9.0042331001637024],[23.58822629970804,8.9999686004234594],[23.590614199599631,8.9980466000357833],[23.595373199988721,8.9961430995612499],[23.601084199881637,8.9942391001893611],[23.605842699909147,8.9904320997597811],[23.610125700097175,8.9856730997371717],[23.610522800368535,8.9849925001477775],[23.613401200168202,8.9800317000708691],[23.612925299680153,8.975272800401962],[23.608628799610045,8.9722038999967726],[23.606262799746695,8.9705139004158649],[23.603407700448876,8.9662309003456748],[23.600552099891107,8.9605201996719384],[23.599124499936526,8.9543335996880113],[23.597184500045593,8.9504536002758428],[23.596020100181054,8.948124800399551],[23.595793200113292,8.9476708995813059],[23.59554979979044,8.9471842998471747],[23.594833299926592,8.9457510997526359],[23.592793299578208,8.9415972997929476],[23.591034199724234,8.9381532001381103],[23.591034199724234,8.9362493998514907],[23.584847699991904,8.9281594002786093],[23.584371699790776,8.9229246998909453],[23.584067199655578,8.9221325001641443],[23.58199229975839,8.9167381003445616],[23.581709899975753,8.9141027002563664],[23.580871600237483,8.9062770999708292],[23.580564699803812,8.9034130999779268],[23.578471699752004,8.8993766001436665],[23.574748500004571,8.8921964996288061],[23.573902199870385,8.8905638997398047],[23.5712974996698,8.8862229996719524],[23.569619199682322,8.8834258999649069],[23.564860200191529,8.8777149001940217],[23.561116400278056,8.8712483001723346],[23.559625300212684,8.8686729002913047],[23.558459499874605,8.8674173998020063],[23.547251699775032,8.8553478997937098],[23.542170499744635,8.8512719001906959],[23.539638200162717,8.8491614002154027],[23.53812080012079,8.8484718003901293],[23.53440319957253,8.8467818996246663],[23.532219599932731,8.8461580003573754],[23.52774059992613,8.8448782997943614],[23.52687820018533,8.8448784000967802],[23.520602200402916,8.8448782997943614],[23.519650200000758,8.8434509001411712],[23.521568100437431,8.8401095001802457],[23.524547199583861,8.8379672000960223],[23.524941199769138,8.8376710996667125],[23.52546109973979,8.8369779996181244],[23.525720100205934,8.8366976000786259],[23.528907199764763,8.8323828000994471],[23.529168299593653,8.8320292997418655],[23.528692300290924,8.8267943999858751],[23.525837100381796,8.8182284001148883],[23.523457599738034,8.813469399792238],[23.523840099691103,8.8088966003804927],[23.525021899922656,8.8047916001698407],[23.525740100297412,8.8022965996484785],[23.527264700336374,8.7953853997976523],[23.523865200416768,8.7814097002457654],[23.522981700148314,8.7777775996116176],[23.522486800291954,8.775005900271557],[23.520602200402916,8.7644526004075534],[23.520698899551672,8.7632311996444781],[23.520940099900397,8.7603965995976498],[23.527282699879684,8.7501575000110705],[23.532555199743104,8.7486786004210977],[23.54159720032019,8.7443960998533559],[23.54211990033966,8.7443960004115837],[23.553541600088167,8.7443957997520929],[23.567818499745869,8.7462994003539993],[23.577336300199725,8.7520101002653057],[23.586854099755357,8.7586726002953394],[23.595561200309739,8.7605057003518443],[23.599173699766322,8.7591511002284292],[23.602987199962723,8.7534381002694133],[23.602987199962723,8.7472510997847603],[23.604383199880502,8.7425972999742232],[23.607746800426437,8.7379107996809573],[23.608185400168946,8.7373039003743447],[23.611077200137714,8.7344021004102057],[23.614408700285267,8.7305946001464321],[23.619167699776032,8.7258360996048854],[23.619167699776032,8.7263590002493387],[23.619690600119753,8.7258360996048854],[23.619690600119753,8.7334502997979087],[23.619690600119753,8.7405886998848494],[23.622546000353232,8.7477270999691559],[23.62492550009863,8.7543896003278547],[23.626829100254273,8.7610521003547337],[23.63016040007744,8.763431600277757],[23.633332300141713,8.7652442000982624],[23.636775699830906,8.7643830996254994],[23.640107199978463,8.762955599766542],[23.640935600282319,8.7617129997521399],[23.644640099800441,8.7560966003686875],[23.646312499653082,8.7528214998280855],[23.647040099998932,8.7513965996300769],[23.647228800107488,8.7510911003685266],[23.649624700395027,8.7472510997847603],[23.650108100019079,8.7464226995999628],[23.650535000103389,8.7456722002322156],[23.652740100021187,8.7417966001694527],[23.652926000081028,8.7415924001880132],[23.654303200056621,8.7401940997496705],[23.657714699671725,8.7367816001914669],[23.663901699765706,8.7291671003951556],[23.671991699940765,8.7191730996223296],[23.678654700235775,8.7144146000551928],[23.685317200169234,8.7091801003839109],[23.692930699781584,8.7029930995952611],[23.698166199835089,8.6987100998874389],[23.704352200104097,8.6944271000338187],[23.712442200279092,8.6920480996269571],[23.712964000186638,8.6920480996269571],[23.723388199863898,8.6920480996269571],[23.72862319955572,8.6929990998961291],[23.739568200213885,8.697282600028494],[23.747182699651137,8.7025176000189273],[23.755272699826133,8.7077520996879176],[23.765742199746558,8.7125110996202242],[23.777163700069107,8.7158421002581576],[23.784302699666881,8.7182221001655495],[23.792868199681354,8.7196496000309178],[23.801910200258508,8.7210770997689639],[23.810952199937365,8.7225046002667916],[23.817614699870756,8.722980600075271],[23.823801199603118,8.724408100400332],[23.833795199684129,8.7253600998850036],[23.841409700019646,8.7272640995623156],[23.848072199953105,8.7296435995920909],[23.848513599744365,8.7296142000443631],[23.85521019972601,8.7291671003951556],[23.857114199631891,8.7286916003777151],[23.859382300197232,8.7269903998456684],[23.860921199618929,8.7258360996048854],[23.86330070026262,8.724408100400332],[23.867583699552316,8.722980600075271],[23.872342199579823,8.7210770997689639],[23.877101199968916,8.7196496000309178],[23.882812199861835,8.7186976001965384],[23.888522700291432,8.7177455997123197],[23.893757699983318,8.7158421002581576],[23.898516700372443,8.7134626002041191],[23.908034199890679,8.7058485999727235],[23.913744700320343,8.7025176000189273],[23.918979700012166,8.7010900995801173],[23.924690699905081,8.6991860997929997],[23.932780700080077,8.696330600101648],[23.943726200201564,8.693475599895633],[23.951816699839878,8.6901441000596424],[23.952188899709896,8.6902061003909203],[23.960382199854351,8.6915715995883573],[23.968948699693694,8.6929990998961291],[23.97323169988179,8.6953786004195148],[23.980845699855724,8.6987100998874389],[23.987508199789147,8.6991860997929997],[23.993695199883096,8.7001380995648265],[24.003688699602524,8.7034691002711035],[24.009399200032057,8.7048965996287411],[24.015586200126101,8.7091801003839109],[24.019393200113065,8.7134626002041191],[24.025579699845398,8.7172701002458144],[24.025937000258089,8.7171679997734834],[24.028911199992951,8.716318099676382],[24.037477200369008,8.7134626002041191],[24.043187699900308,8.7101310997574117],[24.047293299887738,8.7064823997584231],[24.04747070008834,8.7063245996803786],[24.049374699994289,8.7020410999794873],[24.050305899906053,8.6978477997789376],[24.050334000106428,8.6934452002861082],[24.051231199682952,8.6894015001064151],[24.051277700075303,8.6891920997572889],[24.054609200222824,8.6858610999897579],[24.059367700250331,8.6844336000325342],[24.066506699848208,8.6830060999711289],[24.074596700023168,8.6820541001978011],[24.077451699607977,8.6815780998494176],[24.082210699997134,8.6801500996214376],[24.082663399696347,8.6801715001639614],[24.09129989985588,8.6811022001318232],[24.100571400225228,8.6834200997288811],[24.100817599698498,8.683481699787567],[24.104871599557651,8.6825807002383151],[24.105100800210845,8.6825297997914088],[24.116046100008013,8.6844334002289578],[24.128895399711098,8.6882405996493315],[24.140792600197415,8.6906201001921826],[24.15364180018749,8.6949031000542494],[24.160304300120981,8.696806699822087],[24.169870199968397,8.6972622003344817],[24.176437200003988,8.6958551000567663],[24.182148199896904,8.6953786004195148],[24.187858700326505,8.6944271000338187],[24.195948699603203,8.6929990998961291],[24.196400800126153,8.6930119998103574],[24.203610400118741,8.6934754000969026],[24.210748799641955,8.6953788996721926],[24.214079999752144,8.6977584001759105],[24.221218400173655,8.7025172998840024],[24.224073800407137,8.7082280996376529],[24.227880900107113,8.7144147003928882],[24.234067499552488,8.7158423000450824],[24.242086399869347,8.7172574000659537],[24.249295900148958,8.7167941002641864],[24.254530899840848,8.7144147003928882],[24.261193399774271,8.7101315996762469],[24.264048800007753,8.7063243998884676],[24.264048800007753,8.7015656000817128],[24.264048800007753,8.7006138001826354],[24.263572799806692,8.6963306995563592],[24.26024149998349,8.6901442004038412],[24.25738630007433,8.683481699787567],[24.252151400095418,8.6739637998024737],[24.250248000264094,8.6673012997131043],[24.248344300395473,8.661114700410554],[24.246440599628524,8.6568316996602093],[24.244061300207413,8.6525486998973236],[24.2388264002286,8.6520727998366507],[24.234067499552488,8.6511209002205298],[24.228832499860598,8.6482655999031266],[24.224549600283915,8.6449343999477186],[24.22405850030124,8.6429696997895782],[24.223648299898105,8.6413287999598634],[24.227930199649922,8.6427359001601634],[24.231292200296259,8.6439221999385314],[24.234065199865316,8.6449011997546208],[24.234840700178765,8.6451748998823614],[24.235530500315786,8.6453358002919689],[24.237343599698079,8.6457587998694816],[24.240938800297258,8.6465976003936778],[24.243122199612774,8.6476402000869808],[24.244176599872468,8.6479834996859779],[24.246556099617862,8.6517906998069769],[24.28187180014778,8.6878578000448989],[24.291289999894595,8.6974762998314876],[24.347445200169521,8.753631599582631],[24.375522799857798,8.7826610003063514],[24.383613100070125,8.7897995004257066],[24.395034499781332,8.7945583001224534],[24.418829100179916,8.8021725998941509],[24.425967499703095,8.8069314997485613],[24.478791499867832,8.8254913004262061],[24.489736999989319,8.8288225998140994],[24.491164699656878,8.8297743004015015],[24.512579800310064,8.8373885995851413],[24.520194100321358,8.8407198003562595],[24.526856600254753,8.8450028000292988],[24.532567300110404,8.8535689996079387],[24.579204699931406,8.924000999869163],[24.579680600419486,8.934470599885266],[24.577301200387069,8.9539822003104668],[24.57397000027688,8.9668313003846265],[24.569210999887755,8.9782526999655428],[24.564452100110007,8.9882464996516163],[24.562548499954328,8.9930052999411529],[24.563976199621891,9.0006195996851162],[24.557789600176513,9.0153723002057564],[24.557313699688496,9.0206071001173793],[24.551602999832845,9.0344079999692735],[24.550175300165286,9.0401187000411731],[24.547319999644849,9.0444016996028438],[24.545416299776161,9.0524917997495713],[24.543037000355117,9.0629616001704516],[24.545416299776161,9.0696239998799637],[24.544940499899454,9.0729551999374536],[24.547319999644849,9.0891356000882126],[24.548271700009643,9.0948463001492712],[24.548271700009643,9.1000811001976452],[24.548747599599427,9.1000811001976452],[24.547319999644849,9.1062677000643877],[24.549223500087479,9.112454300184849],[24.554458300353314,9.1253035003297427],[24.557789600176513,9.136249000007755],[24.561596699876524,9.1538570000064379],[24.563976199621891,9.167181999679137],[24.565403799576504,9.177175700421957],[24.565403799576504,9.1847900000999303],[24.572542199998011,9.2019221002606812],[24.578728800341683,9.2138193000176258],[24.583011799631379,9.2233371999634333],[24.583011799631379,9.2285720001112566],[24.587294799819411,9.2404692999248894],[24.588722600098343,9.2442764998226394],[24.590150200052889,9.2490352999299557],[24.595385100031734,9.2547460996002755],[24.60109570017438,9.2675951997446386],[24.604903000198643,9.2766370996581706],[24.610613600341249,9.2899620998997818],[24.614420700041194,9.2966245996941872],[24.620607300384933,9.3099495999285207],[24.625842200363778,9.3208950999709597],[24.626318099953497,9.3270817002420774],[24.616800199786624,9.339930799828851],[24.609186000386668,9.3461172998443178],[24.602523499554948,9.3546835003001529],[24.600143999809585,9.3608700996658314],[24.596336800396561,9.3708637996543001],[24.597288599576103,9.3699119997746489],[24.596336800396561,9.3765744998125324],[24.60109570017438,9.381809300027923],[24.610613600341249,9.3889476998391235],[24.621083199974652,9.3960860997161859],[24.629173500186976,9.4003690998505078],[24.637739499664736,9.4060798003379027],[24.64678150024189,9.4103627999430195],[24.656299200084511,9.4165495001281574],[24.662485800428179,9.4232119996039341],[24.665341199763368,9.428446700421496],[24.670100100439377,9.4303502999822424],[24.675335000418254,9.4355850998529114],[24.684852799973822,9.4446270999514486],[24.694370600427749,9.4512896001543893],[24.702936699618519,9.4574761996720209],[24.710075100039997,9.4622351003048397],[24.724827699861429,9.4722287996597032],[24.731966100282971,9.4769876997615867],[24.739104499806114,9.4822225998217391],[24.746242799616351,9.4931681002336177],[24.750526000128666,9.5031618003675149],[24.750526000128666,9.5117277997095382],[24.754333099828642,9.5193422001236545],[24.753381299750803,9.5288599996571506],[24.75290530044807,9.5350466002480019],[24.75290530044807,9.5421850001913349],[24.754809000316726,9.5536062998924276],[24.754809000316726,9.5574135996131968],[24.751953600083244,9.5636000998475748],[24.75147769959516,9.5678831997041431],[24.753381299750803,9.5769250996026258],[24.753381299750803,9.5831116999354204],[24.749574100337881,9.5902501000016613],[24.748622300260045,9.593105499980501],[24.746718799817412,9.6030992002755617],[24.743387599707155,9.6092858003651713],[24.739104499806114,9.6149964997382895],[24.734821499618086,9.6188036003455988],[24.732441999872723,9.6268937996268313],[24.734345600028366,9.6330803000045506],[24.734821499618086,9.6373635000524729],[24.73529730039316,9.6397428000088325],[24.73529730039316,9.6416464996011921],[24.741008099961757,9.6516402001477708],[24.744339300072014,9.6549714997563552],[24.74148399955158,9.6625856999629658],[24.740056299883953,9.6663928001159753],[24.740056299883953,9.6859044997838328],[24.741008099961757,9.6963741001906865],[24.739580500007243,9.7120784996394072],[24.738152699728342,9.7187409999198913],[24.734345600028366,9.7282587997988319],[24.728158999684695,9.7301623003406661],[24.724827699861429,9.7296864997094108],[24.722924200317092,9.733017699929059],[24.72244829982904,9.7363489997347887],[24.719593000206867,9.7406320995979865],[24.720068800083681,9.7444392002145044],[24.725779599652242,9.7506256996181229],[24.732441999872723,9.7506256996181229],[24.741959800326587,9.7572882003163635],[24.740056299883953,9.7629990002692573],[24.737201000261781,9.7672820003315088],[24.738628600216394,9.7691856003923778],[24.75147769959516,9.7691856003923778],[24.758140200426915,9.7653785000456832],[24.762423199716647,9.7634748003062821],[24.767658099695492,9.7734685996281687],[24.769561600138125,9.7748961997841999],[24.775272299993777,9.7739444997828588],[24.781459000050461,9.7772757003540089],[24.784314199959624,9.7810827999810446],[24.786693699704983,9.7853657999999903],[24.787169600193035,9.7891730999512863],[24.790025000426517,9.7920282999555344],[24.793832100126494,9.7929801995676353],[24.799542799982081,9.796787299781915],[24.800494600059984,9.7996426998477872],[24.801446300424779,9.8048775002768735],[24.80620529991554,9.8034497997370647],[24.81001250022679,9.8029740002839016],[24.821433800225055,9.8162987999878002],[24.823813299970418,9.822009599564268],[24.820006200270441,9.8329550997537005],[24.819054499905647,9.8367621998561514],[24.827620500281736,9.8500871998938777],[24.832379300346542,9.8524667002671418],[24.841897199615119,9.859129200082819],[24.848559700446874,9.8676951999822275],[24.849035600036629,9.8719782000418963],[24.853794600425683,9.8762613001465738],[24.866167699603423,9.8824480001146338],[24.879968599958389,9.8881585999236563],[24.885679299814008,9.8900621999402389],[24.890914100079875,9.8952970002032234],[24.896624799935431,9.9024353002083636],[24.906618599692123,9.9081461002841777],[24.914708699580128,9.9110015002074974],[24.918040000301627,9.9124290997005229],[24.920895299923799,9.9143326996706058],[24.922322999591358,9.9200432996289614],[24.924226599747001,9.9228987003252183],[24.93564800035654,9.9276577004336382],[24.939930999646304,9.930513000220385],[24.946117599989975,9.9319406996150281],[24.94992469968992,9.9357477997058528],[24.951352499968788,9.9414586003459746],[24.953731800288192,9.9457416001866683],[24.955635500156848,9.9505004997366235],[24.957063100111462,9.9538316996666758],[24.960870300422716,9.9571630000945586],[24.964201499634608,9.9600182995826021],[24.967056800155078,9.9628736997203653],[24.96896050002373,9.9719156004171037],[24.971339999769128,9.9757226997579274],[24.978954200067378,9.981433499788082],[24.980857699611715,9.9866682999464018],[24.982761299767326,9.9928548001534274],[24.986568500078612,9.9952343003820658],[24.993231000012035,9.9957101999303521],[24.997038099712015,9.9976138000033323],[25.002748799567666,10.002848599804258],[25.003224700055682,10.007131700324317],[25.005128199600019,10.01236649975873],[25.003700599645473,10.020456600396649],[25.005604100088103,10.024739700268778],[25.007507700243778,10.028070999864717],[25.007983599833498,10.032353999985961],[25.007507700243778,10.036161100415146],[25.008935300198296,10.039968200303178],[25.011790700431774,10.041871799794754],[25.016549699922567,10.039968200303178],[25.022260300065177,10.036637000080058],[25.027019299556002,10.033305700119767],[25.03273000030989,10.03378159955882],[25.035109500055285,10.038064700184677],[25.034633599567236,10.048534299633902],[25.033205800186664,10.052341499800637],[25.030350600277536,10.059479800286244],[25.030826499867256,10.065190499919748],[25.030350600277536,10.071853000037704],[25.031778200232115,10.074232500073396],[25.037488999800715,10.079943200394371],[25.047006699643266,10.091840499571079],[25.05319329998694,10.09659930005248],[25.057952300376062,10.112303800241301],[25.059380000043621,10.121345799988832],[25.056048700220419,10.131339600332604],[25.050338000364832,10.140857300017599],[25.04557909968872,10.149423499861266],[25.042723700353537,10.156561800142338],[25.040344300321184,10.160844799872233],[25.039392500243348,10.165603699562693],[25.037488999800715,10.167983199758291],[25.031778200232115,10.168459099792807],[25.028447000121858,10.171314500141481],[25.028922799998636,10.173694000234729],[25.031302299744031,10.17702520036779],[25.034157699977513,10.179404600422632],[25.034633599567236,10.183687699677987],[25.034157699977513,10.187494799746776],[25.034633599567236,10.187494799746776],[25.041296100398956,10.202723299610431],[25.041296100398956,10.206054600422322],[25.042723700353537,10.209385800056392],[25.047482699844331,10.213192999628555],[25.05319329998694,10.216048299777276],[25.057000500298258,10.219855500027672],[25.057952300376062,10.224614300058121],[25.057476300175036,10.226042099616611],[25.058904099555605,10.22937330019673],[25.060331700408447,10.231752799597738],[25.060807599998235,10.235559999903057],[25.062235299665794,10.23651169979977],[25.065090699899276,10.23746350027136],[25.067946000419745,10.237939299984999],[25.068421999722478,10.239843000006807],[25.066518299853822,10.242698300101166],[25.064614800309489,10.245553700010516],[25.066518299853822,10.247933100139516],[25.068421999722478,10.249836700375239],[25.070325500165108,10.251740199893087],[25.070801300041886,10.254595599655724],[25.072229100320783,10.25602329960704],[25.073180799787281,10.259830500122339],[25.073656700275301,10.264113500112646],[25.073656700275301,10.267444700121372],[25.082222800364431,10.275058999681029],[25.084115000000743,10.276680900110561],[25.088885300297825,10.280769699881894],[25.092692499710783,10.285052699931537],[25.092692499710783,10.29457059985573],[25.094120099665364,10.297901800400735],[25.098879000341476,10.300757200277211],[25.101734299963645,10.305991999584823],[25.098879000341476,10.310750799798624],[25.098403099853389,10.313130300210691],[25.100782599598787,10.31550980031656],[25.106493300352735,10.315033999835668],[25.110300499765724,10.313606199902903],[25.122197700252041,10.315985699947069],[25.127908499820606,10.31550980031656],[25.132667299885409,10.31693749970105],[25.132191500008631,10.32026869972503],[25.126956699742799,10.325503599751634],[25.12552900007524,10.329786599851875],[25.128860200185432,10.331214199971127],[25.133143200373457,10.32931069988943],[25.138853999942089,10.330738300402574],[25.146468200240378,10.33311779987686],[25.152178999808974,10.333593700260932],[25.158841499742369,10.334069599924291],[25.17121459981847,10.327883000098387],[25.178353000239909,10.32502770037665],[25.183111999730738,10.321220499781978],[25.186443199840927,10.321696500365061],[25.18691910032901,10.324551700415633],[25.18834670028356,10.328834800090414],[25.190250300439203,10.332166100345109],[25.204051199895872,10.336925000441687],[25.206906600129287,10.342635699743472],[25.209762000362769,10.345015100252052],[25.214520800427575,10.344063299794481],[25.214520800427575,10.337400799615637],[25.219279700205391,10.338352599943224],[25.223562700393416,10.34073210007306],[25.22879760037226,10.342635699743472],[25.234032500351137,10.34358750011088],[25.237839600051117,10.344063299794481],[25.242598499828865,10.347870500212583],[25.249260999762324,10.351201700165484],[25.254495700315179,10.351201700165484],[25.257827000138381,10.346918699577651],[25.259730600294024,10.34358750011088],[25.275435099906272,10.341683800164805],[25.291139499805571,10.341208000409807],[25.297326100149245,10.339780299887021],[25.303036700291816,10.338352599943224],[25.308747499860484,10.34073210007306],[25.315409999793875,10.34358750011088],[25.319217100392152,10.342635699743472],[25.324452000371029,10.340256199898727],[25.329210800435831,10.34073210007306],[25.332066199770949,10.339780299887021],[25.33587330036929,10.336925000441687],[25.339680499782247,10.335973200206984],[25.344439299847018,10.337400799615637],[25.347770599670252,10.339780299887021],[25.349674199825895,10.343111599846104],[25.352053699571293,10.345491000282154],[25.355860800169566,10.344063299794481],[25.357764299713899,10.345491000282154],[25.359192099992768,10.350249999773112],[25.362523300103025,10.354057100376949],[25.379655500281128,10.361195500399349],[25.387269699681116,10.359767799820141],[25.397739300212816,10.360719600339884],[25.405829499813834,10.363574999575873],[25.410112500001858,10.365002599744333],[25.415347300267694,10.362147200263532],[25.418678600090896,10.362147200263532],[25.422961600278992,10.366430199592537],[25.424389299946551,10.367857999707473],[25.426800999803305,10.366853100201698],[25.430099999802138,10.365478500367672],[25.432955300322607,10.362147200263532],[25.435810699657754,10.364526700165374],[25.43866609989124,10.365954300415117],[25.444376700033814,10.367857999707473],[25.449611600012723,10.367857999707473],[25.453894600200755,10.366906199666593],[25.456750000434166,10.368809699654527],[25.460081199646126,10.372616800111841],[25.462936599879541,10.374044600290793],[25.46769549965736,10.372616800111841],[25.470550800177829,10.372140999584222],[25.475309699955645,10.373568700315868],[25.479592799856682,10.372616800111841],[25.486731200278157,10.371189200191591],[25.496248999833725,10.369285599794663],[25.50005610043203,10.368333799674589],[25.502435600177392,10.366906199666593],[25.506718600365424,10.367857999707473],[25.511477599856249,10.364050799863499],[25.514808799966438,10.359767799820141],[25.516236499634065,10.361671299881978],[25.518140099789676,10.364526700165374],[25.520519499822093,10.366906199666593],[25.523850699932282,10.364050799863499],[25.525278500211151,10.363099099595591],[25.527657799632262,10.364050799863499],[25.530513199865741,10.363574999575873],[25.532892699611139,10.361671299881978],[25.535272200254798,10.360719600339884],[25.543838199732559,10.363574999575873],[25.547645300330899,10.364526700165374],[25.549549000199519,10.365954300415117],[25.551928299620634,10.366906199666593],[25.551928299620634,10.371189200191591],[25.554783699854045,10.374044600290793],[25.557163199599444,10.373092699766765],[25.559066799755087,10.368809699654527],[25.561446199787504,10.367382100048655],[25.564301600020986,10.370237500407748],[25.567157000254397,10.371189200191591],[25.571440000442429,10.371189200191591],[25.576198799608935,10.374044600290793],[25.579054199842382,10.374520500425714],[25.580482000121282,10.376424000064207],[25.583337299743423,10.377851699812718],[25.585240800186053,10.378327600342867],[25.588096200419535,10.37880350014907],[25.593806999988136,10.382134699878723],[25.596662199897295,10.385466000198862],[25.59809000017616,10.386893600353378],[25.60189709987614,10.386893600353378],[25.605228299986429,10.384990099927863],[25.608083700219812,10.385941799899065],[25.610939099554994,10.388321300018726],[25.613318499587379,10.391652599792241],[25.617125600185656,10.393556100281419],[25.619981000419134,10.394508000359979],[25.623788100119114,10.394983800429497],[25.625691700274725,10.396411500236631],[25.630450600052541,10.395459699617781],[25.63378180016273,10.394983800429497],[25.637113099985996,10.395459699617781],[25.63949259973139,10.396411500236631],[25.642347999964809,10.397839199701526],[25.643299700329667,10.398791000136082],[25.645203199874004,10.399266799864886],[25.647582699619399,10.399742699594171],[25.650914000340897,10.400694500410495],[25.653528099614313,10.401366500055225],[25.657330299902721,10.399465300247757],[25.661132699617117,10.401841700344443],[25.664934999618538,10.40374299965489],[25.667786699691337,10.402317099592686],[25.671589100304068,10.400416000115346],[25.674440800376907,10.400416000115346],[25.676342000234069,10.398514699978042],[25.677767799964833,10.398990099875183],[25.683471299823449,10.400416000115346],[25.688224199753453,10.399465300247757],[25.691551200239743,10.398990099875183],[25.693927699612068,10.40089120008451],[25.695828799756292,10.40611930003106],[25.698680600440369,10.410397000105053],[25.702007600028367,10.412298199564811],[25.704384100298988,10.415625199601248],[25.706285200443208,10.416575700022104],[25.711513499601345,10.417526300031064],[25.713889800446044,10.415625199601248],[25.716741600231828,10.415149800315282],[25.720543999946258,10.416575700022104],[25.723871000432482,10.418001600273461],[25.729574500291104,10.416575700022104],[25.731475600435321,10.413248700411073],[25.735278000149719,10.410872299731379],[25.738604999737646,10.408495799657315],[25.741456699810485,10.406594699830862],[25.74383310036816,10.40516880042996],[25.747635500082559,10.406594699830862],[25.753814199743324,10.408495799657315],[25.75761660035602,10.409921699754376],[25.76236950028602,10.410397000105053],[25.768073000144636,10.412298199564811],[25.770449300091006,10.415149800315282],[25.776152799949624,10.416100500092416],[25.781381100006026,10.414674599978763],[25.784708099593988,10.412298199564811],[25.787559799666795,10.412298199564811],[25.790411600350904,10.415149800315282],[25.791837499794678,10.419427500184945],[25.792312699596796,10.422754599927686],[25.793738599938902,10.426556800245683],[25.798491499868902,10.427982699866195],[25.800392600013122,10.425606200404809],[25.804194999727521,10.427982699866195],[25.807046699800289,10.431309700253982],[25.809423100357964,10.434636700414435],[25.810848999801742,10.438914300417236],[25.813225500072363,10.439865000072491],[25.816077200145202,10.436538000168772],[25.817027700360807,10.434161499774262],[25.819879500146584,10.430834499833891],[25.822256000417273,10.430834499833891],[25.824157099663132,10.432260300347556],[25.825107699591747,10.435112099990237],[25.826533599933821,10.436538000168772],[25.828434700078041,10.437013199829259],[25.831761699665968,10.437013199829259],[25.834138199936593,10.433211000019069],[25.834138199936593,10.430834499833891],[25.835564100278663,10.433211000019069],[25.839841699795208,10.434161499774262],[25.842693499581021,10.433686200344063],[25.844594599725212,10.436538000168772],[25.849347499655245,10.438439100127599],[25.851723999925934,10.438914300417236],[25.855526200214374,10.435112099990237],[25.857902699586699,10.433211000019069],[25.861704999588085,10.435112099990237],[25.864556699660856,10.436062600121701],[25.868834300075765,10.434161499774262],[25.869784999717325,10.430834499833891],[25.872161299663691,10.42750749966798],[25.876438999791546,10.427032099961368],[25.880716600206455,10.426081599638255],[25.884994199723003,10.426081599638255],[25.889747099653004,10.424180299620046],[25.891066200189258,10.422597499846459],[25.892123599923625,10.421328700223803],[25.895925800212066,10.418952200350382],[25.900678799855079,10.416575700022104],[25.904481099856465,10.415149800315282],[25.907332799929303,10.413248700411073],[25.910659800415527,10.411347600400276],[25.911610500057119,10.409446500285297],[25.914462200129925,10.409921699754376],[25.918264500131343,10.407545200388927],[25.921591600330647,10.40374299965489],[25.923492699576503,10.398039499925865],[25.926344500260651,10.387583100079002],[25.929671499848578,10.379978500307033],[25.932523199921416,10.375225599593502],[25.93249550036958,10.372929499714854],[25.937585699722469,10.377949999860782],[25.970266199552949,10.49545139993503],[25.970886199694064,10.497680700413261],[25.84509279999191,10.658691400295364],[25.809082000163095,10.698486299880724],[25.786926299643628,10.725097699572501],[25.770690900190004,10.752075199668319],[25.765106499870065,10.76518430042398],[25.750488299693277,10.799499500083352],[25.697326700068356,10.934509299939702],[25.694139599611198,10.945409799952676],[25.696473299650147,10.950054800169369],[25.697516799752162,10.95213180023833],[25.706639000121214,10.970288900308875],[25.707422799969542,10.973594000274753],[25.708007100162941,10.976110199627353],[25.709165299855382,10.981096800404281],[25.709692699860401,10.983367299892832],[25.714977999818267,11.006123400117522],[25.715855299914651,11.009900700209483],[25.71498179969192,11.013460000331534],[25.71497910025451,11.013471000417224],[25.7106714997024,11.031023499724782],[25.706883100231668,11.046460699823907],[25.705052000407701,11.05366289974106],[25.703985300415148,11.054819800059887],[25.699927799821275,11.059220399624488],[25.688450499746555,11.071668300417553],[25.667942899651244,11.098222899930812],[25.664786500017254,11.102309999723339],[25.664646800312472,11.102490999605916],[25.656651199599096,11.113111100418108],[25.645237599959451,11.128858200291699],[25.643541400141679,11.131025500273633],[25.641162699896896,11.134064999572978],[25.640843099980025,11.134473400202577],[25.636673300094198,11.136701600099197],[25.637262700023523,11.13998439974811],[25.637263999885722,11.139991199666415],[25.637585000276104,11.141779300316719],[25.638818800386208,11.148650700091062],[25.63892979981599,11.148872599895192],[25.637974400188849,11.148292999566706],[25.637179700182841,11.147810799571788],[25.618379599813256,11.136405000291633],[25.61567399994162,11.134763600333168],[25.615112299564199,11.134704599950988],[25.612734399718263,11.132980200329371],[25.612179300161515,11.13257759993866],[25.599121099934042,11.123107899562099],[25.572408399590135,11.126730000260237],[25.566711399940878,11.127502400242937],[25.544494599608999,11.157104500281486],[25.537719699772282,11.18530269961439],[25.537902799783399,11.19873049959833],[25.541870099641223,11.246276900329022],[25.549682600343548,11.283874499954646],[25.549682600343548,11.30712889974186],[25.531921399803437,11.328491200057254],[25.513488800216592,11.345275899729634],[25.389892599749363,11.400512700375536],[25.369873000448969,11.416687000261931],[25.309376099573782,11.525821400096525],[25.302673300318368,11.537902800119209],[25.300306800093502,11.556834999792791],[25.299072300195729,11.566711399810522],[25.296212700338351,11.572280299703591],[25.296212700338351,11.572280400029813],[25.294478700311711,11.575657100272325],[25.289600199735307,11.633836999936143],[25.286037399571772,11.699631000082327],[25.286430099894851,11.714322399946813],[25.288341400409148,11.78769450030495],[25.29092799955675,11.809856799809284],[25.291508700200815,11.814832600326337],[25.292476100421879,11.823121599861876],[25.30118329979091,11.866497899679715],[25.303478899583727,11.877933599603493],[25.305069600356216,11.890480900077739],[25.309694200202401,11.926505999591244],[25.310579000333053,11.973094100322239],[25.311053300023314,11.998068900081325],[25.311242600206533,12.00803260001423],[25.311169000336939,12.009656099917473],[25.309817800300635,12.039482100064069],[25.311245499968262,12.060183400325514],[25.310956299938962,12.065774200406604],[25.309750099667617,12.089095300066386],[25.309279299813685,12.098197100262171],[25.309103999874264,12.101586000353814],[25.306102999801162,12.165470700127685],[25.308327799773178,12.183084000234203],[25.309639400275163,12.193314200129436],[25.313922399564831,12.204735600169268],[25.315527699757375,12.206400400407782],[25.333196000124051,12.224723100125555],[25.360706399948715,12.241806700343059],[25.36221810018019,12.24274539980191],[25.362104299803324,12.243284199885021],[25.411004400416541,12.295868999675417],[25.422389100355161,12.319308099641837],[25.422508100180796,12.31955309971694],[25.427184699905531,12.32918140011798],[25.431026199691026,12.342242200410587],[25.436702600072469,12.361542099997068],[25.456690099872748,12.402468799798175],[25.451409100150155,12.41912420036118],[25.444316900083699,12.441491999809458],[25.443782999869352,12.442445199912212],[25.434855500354903,12.458387199887909],[25.430991900216817,12.465286599856364],[25.417666900349968,12.501454399738471],[25.416730500091038,12.513002799981432],[25.414811500116485,12.536670399890641],[25.417478999741991,12.569746399614884],[25.41957049960731,12.595681099644908],[25.446220399628036,12.617572099928164],[25.46711459958734,12.627564999746337],[25.468111499583951,12.628041700224752],[25.478581100115655,12.64802920013412],[25.478051699562535,12.650570099750315],[25.473822200337906,12.670871999781928],[25.462448099621302,12.686795799862377],[25.459545400393214,12.690859499674948],[25.46163769975912,12.70597060013958],[25.466334799936917,12.794032099669252],[25.464519799719465,12.836230900380878],[25.464304300170962,12.841241399580857],[25.460742100082125,12.873301399674189],[25.460007899813835,12.87990919960844],[25.4594059998274,12.885326399778082],[25.458326300314386,12.895044000042768],[25.457641800237539,12.901203899668653],[25.457181700217038,12.926838300284908],[25.457043300374483,12.934547800276423],[25.456964899908041,12.938919799989012],[25.456864499700341,12.94451149979662],[25.456845900082339,12.945548699999476],[25.456666999695184,12.955516499882831],[25.456638499744539,12.957100299605532],[25.456585200003722,12.960072899667676],[25.456565100199263,12.961193400370659],[25.458497800380215,12.969068499950893],[25.455202099893388,12.968417600320061],[25.447498699582351,12.966896199917452],[25.44291720000524,12.965991300268822],[25.441914699911049,12.965793299659307],[25.441480700441147,12.965707600310477],[25.440685500073521,12.965550600315479],[25.439835199741324,12.965382599776131],[25.43942660013602,12.965301899773744],[25.430114699833439,12.965881300435989],[25.413879400092828,12.967102100201377],[25.40547340044866,12.968252299709524],[25.402282700442164,12.968689000419467],[25.39068599989314,12.970275900145269],[25.380415399553016,12.972888600163648],[25.3787387003634,12.973218599850702],[25.36608890031528,12.975708000131682],[25.359678899740171,12.973608700381243],[25.359100300255548,12.973419199696789],[25.347595200017754,12.969421399898744],[25.34338590031059,12.967828700417853],[25.343047099802824,12.967701499683766],[25.335833099861983,12.965216399850133],[25.33032230030993,12.963317899691207],[25.326895399977527,12.963758699894335],[25.31735429992008,12.964986000398005],[25.300899999896412,12.967100700424949],[25.298776899994362,12.966211199991839],[25.297730599843565,12.965772999729383],[25.297111899564715,12.965513799706812],[25.296824100008926,12.965393200157505],[25.295649400061333,12.964901100025287],[25.294827199929539,12.964556600289884],[25.293854499648301,12.96414919956641],[25.291833000103203,12.963302199895633],[25.29136459964942,12.963104599840543],[25.290332400353726,12.962669100040838],[25.284553200364471,12.960230800435109],[25.28307009979665,12.959605099814366],[25.280812699963001,12.958652599784303],[25.273598300271786,12.955608800114732],[25.273195200152678,12.955438699669294],[25.272405699595566,12.955105600076985],[25.27008530001271,12.954126600383981],[25.267787200208438,12.953157000120974],[25.266649800108123,12.9526770998265],[25.265812100444382,12.952323699892007],[25.239929199979542,12.974487300375785],[25.20489500001867,12.978088399984868],[25.193695099703643,12.975982700322756],[25.182495099675702,12.973877000336051],[25.171386699958894,12.971374499863984],[25.163681900072678,12.96963879995384],[25.160278300242123,12.968872100272648],[25.15628049988538,12.967681900233826],[25.155264599622157,12.967379400224372],[25.154544200171642,12.967164999966215],[25.153487399613539,12.966850299638741],[25.15228270042704,12.966491699754204],[25.147705100436493,12.96490480040508],[25.147176200244992,12.964721399991287],[25.145223700296881,12.964044600249412],[25.143769399717105,12.963540400022865],[25.143127399834672,12.963317899691207],[25.137908900397967,12.961608900127692],[25.134967899701074,12.960645700378269],[25.13269040006297,12.959899900212076],[25.131829399897416,12.959519099812002],[25.131058199819272,12.959177900022611],[25.130258499790386,12.958824300083275],[25.130038900330998,12.958727100347684],[25.129759100272793,12.958603300413293],[25.129501200242963,12.958490600092125],[25.129164100246033,12.958371600067291],[25.128398200228133,12.958101000249654],[25.127124499647952,12.957651200129044],[25.125377899851159,12.957034200180304],[25.122736000414672,12.956101000031206],[25.117119799733647,12.954117199769142],[25.114508499610686,12.9531947997008],[25.10891370039305,12.95121859982749],[25.094829899893892,12.946243800275189],[25.092036000121364,12.945257000217545],[25.091704399610695,12.945146999981418],[25.088980500158392,12.945301900295826],[25.085479699919162,12.945526100275906],[25.084775499788137,12.945571199915891],[25.081799300403471,12.945761800391589],[25.079284700327563,12.945922899610977],[25.078120700213365,12.945992799823602],[25.067596400365638,12.946624799567216],[25.06703509973849,12.946658500268606],[25.055908200116725,12.94732670017299],[25.052490200292191,12.94732670017299],[25.042314900423978,12.947787400218838],[25.036910599742086,12.948032000020318],[25.033778000073163,12.948173900380334],[25.032785599737807,12.948218799933278],[25.032518899811375,12.948230899856227],[25.032072100246928,12.948251099661142],[25.030329199712479,12.948329999962974],[25.027866499802148,12.948441500230391],[25.023212199856026,12.948652200230544],[25.021484400001455,12.948730499831546],[25.021063900413598,12.948730499831546],[25.017303499633666,12.948730499831546],[25.015729200301653,12.948730499831546],[25.013707099783595,12.948730499831546],[25.013122600164206,12.948730499831546],[25.012845999905096,12.948754500019662],[25.012576400216933,12.948778000310904],[25.012327800445249,12.948799599950922],[25.011931099924162,12.948834099663856],[25.01150380008961,12.948871200397905],[25.010624099694777,12.948947699961238],[25.009578699655972,12.949038600122512],[25.008911099584555,12.949096699867365],[24.980894899745916,12.953309100125555],[24.966308599643156,12.966918900124528],[24.966003399720321,12.967241099976539],[24.957489000370803,12.976226799718232],[24.951477099891989,12.982727100214177],[24.943448999928254,12.994290800047217],[24.9432364998545,12.994596800059407],[24.943008599961868,12.994925099953551],[24.940009499825695,12.999245200132176],[24.939828800113055,12.999505399573144],[24.939674800127243,12.999709399714225],[24.939458399568558,12.999849800100151],[24.939149699809398,13.000050199885036],[24.93780140043312,13.000925299748397],[24.937625399807729,13.001039500331776],[24.935294000354251,13.002552599706824],[24.93512009998997,13.00266539996518],[24.933867899687854,13.003478099833176],[24.933034399648147,13.004019099721617],[24.932421900439625,13.004416599606895],[24.9321297997503,13.004606200058467],[24.93162959983383,13.004930800057407],[24.930481000436771,13.005676299671347],[24.930166999719102,13.005867800248344],[24.928334900070201,13.006985699749832],[24.928085799936838,13.007137700299626],[24.926879899702822,13.007873499735041],[24.924312899998021,13.00943990004512],[24.923588099700957,13.009882100232467],[24.923389500157921,13.010003000280033],[24.92268620013882,13.010242599806375],[24.922057600425489,13.010424799901948],[24.921577800350803,13.010563899722488],[24.917893300025863,13.011631999940493],[24.914172399965633,13.012710700046277],[24.911804200128156,13.013397199697044],[24.900328499952966,13.016724099787819],[24.890014599917851,13.021026600380193],[24.888511699582907,13.021653600011897],[24.881644300221435,13.024518399616181],[24.881366199775705,13.024634400130642],[24.880479700032542,13.025004200036211],[24.880177600195754,13.025130200390615],[24.879745100014006,13.025312099849231],[24.879436700292146,13.025461100346991],[24.875305200078436,13.027526900169383],[24.874049799977328,13.028178300330238],[24.869922099637275,13.030320100394841],[24.860503100389945,13.035207499650772],[24.85256420043893,13.039326900045918],[24.851074199911473,13.040100099671807],[24.842804899598978,13.045530499954596],[24.838606200012169,13.048235699564218],[24.831755399720429,13.052649600279004],[24.831371299867925,13.05289710010705],[24.828948500427465,13.05445799997417],[24.828292900051679,13.054873500157907],[24.827544800151031,13.055221999650001],[24.826934800055707,13.055502900168781],[24.826644600201469,13.055636500065786],[24.826255300001705,13.055815700180888],[24.823052099938032,13.057290499993588],[24.822186399786965,13.057689000337977],[24.81781939993331,13.059699599583469],[24.815190800054552,13.060909799685332],[24.81186469968025,13.062441100412652],[24.80776689976442,13.064327700299033],[24.806801700415843,13.064772100323157],[24.802542100442608,13.066733200391774],[24.799664800180853,13.068057899706112],[24.795613799796378,13.06992299971038],[24.792112899844202,13.071534799718592],[24.791857700150047,13.071652200111792],[24.791427099905157,13.071854699601859],[24.791067899555603,13.072215800149959],[24.790661100174148,13.072724800265147],[24.78915490032713,13.074609199609316],[24.788880100291838,13.074953100107532],[24.788089999660098,13.075941499970646],[24.783327900083322,13.081899500156871],[24.7801479996231,13.085877899879636],[24.779175699990532,13.087094499837333],[24.778945999874015,13.087381799573368],[24.778227999823645,13.0882801002811],[24.778057399869706,13.088493600345505],[24.77771029982712,13.088921299900743],[24.776859299707318,13.089395400401198],[24.77565060032282,13.090059300039348],[24.775047599900205,13.090390400027665],[24.772527900088409,13.091774199654566],[24.761418199611068,13.097875799877995],[24.759576499666689,13.098887200150843],[24.758836899625344,13.099293400134366],[24.758524199668177,13.099464899690568],[24.758224999593089,13.099487299888031],[24.757699600136274,13.099487299888031],[24.757113300293032,13.099487299888031],[24.75636520039242,13.099487299888031],[24.756035899568857,13.099487299888031],[24.754522499724839,13.099487299888031],[24.752333399700539,13.099487299888031],[24.750268000385788,13.099487299888031],[24.7490164001583,13.099487299888031],[24.745328300284022,13.099487299888031],[24.738296999705661,13.099487299888031],[24.734774199725152,13.099487299888031],[24.733678399707259,13.099487299888031],[24.733231300105551,13.099487299888031],[24.732901499818599,13.099492000062009],[24.732553399951112,13.099641299659297],[24.732305299642682,13.099748300273351],[24.731979300127751,13.099888999950961],[24.730848700274102,13.100376999576467],[24.730246099601697,13.100637099585125],[24.727514300364817,13.101816000245366],[24.727111800320266,13.101989700244241],[24.726278099956236,13.102349500245438],[24.723117600411296,13.103713499633894],[24.721355899934562,13.104473900417856],[24.71851579980698,13.105706999578432],[24.717962300149757,13.105947299848387],[24.716944499949673,13.106389099841168],[24.716420899818345,13.106538100409246],[24.715854099704998,13.106608900210643],[24.713500999649138,13.106903100368578],[24.711593100156584,13.107141599776284],[24.710327099935057,13.107299799583831],[24.709454700148569,13.107378000040647],[24.706558899981893,13.107637600076771],[24.70624620002469,13.10766569957093],[24.705181499681977,13.107761099765947],[24.703123300364297,13.10794569956345],[24.702384799860763,13.108011899563147],[24.701477099876865,13.108093300209964],[24.701050799867254,13.108150599725695],[24.700166800135442,13.108269600379922],[24.699952499837902,13.108298500342737],[24.699619199714697,13.108343399742276],[24.698813100087719,13.10845189966426],[24.698413199767668,13.108505000416555],[24.696987199712584,13.108593899727758],[24.696198999916007,13.108637899669258],[24.695713800068138,13.108664999905626],[24.693906800246534,13.108765799635238],[24.693258000117403,13.108801999757178],[24.69119259990439,13.108917200380533],[24.687785299913184,13.109107299839176],[24.686760500040414,13.1091645002546],[24.686018499700594,13.109205899877068],[24.685027499838714,13.109261199976768],[24.684521000037133,13.109289499638626],[24.684310799650511,13.10930119973589],[24.684102599812093,13.109312800093402],[24.683824399653421,13.109344300149148],[24.682613699720811,13.109486999620628],[24.682407699856487,13.109511200332783],[24.681555300161506,13.109611699623802],[24.681205900431721,13.10965289969308],[24.680750999860049,13.109706400016957],[24.679781200238939,13.109820699942047],[24.679427800311174,13.109862299806782],[24.678817500178546,13.109934299892368],[24.678503800396477,13.109971199764074],[24.678229799861768,13.11000350027069],[24.677808400161986,13.110053199945181],[24.677504400388372,13.110089000047664],[24.677205800387913,13.110124199962446],[24.676639900386494,13.110190800080908],[24.675890799762676,13.110279100350642],[24.674615399570023,13.110429400414942],[24.673358999644012,13.110577400275469],[24.670380499673847,13.110928299625952],[24.668455000388231,13.111155200110995],[24.664428900405163,13.111629599884052],[24.66393929971068,13.111676099735334],[24.66159820024874,13.110571499950556],[24.661358400373526,13.110453399807183],[24.659084599997701,13.109334200253969],[24.658445400164087,13.109019600208899],[24.654331300317395,13.106994499883818],[24.652962600201068,13.106320799608726],[24.652126200399625,13.105913999654502],[24.651237400070997,13.105766599806737],[24.650288000291603,13.105623999668076],[24.649259500258189,13.105469600302262],[24.64828179995407,13.105322800382362],[24.645265000311856,13.104869900113123],[24.642473400226496,13.104450799861832],[24.640106200213957,13.104095500036001],[24.637389000397071,13.10368750038206],[24.636637699799099,13.103574699853993],[24.632590599899618,13.102967200323777],[24.629079999938956,13.102440100017011],[24.628480299926647,13.10235009957195],[24.628190300396696,13.102308800288068],[24.626422099710563,13.102506599848349],[24.626177500136855,13.102537199598908],[24.625119300003508,13.10266959986552],[24.624568600395005,13.102738600178402],[24.623872300048589,13.102825700097055],[24.61929560016997,13.103398600178251],[24.618593699726112,13.103486500419738],[24.616892299561144,13.103699499969871],[24.611146000369114,13.104418799599323],[24.60971030030564,13.104598499720723],[24.608302500118249,13.104774700028885],[24.605400199742071,13.105138000010697],[24.5928836000876,13.106704800391197],[24.591098999757659,13.106928199870346],[24.588657700412273,13.107233700007299],[24.587761799799654,13.107345900418832],[24.586095000044484,13.107554500202879],[24.585169700267553,13.107670399588729],[24.584705300011745,13.107729899601686],[24.58438510002031,13.107810600413933],[24.581637399704572,13.108502499931586],[24.578047800101164,13.10940639997226],[24.575961600296086,13.109931699683054],[24.574695800398878,13.110250499836784],[24.56794489995325,13.111950500210083],[24.565991000429964,13.112442500427555],[24.563070800223457,13.113177899608432],[24.561466899606156,13.113581800417576],[24.561121800111639,13.113668599910497],[24.560841900340527,13.113739100197764],[24.559741800087391,13.114016200024105],[24.559509299922158,13.114074700255753],[24.559302799696212,13.114095400092133],[24.558730299772421,13.114152600222528],[24.558257800305981,13.114199900118411],[24.55747729996969,13.114277899782611],[24.556939599881652,13.11433170006142],[24.556650699889648,13.114360600186927],[24.555852100297038,13.114440400315843],[24.55528669975887,13.114497000194238],[24.554968399704233,13.114528799671943],[24.554198300062335,13.114605800112461],[24.553855800292251,13.114640099998701],[24.553548500108271,13.114670799727095],[24.553259500403321,13.114699699812629],[24.552108000346237,13.114814799686814],[24.551641499829312,13.114861500159407],[24.551350200437199,13.114890599696253],[24.550834100340168,13.114942200381863],[24.549307799790366,13.115094900027715],[24.542425299748917,13.115783100180465],[24.521880600130679,13.117837600034841],[24.520609699599351,13.117964699956921],[24.51312260013399,13.118713399909764],[24.505705100340244,13.119701299579065],[24.501084100043364,13.120316699810463],[24.49853859971833,13.120655700236],[24.486083999988097,13.122314499847908],[24.485409400244031,13.122354699575997],[24.481478999584784,13.122589400242102],[24.47887859961947,13.122744599852622],[24.468706099799974,13.123351900061229],[24.464499900178865,13.12361319969747],[24.458860999968948,13.123963500417553],[24.457110199649865,13.124063699851652],[24.449253400326004,13.124529999850816],[24.448525700267176,13.125033800221846],[24.447737499572234,13.125579500337265],[24.446217600417182,13.126631699605339],[24.44621649998097,13.126627999895293],[24.446106000014506,13.12630629987348],[24.446106000014506,13.126031400137878],[24.446106000014506,13.125614099639535],[24.446106000014506,13.124511699732524],[24.446106000014506,13.124032700347136],[24.446106000014506,13.122878999661724],[24.446106000014506,13.122655199989715],[24.446106000014506,13.122109699847424],[24.446106000014506,13.121675500010669],[24.446106000014506,13.121393100157279],[24.446104400114944,13.12091379986483],[24.445640099572145,13.120252200361715],[24.445222700070303,13.119826299731729],[24.444856500048132,13.119452500277301],[24.444586099961121,13.119176599898868],[24.4442421997175,13.118825799804451],[24.444019500172065,13.11859849958134],[24.443152100408419,13.117713400256077],[24.442552100358782,13.117261400299302],[24.44208559984186,13.116918100420518],[24.441734600212573,13.116659799749284],[24.441261499773244,13.11631170031653],[24.440758600419361,13.115941599764083],[24.440563199777021,13.11579779993699],[24.440372299694339,13.11565739981655],[24.439876600337392,13.115297999849744],[24.439586500196167,13.115499800303777]]]},"properties":{"adm0_ar":"السودان\u200E","adm0_en":"Sudan (the)","adm0_pcode":"SD","adm1_ar":"جنوب دارفور","adm1_en":"South Darfur","adm1_pcode":"SD03","adm1_ref":"","adm1alt1ar":"","adm1alt1en":"","adm1alt2ar":"","adm1alt2en":"","date_":"2020-03-11","shape_leng":15.23803728,"validon":"2020-08-31","objectid":15}},{"type":"Feature","id":16,"geometry":{"type":"Polygon","coordinates":[[[29.854919400159666,12.727111800375617],[29.851074200213592,12.729309099849621],[29.843689000244186,12.731323200197659],[29.837524399641797,12.732116700117924],[29.836461900171543,12.732285300108336],[29.833679199695727,12.732727099967585],[29.829031000208655,12.733397099873724],[29.826904299858974,12.733703599629676],[29.809082000404853,12.737121600091688],[29.807312000393171,12.737487800177568],[29.805725100392639,12.737915000376853],[29.802673299691975,12.739318799680525],[29.801879900446494,12.739685099983483],[29.788330099874763,12.745727499978319],[29.787384800006329,12.744285399598853],[29.784027800281162,12.744285399598853],[29.749294199970489,12.738711400053209],[29.738007299616832,12.73690020026644],[29.720612299997295,12.730491500199987],[29.717529299908477,12.72980640035038],[29.711823200325465,12.728538299759002],[29.709809100203323,12.723533500282979],[29.709809100203323,12.718711700291237],[29.706391100378788,12.709312300024356],[29.705669599593769,12.701330399641877],[29.705414499612591,12.698509000081225],[29.706574200389912,12.694297600317489],[29.707172299604395,12.693062499734383],[29.709381800368771,12.688499299706548],[29.709761200235764,12.688017099854909],[29.71298290020442,12.68392160031169],[29.713398399769403,12.682675199933222],[29.714386700193902,12.679710200131337],[29.715973600194403,12.672935299729026],[29.714122699704916,12.665607099809632],[29.713134400178813,12.661694300340232],[29.71298290020442,12.661094500051044],[29.701525900258481,12.630166400029607],[29.701203099644282,12.629295199578358],[29.699765499643973,12.62553749958087],[29.686788899681943,12.591617800248931],[29.67866480035709,12.570382499695118],[29.668820800063951,12.544651299992795],[29.663422400415154,12.530540300419757],[29.650177700053217,12.505332799781835],[29.643585900227585,12.5009382003549],[29.642609400072754,12.497093000162112],[29.644623500194829,12.490928500368264],[29.644327599631811,12.489064400345388],[29.644013200062236,12.487083300419652],[29.638397900391404,12.478538300225948],[29.632416500411477,12.471336199963169],[29.630585399689149,12.468284399796254],[29.629722600198107,12.465983600091365],[29.628205100443168,12.461936800033364],[29.617218700026765,12.453330800271145],[29.610302199650143,12.449188300085712],[29.605805200100164,12.4464948996737],[29.605377900265612,12.445884500012291],[29.600983400286186,12.443321099979938],[29.597722300209195,12.43980059978049],[29.595612300438884,12.437522700285205],[29.584198699900973,12.428306400275412],[29.558624999556912,12.396690199862286],[29.554413599588571,12.390708699842349],[29.545624499916766,12.382896200353208],[29.540802700102752,12.378684799936797],[29.523407699584883,12.360496299596136],[29.520508500193095,12.355125300207561],[29.520172799771473,12.355125300207561],[29.520073599712902,12.354940399915781],[29.519204399725538,12.353320899963778],[29.519148200223025,12.353216299975989],[29.517254300075777,12.349687500114952],[29.514374499802567,12.344322000431994],[29.507791700197824,12.332335999743975],[29.503815400119077,12.325095999721327],[29.495575700193548,12.305320599835531],[29.492585000203565,12.290122799637919],[29.488373499623947,12.279502700276886],[29.489227999580077,12.26650219990632],[29.481415499776148,12.259300100402408],[29.478607899797282,12.258140400117684],[29.475983399829474,12.25728589965904],[29.456574200374789,12.252891400276148],[29.444428199792437,12.249900600311644],[29.437002100426483,12.241744099834968],[29.439326899957617,12.232802599784753],[29.439890200234636,12.230660000396874],[29.440399899835246,12.228721400276187],[29.440573100411889,12.226995100428384],[29.442169899846864,12.211082300186737],[29.432404300020167,12.186912399750721],[29.417816900379457,12.159507600255898],[29.38479690025364,12.139304900000621],[29.375243300139083,12.135000600106201],[29.374151699745152,12.134508799698718],[29.362580099921853,12.129295200428933],[29.353424800227788,12.128501699885685],[29.348175800292235,12.115318099744391],[29.347382300435449,12.104514899611491],[29.338410199567171,12.090110599748037],[29.332699799748884,12.080919600166986],[29.330476899713698,12.077341899566935],[29.329268000004944,12.075396099682846],[29.325592799938146,12.069480700414543],[29.311085699802351,12.046484600232986],[29.289398900098217,12.0121076997095],[29.282990200283702,12.001914799615061],[29.26962349972306,11.974326900277529],[29.267714600405537,11.960010000135041],[29.264984899633109,11.939536899751813],[29.26419139977639,11.934715100007658],[29.260590299940738,11.90810380013736],[29.2535347996469,11.84946529960583],[29.25058060000352,11.824912800332031],[29.244599100310616,11.810935799806794],[29.241314999769042,11.80343390026308],[29.238373499608855,11.796714600066982],[29.229218299627831,11.775718500146061],[29.228350999577195,11.771759299691595],[29.227814399925371,11.769309799576686],[29.226227499924839,11.759910399594515],[29.223786099968152,11.747886499592669],[29.224481399591301,11.747886499592669],[29.224579599824938,11.747886499592669],[29.224531900181628,11.747584399690519],[29.224396499813817,11.746726800422005],[29.224520499662358,11.746726800422005],[29.225372999968716,11.746726800422005],[29.230194799782659,11.74733719961236],[29.23202589960669,11.7475203000206],[29.231810199733903,11.745818999869471],[29.230377899793783,11.734519800155374],[29.231135399665522,11.733354699762257],[29.254425799949658,11.69753249961393],[29.254975099982946,11.696494899813029],[29.263397899919596,11.696738999741564],[29.279772399901674,11.697256299851194],[29.325226599915911,11.698692100177832],[29.335419399864179,11.699119400169121],[29.361176299932374,11.699729699656912],[29.366791499890102,11.699912799972521],[29.373652300227562,11.701000799567485],[29.374177200221126,11.701083799587316],[29.376801300438625,11.701499800349993],[29.377424399767463,11.699877800412494],[29.382591399687197,11.68642759963835],[29.38479690025364,11.680686799986104],[29.39210950017846,11.661763600044196],[29.397259900130095,11.6484354995765],[29.409084300247471,11.617836799759095],[29.409848000291312,11.615860699746158],[29.422825200327939,11.582278900381016],[29.432271099626455,11.557835200148713],[29.44419170032759,11.526987799818592],[29.449892599563441,11.512235099877895],[29.450747800205505,11.510022300043817],[29.451569299651425,11.507896200424049],[29.452836700346428,11.503740500110419],[29.453032599553659,11.503098000245991],[29.455621999648343,11.494607300032431],[29.456818400198287,11.490684300417733],[29.457600300109753,11.488121199755664],[29.459015600331476,11.483482200269529],[29.459198700342597,11.482505600357843],[29.45954919961023,11.481773999712214],[29.45999220019932,11.481101799902035],[29.4600307999088,11.480896000019138],[29.460106299715186,11.480493100225704],[29.460175300210437,11.480125300031084],[29.462688000349548,11.472243800255255],[29.465937200443989,11.462052300358337],[29.467031399663988,11.458620100025888],[29.468384600248427,11.454375500185042],[29.470001900136538,11.449302500142251],[29.470494600018707,11.447918299763767],[29.478974099819457,11.4240950000674],[29.481019599653976,11.42136349996902],[29.481393800072127,11.420863799966032],[29.481662600259639,11.420504900103753],[29.488983900367916,11.410728300304557],[29.490814899580641,11.406883099795596],[29.491974600357899,11.404136500276438],[29.492585000203565,11.403098899805535],[29.492902300433272,11.402415299778625],[29.493689699830966,11.400719500049526],[29.493910699763898,11.400243399672556],[29.494171900204098,11.39968089995377],[29.494432399958431,11.399172799652804],[29.495392600182495,11.397300500273225],[29.495819800304034,11.398521199888556],[29.496002900315151,11.399497799835407],[29.496369100337326,11.399131600125481],[29.495534599574381,11.396781300124491],[29.493378400347343,11.390708699576912],[29.49380570018193,11.387901100145209],[29.494485399661851,11.386432400044104],[29.497210699587665,11.380496600263585],[29.496513400314676,11.379461199714507],[29.495209500171374,11.377525199995329],[29.48737960000037,11.366137600240231],[29.48255970012319,11.359127500343758],[29.482437499600127,11.358949800254285],[29.464467800082637,11.332814900261781],[29.460419400320923,11.326926999607412],[29.460057399922647,11.321997200236149],[29.459626000177145,11.31612380038391],[29.460333499820212,11.314600300126266],[29.469574300264622,11.294651400275775],[29.469517100038942,11.286957299696365],[29.469397100388338,11.270838799587469],[29.469391600003842,11.270103300112725],[29.474396499828909,11.257102799879735],[29.470795399993261,11.25093820023474],[29.441010199967902,11.232322499807919],[29.433717799560618,11.225538399668455],[29.415619599634962,11.208701900290905],[29.397614299882729,11.199912800189821],[29.396582300012994,11.192316600394351],[29.395417000036524,11.183738499995068],[29.393336899792139,11.182221500213005],[29.365204599889569,11.161704800028748],[29.358028199833239,11.156496500231679],[29.343170899568769,11.14571360024788],[29.337799799721537,11.138694600003991],[29.334934899803951,11.114508199765648],[29.334625999720402,11.11190019970511],[29.333771499764278,11.104514899821382],[29.334253600424461,11.094389800058019],[29.335419399864179,11.069907999950615],[29.338776399589378,11.062095500277486],[29.338593299578292,11.046531499793709],[29.338776399589378,11.045493899672678],[29.339295599772488,11.045019000402263],[29.343781199701496,11.040916299940182],[29.344122800257921,11.039635600257085],[29.345001899679822,11.036338599749879],[29.345185100302221,11.03548409983936],[29.345604300027844,11.034742400362903],[29.345758800375268,11.034468999770047],[29.345978500445966,11.034080299676392],[29.347382300435449,11.031883100103764],[29.347522000140227,11.031152199629743],[29.348175800292235,11.027732699882803],[29.348717900328484,11.026955200244817],[29.352814400382115,11.021079800059274],[29.358429700052849,11.012901100207355],[29.358795900075091,11.012290800425399],[29.359223100196626,11.011314199808291],[29.359270199765277,11.011059200417874],[29.360996600044604,11.001726400438139],[29.361558899598393,11.000855400140889],[29.366603699893471,10.993040899751746],[29.367218700011705,10.992088100425368],[29.370028700288977,10.986927100273427],[29.372835499868923,10.981771699660031],[29.379181599684607,10.970115500302818],[29.37942060005917,10.96963079973651],[29.380063200016203,10.968327799846902],[29.384780399998522,10.958762400409629],[29.385956699845607,10.956377199843008],[29.386153400350114,10.955978399988318],[29.387291800275428,10.953669900386148],[29.387970700254741,10.952293200348523],[29.389963699849122,10.947876300337658],[29.390229000200311,10.947288299896812],[29.393022999685783,10.945215399674701],[29.39401320004708,10.944480700149176],[29.394414299618088,10.944176299956705],[29.397032700025072,10.942188599601229],[29.415802699646076,10.92794019961967],[29.420672299714639,10.924407399775447],[29.437592299856387,10.912132099589634],[29.45270430035162,10.899561399668313],[29.464814000013295,10.889487999930443],[29.470369600345261,10.885273399638256],[29.477204099807839,10.880088599653435],[29.484772500399608,10.871116500096051],[29.488373499623947,10.866721900167732],[29.488578699987663,10.866605799935286],[29.489237599875551,10.866233000038651],[29.493012200325143,10.864097400342997],[29.501618199985888,10.859702899989029],[29.513615400031291,10.848243600142526],[29.515228999758691,10.846702399841293],[29.524384300351123,10.839317099563864],[29.536408200123326,10.82833080035333],[29.554413599588571,10.81331620009658],[29.556573100124272,10.811652599562732],[29.567169900303579,10.803489500406611],[29.58401559988986,10.78908519995497],[29.591170000204905,10.783447400426638],[29.590973599737726,10.783103799800392],[29.592079799551581,10.78214510017844],[29.592804699561757,10.781516900230029],[29.594391599562261,10.780296100191954],[29.598601999705629,10.776765299891725],[29.611786600080126,10.765708699899967],[29.614594200058988,10.763511499913459],[29.616425299882987,10.762107700158964],[29.61740189975086,10.761131099778465],[29.61941599987297,10.75893380023515],[29.621369099895773,10.757530000345964],[29.625397499565938,10.754905500150338],[29.659577099857746,10.724510000097302],[29.664215799660635,10.719932400345609],[29.671784200252471,10.713340599862011],[29.678986300210759,10.705894299805184],[29.68057320021126,10.705283900229688],[29.681793900189625,10.704734599582915],[29.686005399870908,10.703086699614028],[29.688812999849805,10.700340100316861],[29.698590300233096,10.690152900410959],[29.699005900409382,10.689720000411777],[29.700592800409915,10.68788889984382],[29.711029800181688,10.677085699567465],[29.713894499774952,10.674584600016825],[29.734589400403646,10.656516899912363],[29.795990699954064,10.603111100052402],[29.798371099811384,10.599937300045953],[29.802399399768571,10.597312800021848],[29.807770499615945,10.594138900178923],[29.817780300164404,10.586082300158099],[29.821991700132717,10.582481200241354],[29.842377399742229,10.564536899585416],[29.842377399742229,10.563544499631908],[29.842377399742229,10.563316200261704],[29.844574699588435,10.537132099986819],[29.844574699588435,10.535301000436398],[29.84527590024479,10.534053199683914],[29.84817580032238,10.528892300360747],[29.848786099556747,10.5277327002952],[29.851410600422852,10.523521200087357],[29.852021000268554,10.522300499736453],[29.85211009967,10.521914400208413],[29.852204100279607,10.521507099591576],[29.852570300301814,10.519737100008175],[29.853063099897025,10.519134799666309],[29.85421830011472,10.51772289973459],[29.855805200115256,10.515891900426219],[29.856269300333764,10.515105799595622],[29.859589399962026,10.509483199851717],[29.860583400196948,10.507783999833668],[29.862585000261905,10.50436259992161],[29.863790599560261,10.502301700003354],[29.871979499756531,10.488304000126886],[29.87240669987807,10.487510500318029],[29.872514500407092,10.486978400074575],[29.873383299745949,10.482688700312535],[29.873926200181149,10.481860600417923],[29.880585399704234,10.471702400393932],[29.880840000222097,10.470774100314559],[29.881622999671517,10.467918199774935],[29.881926700306092,10.467758399990425],[29.882782700448768,10.467307900352143],[29.883820300416012,10.466697499907768],[29.887604500262782,10.464927500285146],[29.887761600334606,10.46357239967892],[29.888581100130622,10.456504599745674],[29.888581100130622,10.455283900030842],[29.889282200175565,10.45462400011043],[29.889618600384853,10.454307400055136],[29.894379400099464,10.448509000158831],[29.894828999712665,10.447205900401116],[29.896978500202611,10.440974900013805],[29.899201199913445,10.434531999892885],[29.899650900137985,10.433651300067494],[29.903595699892872,10.425925999623789],[29.904999499882351,10.423118399968544],[29.90850740040554,10.416853100055835],[29.916413100420293,10.40273270037247],[29.916770799684894,10.401737999587601],[29.922821800234772,10.384910400104991],[29.923218499857498,10.384147499850263],[29.923541000434398,10.38352739963908],[29.926290899825929,10.37823909974615],[29.926783800032453,10.377291099915896],[29.929169400236972,10.372703399833679],[29.929287100200469,10.372215900099668],[29.929596700071524,10.370933399933342],[29.930220500086328,10.369644000330149],[29.936005399886039,10.357688699899896],[29.944184099712235,10.345725799598682],[29.944504400314941,10.344673199652524],[29.946227500183934,10.339011899882873],[29.948029299658337,10.333091600342522],[29.95087610031954,10.324341699787889],[29.951437600372774,10.322616100162582],[29.952179700425571,10.320335199901521],[29.952387600226761,10.3189371996466],[29.952880900183526,10.318725600036542],[29.957519500273445,10.31610109957553],[29.960876499998605,10.306518599834742],[29.973882400310266,10.292904700020255],[29.9819271002421,10.288505299925454],[29.996772999987265,10.28880220006767],[30.059718299593531,10.251237999754151],[30.061543399569754,10.250148899594585],[30.063692099660848,10.248866599724773],[30.106343999756298,10.221701400062912],[30.154356800227404,10.19112169974416],[30.201716300009792,10.161998400308216],[30.210394800002188,10.156661599683135],[30.248259700119476,10.133376999589911],[30.27308450016405,10.117726500354644],[30.273624199901892,10.117186799777395],[30.465747099922325,10.00061779962021],[30.476000800256948,9.9919830997766397],[30.511079500062138,9.9709360004217942],[30.529428300307615,9.960682199796711],[30.533745699682868,9.9558251000690259],[30.592569800056804,9.9083340999188145],[30.65085430040585,9.8613826998667111],[30.688091599736484,9.8327801001973185],[30.719932199929133,9.8063362002224093],[30.720471799954034,9.8057966003141672],[30.782563199678734,9.7566936998447922],[30.792878100437083,9.748536599868304],[30.800911099812389,9.7421837998521479],[30.826247500292663,9.7221475003436773],[30.827326800055395,9.7189095002894632],[30.835961499991146,9.7243061998025819],[30.847834300437668,9.7259252001983842],[30.861326100384805,9.7302426001357158],[30.87697659957043,9.7383376003158233],[30.886151000142352,9.744274000044804],[30.892626999941342,9.748591299954823],[31.12360619969126,9.7491310998370935],[31.125225200090135,9.7496706996439126],[31.180811299666317,9.7496706996439126],[31.201318800048551,9.7512897001083143],[31.219667700007147,9.7529086997933909],[31.239635600364515,9.7545277996251514],[31.259063700372835,9.75614680040308],[31.274714199558389,9.7583055004318382],[31.288745600428726,9.761543499901542],[31.304935699639149,9.7685592002343817],[31.314649799948914,9.7723370003563943],[31.32436399997172,9.7788130001959246],[31.340014299731294,9.7923046999656247],[31.351887100177883,9.8030981998822],[31.36915659976232,9.823605700215758],[31.388584699770608,9.8489701996229186],[31.405314600228579,9.8710966999443546],[31.423663299862749,9.8953819997778751],[31.444135299723321,9.8968875001037908],[31.444274899715165,9.896911599868714],[31.446059800082402,9.8992231000752007],[31.456481900396813,9.912719699797659],[31.478812500207194,9.9380612000320276],[31.506560100182671,9.9748470995851992],[31.506985800117661,9.9754044997566744],[31.507831200139989,9.9765203996139444],[31.507962700022865,9.9766799998662936],[31.508338699766504,9.9771276001502649],[31.509556400270096,9.9785817002982213],[31.519988600343272,9.9910534001863258],[31.532525299802266,10.001505399904522],[31.538605500090391,10.003735399571175],[31.559174100285077,10.028204299788726],[31.62988279957851,10.118863600361721],[31.664672900327261,10.162292499906922],[31.708461600448562,10.21428519975308],[31.724282100411767,10.228667599764762],[31.73368159992927,10.238054099586082],[31.741836100040025,10.254023499896],[31.753942100439385,10.268294700295618],[31.773909999898457,10.286643500240292],[31.787317599855719,10.296720499774796],[31.80133059963574,10.309875499963919],[31.807969299604029,10.325408500180318],[31.821400999563721,10.350864299901255],[31.822480300224758,10.351943700045661],[31.857559000029916,10.408069599723138],[31.879619199753289,10.436168300198842],[31.933485300444826,10.490480899990462],[31.957279899945078,10.507137100187839],[32.019145899788604,10.507137100187839],[32.061976199909658,10.480962999894967],[32.154775199675008,10.466686299685867],[32.192846600018285,10.485722000213137],[32.228538499717864,10.509516599790034],[32.23091800036152,10.566623600198909],[32.226089400300886,10.590765799638087],[32.224653299588731,10.597949799769886],[32.224599399773354,10.598216200033871],[32.224596400298644,10.598230299633761],[32.224595599899729,10.598236300440245],[32.224592300387691,10.598251500245764],[32.224585400428055,10.598288400432853],[32.223987700065486,10.601326099704503],[32.223621899793592,10.603105699765885],[32.223127600011857,10.605587299783075],[32.222751900305582,10.607475599774084],[32.222316900112375,10.609571599689474],[32.222010400327306,10.611252399655083],[32.221703899643941,10.612755200270042],[32.221417199626103,10.614198700225243],[32.221130499608186,10.615691600074168],[32.22096239966573,10.616393499928694],[32.220822699960955,10.617103499996652],[32.220752899965014,10.617447700228483],[32.220727999563678,10.617573899937295],[32.220721699678599,10.617605299757415],[32.220720099779065,10.617613099605382],[32.220719600315775,10.61761539965107],[32.220719600315775,10.617615600077349],[32.220719600315775,10.617615699849008],[32.220438399784094,10.618924599622769],[32.217830900433029,10.63205880030306],[32.192846600018285,10.7141502002411],[32.22636900003473,10.750014900402764],[32.309892699557082,10.828476499635464],[32.355450999939727,10.874034900155008],[32.385394100435818,10.90093179998796],[32.408602499805845,10.924655300321922],[32.41671550044542,10.931304000314542],[32.426319600252008,10.939841400161527],[32.459900999819688,10.976387800106384],[32.451358800307098,11.021471599926812],[32.4477995996929,11.041403399573353],[32.438974700360376,11.063861400128879],[32.42620679970014,11.085300800220166],[32.422647500271296,11.094317600332692],[32.417901900051277,11.102385199872277],[32.413879399617549,11.107727099712937],[32.409122399776528,11.122316999668111],[32.397705099976307,11.141113300353753],[32.396078400117098,11.162661200067634],[32.395723400289846,11.168194600245451],[32.389099100315555,11.179077100343809],[32.389902499606762,11.19682390018216],[32.390046900195387,11.21013380007575],[32.390336899725334,11.219634900021131],[32.390909900010747,11.238410799694037],[32.384527599885836,11.251057400315776],[32.384207699931665,11.276076500051733],[32.384207699931665,11.289601599853373],[32.383021199714499,11.317600999623703],[32.383021199714499,11.340854799914858],[32.382783999563713,11.383565800215107],[32.381564199697308,11.4194362000698],[32.380885700366612,11.457360800365358],[32.380601600073142,11.478633799794748],[32.380495500054955,11.485575100423134],[32.390088500277905,11.495356700407903],[32.391941599843193,11.574277800260479],[32.391146400373927,11.571507499718482],[32.38953959999489,11.570441099893111],[32.392912700224898,11.614234500330017],[32.390754099801157,11.650932200167976],[32.390741599743976,11.65236450034547],[32.390720899864895,11.65474050009135],[32.390595399829763,11.656495599996827],[32.390165200233518,11.661975600427605],[32.388307699821588,11.685636999967912],[32.384500600121605,11.696582500055744],[32.375934500032535,11.712286999968965],[32.369748000300177,11.715618199701415],[32.360705999723024,11.723708299683771],[32.159396599722136,11.899005799934038],[32.1065795004154,11.944998199688543],[32.127934399571572,11.945086200309289],[32.124075900067638,11.949005399756416],[32.11880759982818,11.954304500200761],[32.118150200126877,11.954964600113334],[32.117310199877735,11.955809400155202],[32.107888900044898,11.965284399978259],[32.106506300296218,11.96667479975023],[32.1052588996927,11.96794939960512],[32.104421700390567,11.968804800312043],[32.10400129961743,11.969234299841608],[32.101046000436163,11.972253800006964],[32.100434699580269,11.97287840024123],[32.098451499707288,11.974904799820377],[32.098095599768136,11.97526660011459],[32.098057099771665,11.975305699903158],[32.09734819965513,11.975987900405096],[32.096538600191828,11.976766699596809],[32.088500999645625,11.98449709956944],[32.006530799863263,12.063476599835074],[31.910522499575112,12.161926300034256],[31.910095199740564,12.162292500367444],[31.823486300155242,12.159912099613232],[31.822082500165862,12.159912099613232],[31.806701700381375,12.208679200087827],[31.800995999650297,12.223253300027668],[31.768493700419331,12.306274399756003],[31.742309600229635,12.387085000220788],[31.732910200425106,12.420471200310871],[31.719726599875546,12.454894999947768],[31.708129900224883,12.493286100312281],[31.707702600390302,12.494506800280703],[31.698303199687444,12.515686000359796],[31.688903799882915,12.546508799987825],[31.689086899894107,12.5531006001574],[31.689880399750823,12.571472199908587],[31.687933599613164,12.578894099915036],[31.687927200015146,12.578918499951826],[31.682144200152134,12.600041799634781],[31.68212890004623,12.600097700303213],[31.681274400090111,12.600097700303213],[31.680908200067872,12.60211180033826],[31.675497799825219,12.60197100036341],[31.671074499857781,12.601855900028223],[31.664783299682419,12.601692200282139],[31.664489699704898,12.601684600385099],[31.651182199918072,12.605395799927328],[31.629211999708101,12.611523000411916],[31.618530299751317,12.614502000305455],[31.615204800349808,12.615379699607123],[31.599640499905661,12.619487499571617],[31.592585199936149,12.621349600276041],[31.576904299964713,12.625488299888596],[31.543090799982103,12.634521499601648],[31.520080600404842,12.639709499952952],[31.483520499644378,12.647888200166182],[31.469867300288435,12.651111199775835],[31.464904800046472,12.652282699660013],[31.437927199999983,12.658325199717657],[31.426330600062265,12.656921400209782],[31.416870100445358,12.655883800151015],[31.391723600222939,12.654480000357998],[31.3815308002746,12.652526899946194],[31.376862400371834,12.651623300396755],[31.360717799932168,12.648498499713426],[31.336486799765233,12.642883300379093],[31.314880400177287,12.631713900265959],[31.299926799616109,12.627502400062291],[31.269897500378566,12.624877899805051],[31.24188230036486,12.615905799657419],[31.212890600196236,12.617919899871849],[31.208679200227923,12.617675799765024],[31.203125000369539,12.614502000305455],[31.19848629966835,12.612304699581047],[31.194091799688916,12.611083999881],[31.179691999720625,12.609139300225733],[31.175109900068783,12.608520499649483],[31.156677199870661,12.611083999881],[31.131897000281743,12.618713399811401],[31.131286600436074,12.619079600120353],[31.130493200292296,12.619079600120353],[31.124184100286566,12.621011700156181],[31.120727499854258,12.622070299785848],[31.116088899764378,12.622070299785848],[31.108703600081959,12.62109379983743],[31.094482399565191,12.618103000221209],[31.06073000029329,12.610900899771643],[31.054504399591501,12.609680200393518],[31.047912599765901,12.608276400224902],[31.034301799993099,12.605529800383083],[31.01910399960839,12.604492200394315],[30.992675800206495,12.609497100157169],[30.98852540033759,12.610290499964361],[30.987121600348107,12.610717800408011],[30.980285599800744,12.606872600253086],[30.976456600072467,12.600879300201902],[30.976074199832404,12.60028080024316],[30.976169200266952,12.600132100371402],[30.977477999821822,12.598083500280165],[30.980102499789631,12.594116200037217],[30.986328099593024,12.586120600309551],[30.991088900205998,12.580322300390675],[30.993530300162622,12.576110799772032],[30.997070300185925,12.569519000247015],[31.002075200011056,12.560485800163251],[31.006530799802832,12.548278799894776],[31.012878399804997,12.531494100291884],[31.01770019961894,12.507080099737491],[31.019897500363513,12.496276900024947],[31.020080600374595,12.495117200287661],[31.021484400364006,12.490478500178424],[31.022705100342332,12.486328100370388],[31.024902299577231,12.479126000165266],[31.026881699576556,12.473132899639273],[31.027099600321765,12.472473100417689],[31.027282700332879,12.46649169956479],[31.027282700332879,12.456526499756707],[31.027282700332879,12.456115700184313],[31.027099600321765,12.454711900250064],[31.027099600321765,12.44830319959914],[31.024632600176158,12.437040799720084],[31.024292000342868,12.435485799985033],[31.023498499587813,12.431884799594803],[31.02307130036457,12.430481000243335],[31.021897499630573,12.425932500156],[31.021118200341839,12.422912600149312],[31.020742900385798,12.419910899605672],[31.020690899608923,12.419494600272039],[31.022346899817752,12.413018799835971],[31.024108900331814,12.406127900271926],[31.024439899869559,12.40470439981859],[31.024719199566182,12.403503400253534],[31.024475100353989,12.400695800100277],[31.024475100353989,12.399108899831679],[31.024719199566182,12.394714399885549],[31.024108900331814,12.39349370005927],[31.023315399576699,12.391906699793347],[31.021301300352892,12.387512200418547],[31.021301300352892,12.383483899860595],[31.021245499702388,12.38347530031411],[31.018920899597266,12.383117699839319],[31.001708999988818,12.381286599895132],[30.996653199823083,12.381319999861375],[30.994657199855627,12.381333199804782],[30.964721700005143,12.381530799649447],[30.958496100201749,12.381530799649447],[30.945495599663243,12.378295900142705],[30.943115199805924,12.377685500248543],[30.940154899703483,12.372055600067938],[30.936279299869867,12.364685099856448],[30.931701699879319,12.353088400108669],[30.92966719991546,12.348454400042879],[30.929504400033114,12.348083500002913],[30.928283700054788,12.345519999839448],[30.919311500371837,12.341491699662097],[30.889709500070577,12.339294400391584],[30.875297500082336,12.33542640003424],[30.844909700282912,12.327270500304053],[30.844636500147178,12.327169899684735],[30.81127930031149,12.314880400071242],[30.794098399766806,12.306302200078829],[30.768493700358899,12.293518099768876],[30.754010499901316,12.288037300106273],[30.748620900149056,12.285997699590924],[30.735107399599602,12.280883800274024],[30.710876500043913,12.268920900036166],[30.704444700051841,12.26827380012287],[30.621093799559226,12.259887700298943],[30.591491700443289,12.259887700298943],[30.591248000083176,12.259501700287952],[30.590985199743407,12.259067900037602],[30.589444500097933,12.256624800366724],[30.588735299944062,12.256553400395713],[30.587753400015984,12.256454699577862],[30.586048500014684,12.256283200279093],[30.583891300064415,12.256066199716473],[30.582579699562462,12.25593429961585],[30.581910699915898,12.25586699985851],[30.577285400282108,12.255401700111785],[30.576763499763292,12.255349199788331],[30.570100500366575,12.254678700055136],[30.562614099790494,12.253925199803323],[30.562702099654022,12.254657299922814],[30.562873599719889,12.255971900214984],[30.562912999828281,12.256274199777879],[30.562955199985325,12.256597300284213],[30.563028499817555,12.257159399748856],[30.563121799741296,12.257874999875431],[30.563162300285864,12.258185799961051],[30.563279100137443,12.259081099988959],[30.562352799637278,12.259972200079234],[30.561804600040197,12.260499599763483],[30.560931600179082,12.261295799663944],[30.55949770033946,12.261154900088906],[30.559295699774744,12.2613448998696],[30.558984599717171,12.26163740028068],[30.554269899746309,12.266070999832371],[30.553363000161291,12.266923799596226],[30.552367600351161,12.267859799971008],[30.54926849975757,12.270773900131976],[30.543866699985394,12.275852899741539],[30.540876500357061,12.278664299740431],[30.540021200002027,12.27946860004521],[30.537892500002471,12.281470200412715],[30.537031499836914,12.282279799922787],[30.532550299856158,12.286493400246128],[30.530760200040049,12.288176600110454],[30.527498400175418,12.291243599666808],[30.524475100323844,12.294128400000218],[30.521753600271644,12.296664300041927],[30.519565599785263,12.29870309986477],[30.509286999947523,12.308367600046834],[30.507801800016953,12.309764199769463],[30.506286599949149,12.311279300397834],[30.50292969993696,12.320129399835821],[30.500834599624046,12.324057700399637],[30.500488299980272,12.324707000082194],[30.495483400155209,12.336303700364486],[30.487670900351251,12.357116699918731],[30.481079099627252,12.373901399700216],[30.476928699758314,12.385497999566251],[30.467994499710247,12.402521399636782],[30.467895499975992,12.402710000234809],[30.466308599975491,12.411499000215517],[30.46307370016201,12.419311500186994],[30.462707500139842,12.420104999632175],[30.458313000160416,12.426513700259155],[30.458313000160416,12.427736999900434],[30.458313000160416,12.43029789999804],[30.458066799788782,12.430870400248693],[30.456753000211027,12.433926900360966],[30.456023199891089,12.435624400358428],[30.449706999601336,12.450317400317305],[30.444702099776272,12.454894999947768],[30.439697299664182,12.458496099602398],[30.42547610004571,12.46972660042095],[30.4207153003311,12.473510699871643],[30.417724600341121,12.472106900287878],[30.416140399778001,12.47292729995489],[30.415037300050159,12.473498600119324],[30.414607200166785,12.47372130037818],[30.414306599618225,12.473876999761712],[30.414610600290136,12.473677800068934],[30.41607670024122,12.47271729962603],[30.412719699617693,12.471130399746823],[30.412719100441432,12.4711306997216],[30.406127899792093,12.47467039996328],[30.385925300193591,12.491882300108562],[30.379699700390198,12.498718300160069],[30.373107899666273,12.507324199624042],[30.371490500065153,12.508819600187216],[30.369872999852863,12.510314900007822],[30.37069429987266,12.510910400414261],[30.372314500420792,12.512085000201454],[30.371704099676791,12.51269529992331],[30.373718300410239,12.514282199960146],[30.372647699932724,12.515215000392946],[30.369974499598438,12.517544000232339],[30.359497099893407,12.526672399803221],[30.351318400067274,12.529724099934363],[30.334289599571544,12.535705600045798],[30.331909199714254,12.535705600045798],[30.328918499724278,12.536682100327104],[30.31876889975802,12.536295199941794],[30.308105500280174,12.535888700268801],[30.303527799678321,12.534912099644556],[30.301513699556246,12.534301799871418],[30.295199899564967,12.534054600214835],[30.270324700439744,12.533081100406477],[30.260925299736886,12.531677199999256],[30.260314899891213,12.531494100291884],[30.256286599934025,12.530883800317723],[30.249877900119511,12.529907200021837],[30.229492199611595,12.52691649957502],[30.227477999776514,12.526123000181085],[30.226501499621612,12.52648930004921],[30.209716800134736,12.519287100239483],[30.168884300204986,12.503478999743457],[30.159912099623707,12.500671399806123],[30.156494099799176,12.498718300160069],[30.152282699830835,12.497070299955087],[30.135681200068017,12.489929199845623],[30.125305200395683,12.481506299593443],[30.103698700196492,12.468078599787013],[30.09854659973395,12.464088900265883],[30.093689000259278,12.460327100011801],[30.087890599679127,12.456481900100185],[30.070922899894107,12.447082500328555],[30.050292999562757,12.443481400177085],[30.040710400034204,12.446716300305294],[30.030883800108104,12.474914599731209],[30.030517600085865,12.476074199686455],[30.030484100112343,12.476983100191026],[30.030090300251317,12.4876709002653],[30.030883800108104,12.491088900046316],[30.031921400075348,12.495727499748469],[30.039489700055807,12.507324199624042],[30.044311499869885,12.519714400265464],[30.043809600340776,12.520639299900651],[30.038879399923147,12.529724099934363],[30.038513199900979,12.531494100291884],[30.038275999750198,12.533033300080556],[30.035888699933167,12.548522900241592],[30.036044800180093,12.554368199673597],[30.036315900054774,12.564514200088281],[30.035522499910996,12.583923300025816],[30.035682300318534,12.587066799786728],[30.036034400384061,12.594772800073766],[30.035764499760305,12.595107000075259],[30.033508300075841,12.597900399647532],[30.033508300075841,12.598693800295038],[30.029724100229142,12.604492200394315],[30.029296900107539,12.604919400050234],[30.029113800096486,12.605102500051833],[30.027526900095914,12.607910200244374],[30.023925800260269,12.614502000305455],[30.020080600314163,12.617919899871849],[30.019195599859152,12.619323699765005],[30.018310499691168,12.6207274998473],[30.01350629967029,12.625871000242217],[30.013122599568032,12.626281700093459],[30.00671389975345,12.636901899756122],[30.005493199775156,12.638671900069472],[30.003478999940004,12.644287099954459],[30.003407800368922,12.645381600352451],[30.003258500368695,12.647678199790148],[30.002680599773452,12.656565999858552],[30.001708999928386,12.671508800343465],[30.005310099764035,12.680297899899568],[30.005478700068174,12.680695600112566],[30.007690399908345,12.685913100034394],[30.007873499919434,12.686706499916381],[30.010497999887242,12.692871099682353],[30.012084999600788,12.698730499991493],[30.01190189958967,12.703124999738483],[30.011694299825809,12.704326900159739],[30.009277299908916,12.708496099901406],[30.004099900193051,12.710138800215327],[29.994079600135542,12.713317900230567],[29.993187500294876,12.713585500284738],[29.971496599781425,12.720092800123291],[29.953491200316186,12.722290000026328],[29.950683600337328,12.72271730030767],[29.940673799788868,12.7238769995694],[29.933715799940998,12.724914600163162],[29.930725099951047,12.725280800351776],[29.926529399838913,12.7252207000844],[29.910345299577934,12.724989099942205],[29.869303399660517,12.724401699772748],[29.862487799853238,12.724304199914215],[29.859680199874308,12.724304199914215],[29.854919400159666,12.727111800375617]]]},"properties":{"adm0_ar":"السودان\u200E","adm0_en":"Sudan (the)","adm0_pcode":"SD","adm1_ar":"جنوب كردفان","adm1_en":"South Kordofan","adm1_pcode":"SD07","adm1_ref":"","adm1alt1ar":"","adm1alt1en":"","adm1alt2ar":"","adm1alt2en":"","date_":"2020-03-11","shape_leng":11.305838419999999,"validon":"2020-08-31","objectid":16}},{"type":"Feature","id":17,"geometry":{"type":"Polygon","coordinates":[[[22.782502400318599,14.983607999862054],[22.781325699822872,14.98321580021444],[22.781063000094477,14.983449500303983],[22.780762999620478,14.983349499849112],[22.780313000257038,14.98298960004848],[22.776464100150221,14.979910400085457],[22.774420299928213,14.978193800383764],[22.768571299943019,14.973281299902357],[22.768163000375079,14.972949500408758],[22.767700500056094,14.972691100346248],[22.763680600245099,14.970384899895445],[22.759063000071595,14.967549500093982],[22.752862999558818,14.959449499669397],[22.75096299985081,14.952249500185834],[22.755339699712888,14.937950400346772],[22.760098700101977,14.925101299976527],[22.762002199646311,14.911300399998721],[22.762002199646311,14.90178260002379],[22.758195099946366,14.896071900017258],[22.748677199779429,14.895120099935172],[22.73392459995803,14.895120099935172],[22.72583440035698,14.892740600429995],[22.712985300079918,14.889885299681016],[22.704419299703829,14.886553999938732],[22.702039799958431,14.882746899660052],[22.694901400435217,14.875608500297767],[22.68490770039157,14.866566500228684],[22.673962200270083,14.859428200247107],[22.673010400192343,14.854669200177515],[22.673962200270083,14.850862100030675],[22.674914000347918,14.84610320042006],[22.673486299782066,14.843247800112582],[22.669679100369109,14.841344300234326],[22.663968399615189,14.836585299648963],[22.664444300103209,14.835157700277955],[22.667775599926408,14.825163899638035],[22.676817499892255,14.8018452001469],[22.682052300158155,14.787092500243974],[22.702039799958431,14.74283459986855],[22.712509399591834,14.719039999656266],[22.713461199669638,14.695721200109867],[22.696804999692528,14.690010500052193],[22.576880200316733,14.646228400373834],[22.570693599973065,14.646704299656863],[22.544519499829118,14.644800799752755],[22.519297199762907,14.642421300161768],[22.514538299985158,14.64099360000785],[22.5078758000517,14.639566000073071],[22.503592799863672,14.63671060023494],[22.499309799675611,14.633855199737264],[22.492647299742185,14.630999900282859],[22.48598479980879,14.630048100336341],[22.479798200363419,14.627192800028935],[22.471232100274317,14.621957900152898],[22.463142000386313,14.616247199780831],[22.454575900297243,14.611964199651622],[22.444106299765544,14.603398100263941],[22.440299100352554,14.599590999841258],[22.409366100430791,14.598163300308478],[22.398896499899095,14.568182100213358],[22.398896499899095,14.566754399625346],[22.384143900077628,14.518689299981311],[22.383192099999789,14.513930400392757],[22.385095600442423,14.512978600019943],[22.390806300298074,14.515358099799398],[22.395565299788839,14.517737500075212],[22.402227799722297,14.516309900374292],[22.41650449995397,14.506316100241619],[22.432684900054269,14.497750100336765],[22.44458220025356,14.483473300174003],[22.441726800020113,14.461106399931699],[22.437443799832085,14.429697500401952],[22.435540199676442,14.408758199608311],[22.439347300274719,14.387819000016448],[22.440299100352554,14.374018099686172],[22.44458220025356,14.366403799738181],[22.449816999621131,14.358313699635284],[22.455463000115035,14.350249500132188],[22.459263000429321,14.338349499745426],[22.459263000429321,14.331749499973915],[22.457362999823008,14.328349500318639],[22.454591500440436,14.327007200286699],[22.450292900109215,14.325001199599631],[22.447162999877772,14.323149499777715],[22.431163000351081,14.313149500022364],[22.431163000351081,14.308849499882006],[22.42976300023529,14.303149499751509],[22.428009900229132,14.297055499940013],[22.427662999612437,14.29584949997378],[22.42960300040173,14.291745700403858],[22.430305400308939,14.289309000382625],[22.435540199676442,14.285026299706901],[22.442445000394837,14.273841200192839],[22.454062999999241,14.261849499794295],[22.45636299974031,14.259349500330307],[22.462563000253088,14.248449500245583],[22.470162999983355,14.238949500126164],[22.472183900352125,14.236009300227034],[22.476362999597832,14.237949499678294],[22.480663000402561,14.242749499918704],[22.483563000193271,14.244649499770738],[22.487412500374649,14.243623600365412],[22.49216300000624,14.243049500408665],[22.49455089989786,14.242671800118599],[22.497881899683765,14.243623500235088],[22.501663000342781,14.246549500170795],[22.506923999973861,14.246003099965471],[22.517763000326827,14.242749499918704],[22.528763000338319,14.241349500196314],[22.529324800428789,14.241223100305465],[22.532749799926002,14.240452200407271],[22.537763000184345,14.239449500430689],[22.545471299906918,14.236009400360832],[22.550163000311567,14.229849499691952],[22.549662999821049,14.227049499688565],[22.548563000179261,14.222449499567263],[22.547763000113108,14.215149500428586],[22.549163000228834,14.207949499903453],[22.552175000172522,14.202722899732491],[22.557368600106244,14.195558500175212],[22.564362999689369,14.189049500105432],[22.566362999854736,14.184249500273049],[22.543288000304415,14.13420829985782],[22.532562999754237,14.110949500326084],[22.490743699586542,14.105614899639214],[22.445463000186272,14.051449500133097],[22.426973600124054,14.051762300122355],[22.415092699568611,14.052017800303537],[22.404132900064457,14.052253500372858],[22.40127599964449,14.052314899785465],[22.395089400199115,14.04707999999258],[22.389342100283852,14.042125800177963],[22.382817199794133,14.03650070004938],[22.382142300012667,14.035918900265616],[22.381288499844146,14.03518280035922],[22.368002800372647,14.024402799797555],[22.367649800195263,14.024107499587558],[22.362686499554318,14.019954499985996],[22.360155499834597,14.019110500413815],[22.356976099736027,14.01805069971865],[22.345078999861023,14.015194999774817],[22.334133199702272,14.012340100152674],[22.331830600236735,14.011121000128608],[22.328019699764873,14.009103500019679],[22.326043099814267,14.008056899717387],[22.323918099975351,14.00441419959644],[22.321682699882988,14.000659100096094],[22.320839100084545,13.999210499589914],[22.299392500005936,13.962371500254619],[22.275598600293289,13.960467800341725],[22.253862999611268,13.958449500293462],[22.242762000215851,13.956660700319665],[22.237051499786187,13.954757000320004],[22.23229199993381,13.951425500360596],[22.228016300354057,13.947032699763788],[22.224677999959844,13.942859999914262],[22.220362999984744,13.937649499784451],[22.218015599739395,13.933817799701483],[22.210882599989436,13.925772300218076],[22.180240300283458,13.892977900433443],[22.171125299911377,13.88395520014857],[22.166040600044656,13.878922099898501],[22.160058999740475,13.873001000207728],[22.15566299957446,13.868649500294651],[22.150196799579636,13.86261570001721],[22.126563900423747,13.836489900169964],[22.105228999562524,13.812941499589552],[22.086674000026665,13.792468499778465],[22.084605000264279,13.790185699802066],[22.083163000315693,13.788749500349059],[22.072392599809373,13.776773300383349],[22.074468900180104,13.774576399690229],[22.07662450023081,13.772851800099721],[22.078579200153044,13.772014400305537],[22.079143999718287,13.771754599887482],[22.079631299827305,13.771519299606531],[22.08149389997509,13.770642699974402],[22.082266900277116,13.770247600128933],[22.084262999957481,13.76924950018463],[22.088351699939516,13.767728199622139],[22.089569100405804,13.767314199843677],[22.092856000097768,13.766779699782392],[22.093056699901886,13.766550299640571],[22.093504500189599,13.766486300171712],[22.096835800012766,13.762679099920653],[22.100110399971935,13.759404499951218],[22.100661500229045,13.759184099778226],[22.101862999616511,13.758749499942713],[22.102457899930261,13.758431500339178],[22.106829500056413,13.756016700280618],[22.110160799879683,13.75125769984712],[22.112064300322317,13.746022899679195],[22.113016100400152,13.744595200252391],[22.114171100293529,13.744062100300283],[22.118576000068991,13.742029100337041],[22.119202600132514,13.741739799727171],[22.122533899955716,13.736505100132952],[22.125389300189198,13.731270100372079],[22.126340999655696,13.727463099897079],[22.126816999856757,13.723655899746998],[22.128244599811303,13.720324700235951],[22.130624099556734,13.715565799790619],[22.132051800122589,13.709379199754469],[22.129672300377226,13.704620300022091],[22.125865100065909,13.69843360023372],[22.121106300001106,13.693674800030795],[22.11682329981311,13.686060399999553],[22.11729909968982,13.682253299586449],[22.121106300001106,13.678446200432845],[22.123009900156745,13.6732114003267],[22.123009900156745,13.668928300191718],[22.123961599623275,13.666073099792417],[22.126340999655696,13.66274180024406],[22.128720500299387,13.658458799615504],[22.131100000044786,13.652748100126308],[22.133955400278268,13.646561399987084],[22.138238299854951,13.643706099864049],[22.142045500166272,13.640374800421935],[22.140617900211659,13.636567699770659],[22.141569599678153,13.630856900116115],[22.144855500443544,13.625693599831109],[22.150308300269334,13.623819599967639],[22.150611499643997,13.623718599748761],[22.155846399622842,13.620387299581989],[22.163460599921127,13.615152599600517],[22.166316000154609,13.609441800365259],[22.173930300165839,13.597544600189602],[22.179165100431703,13.59183390012849],[22.184875800287326,13.585647199740853],[22.189158900188364,13.582315900029116],[22.195345399920729,13.578508900030691],[22.198505199678131,13.576251899991195],[22.198676600030922,13.576129400134255],[22.204690599872546,13.573816299902715],[22.207962999857561,13.571749500130981],[22.209818799758583,13.568450399989253],[22.210918900011716,13.56642900010446],[22.212216200232675,13.565007999846978],[22.214662999962485,13.562249500022631],[22.219463000359465,13.557849500366837],[22.22229260007968,13.554517099656417],[22.231858400214147,13.544061999765177],[22.231910400092666,13.543803600408062],[22.232417700293226,13.538058100375229],[22.232417700293226,13.531871600035206],[22.230514199850528,13.526636599631912],[22.228135199568449,13.519022100051293],[22.227658699904069,13.512835599631057],[22.228121099611776,13.50544660012228],[22.230422899576627,13.499776500212544],[22.230514199850528,13.499510600148566],[22.229562699810053,13.496179100354521],[22.228135199568449,13.491896599724516],[22.228610700306259,13.487137100384784],[22.226706700400275,13.478571600278348],[22.226706700400275,13.477144099773726],[22.224344800447913,13.466749299644862],[22.226706700400275,13.463818600359604],[22.230514199850528,13.461439599961864],[22.234321199837563,13.457632100193862],[22.239556200427678,13.449541599626013],[22.242887699676903,13.444783100195586],[22.24669469966387,13.438596600311783],[22.249074200307565,13.435265600371789],[22.250475699711579,13.430593399936388],[22.250946799602772,13.424595999792498],[22.252351799741412,13.422422399724939],[22.254074000396809,13.420115100324175],[22.254408400057958,13.419585499612564],[22.254732300210041,13.419129100365618],[22.254957700091317,13.418811500250614],[22.256646799625067,13.416397299586821],[22.260929799813095,13.414969800028643],[22.264524100300314,13.413411099834679],[22.26755029991369,13.412114199620573],[22.270081299633475,13.410774199963305],[22.2711751000015,13.410153300047167],[22.27210330043852,13.409661900199874],[22.276058199952178,13.407538899682958],[22.27992349970274,13.404499800119734],[22.283432600375214,13.399779200121884],[22.285634300169701,13.396843800019846],[22.289006800325076,13.393036899856526],[22.293178800185025,13.390044699927941],[22.294200299647457,13.389271300206856],[22.299000800406024,13.385422399758786],[22.299089100306883,13.385180699943186],[22.300494500195864,13.381667899589507],[22.300904800312011,13.380642400298177],[22.300904800312011,13.375934900377231],[22.300904800312011,13.371073100130452],[22.300904800312011,13.3668818003285],[22.300904800312011,13.362732500028637],[22.300862799580916,13.359724200372794],[22.296626800146857,13.358350299917705],[22.294242300378581,13.356868899942823],[22.292814299775401,13.353537900071085],[22.292136899982577,13.351166000256011],[22.291834299784178,13.35037729984216],[22.291721500130542,13.34865390035773],[22.291386300070474,13.344971399946898],[22.281393299814464,13.335453899765746],[22.27516459992502,13.328791199626002],[22.269495299827568,13.32403240032442],[22.26188129985357,13.321652899570164],[22.258032500358162,13.318321499935246],[22.254742799719114,13.305948399752436],[22.251845900014487,13.302616999982726],[22.246652800442419,13.29880990001625],[22.243755800126451,13.296906399733237],[22.238045100270831,13.292581500080789],[22.233443800028162,13.288360600010716],[22.228527100390913,13.283539499926187],[22.224894699657533,13.277636500200687],[22.220954299850863,13.272118000326724],[22.215202099625767,13.266883299916667],[22.209057299688901,13.262600499837211],[22.201442800251613,13.257365500001697],[22.197160300425239,13.255937499802215],[22.192928900365448,13.256160400178672],[22.18807630001529,13.256413600188001],[22.183835299660053,13.255937499802215],[22.178600299968164,13.253082499910834],[22.177011599743818,13.251535599592485],[22.17575419999287,13.250278200107404],[22.173841299579042,13.248323499745672],[22.172609299692791,13.244832299624726],[22.170944300161405,13.240233299991262],[22.173602900177368,13.234999300286256],[22.175703100226244,13.228336000266939],[22.173799500070601,13.224528899750226],[22.168564800416011,13.217866500245211],[22.16555429976054,13.212525299813297],[22.164757600104757,13.211203900408787],[22.162427199577813,13.208323600302295],[22.158377299629617,13.203456300293528],[22.157619300294588,13.202637899647003],[22.155757300221396,13.199306499920409],[22.153360899572242,13.19759400036193],[22.150480899873081,13.195499399570025],[22.148866700071054,13.193683499600169],[22.146673800173101,13.191216399705858],[22.145772900435901,13.190315500203727],[22.143342500349899,13.187885099661806],[22.142314400066798,13.1836069999523],[22.141914799783979,13.18217449987422],[22.1402313003477,13.178410899763962],[22.138635899589669,13.175020699967808],[22.136822200132649,13.171063500127975],[22.13671980027511,13.170839900105911],[22.136680000416508,13.170753099840431],[22.136443100302959,13.170516199930722],[22.133824600183029,13.167897600087313],[22.130017499584721,13.167421800203908],[22.124782599605876,13.166945899680451],[22.121493299615434,13.165518499582886],[22.117209799964087,13.163614500148546],[22.112223199719626,13.160917199652713],[22.109179800063558,13.159829400035441],[22.105746999596349,13.160759300300093],[22.101513599886758,13.162170500396453],[22.091987799935275,13.163138999844028],[22.087704799747183,13.160283499672845],[22.081993799854331,13.153620999871825],[22.074813999674621,13.14362710010867],[22.071350500180905,13.142472699794382],[22.070531000384889,13.142199500372969],[22.060578799812383,13.142675499675358],[22.054392300080021,13.140296000436216],[22.038687799569477,13.139344499935065],[22.030529799622364,13.138571199616148],[22.028652500341639,13.138392400005944],[22.025949899944717,13.13869740001509],[22.020086400252573,13.139344100152702],[22.013465300077314,13.137916499997344],[22.009562999618474,13.135449499746732],[22.008230300385456,13.128874500146038],[22.007448800224264,13.120016200037155],[22.006761400385656,13.112694100353297],[22.003947799660683,13.109839000278793],[21.998237300129382,13.10412850037738],[21.995558799734919,13.101868300117847],[21.991574800195959,13.098417499633525],[21.981063300442738,13.091279000367297],[21.977297799926951,13.085092500084345],[21.973490799939981,13.079857500058354],[21.966310600010029,13.073195100139319],[21.962069299617433,13.072243500292043],[21.95631689996635,13.07129150038203],[21.951599799697043,13.068912500033015],[21.948744299750615,13.06700849971981],[21.947750799877312,13.063201300354446],[21.944460800099236,13.057966500090494],[21.938750299669604,13.053683500215108],[21.934943299682637,13.052256000281623],[21.930660300392905,13.048448999736028],[21.928756799950275,13.042262000097811],[21.93003169978131,13.037873500077342],[21.93014279982237,13.032540199748016],[21.930618800023467,13.02370240004565],[21.929262999714592,13.020449499797564],[21.927263000447457,13.017549500426128],[21.925063000265581,13.014449500120838],[21.920624899655461,13.007793799956211],[21.916817799955485,13.003510800263896],[21.913010700255576,13.000655400090904],[21.909679400432342,12.997324200308874],[21.908861199600196,12.996490100116235],[21.906939500188201,12.99401930010683],[21.903863000308782,12.989811800427814],[21.90066300004414,12.987249499842239],[21.900326200084539,12.986559400242376],[21.90405219988066,12.989354100040718],[21.906907200363829,12.993637599617516],[21.909763199773575,12.996968600286976],[21.913094199559513,13.000299600023693],[21.916901200444777,13.003155099696611],[21.920708200431811,13.007438100278515],[21.92594320012363,13.015052099868699],[21.929274700271154,13.019811599734863],[21.930702199614391,13.023618599755082],[21.930226200311694,13.032184600356286],[21.930226200311694,13.037419100251022],[21.928798700070057,13.042178100198047],[21.930702199614391,13.048365100185208],[21.934985199802487,13.052172100272651],[21.938792199789454,13.053599599815715],[21.944502700219051,13.057882600270498],[21.947834200366604,13.063117600078062],[21.948786199870398,13.066924600346528],[21.951641699816825,13.068828600431752],[21.956400700205947,13.071207599839461],[21.962111199737251,13.072159600073167],[21.966394199925279,13.0731110996152],[21.973532700059799,13.079773599803969],[21.977339700046763,13.085008599861524],[21.981147200395348,13.091195099625638],[21.991616700315742,13.098333599573536],[21.9982792002492,13.104044599638801],[22.003989699780501,13.109755099737383],[22.00684470026367,13.11261010017302],[22.00827219960691,13.128790599977059],[22.009700699673449,13.135453099595502],[22.013507200197097,13.137832600293233],[22.02017019959381,13.139260599844174],[22.020515500310943,13.139222300319791],[22.014030500291128,13.137832700020786],[22.010223399692855,13.135453200198787],[22.008795799738241,13.128790699708274],[22.007368000357669,13.112610299648569],[22.004512600124254,13.109755099737383],[21.998801999981644,13.104044400156306],[21.992139500048154,13.098333599573536],[21.981669900414751,13.091195200247029],[21.977862799816478,13.085008599861524],[21.974055600403556,13.079773800181103],[21.966917299694991,13.073111299997754],[21.962634100081008,13.072159600073167],[21.956923499938398,13.071207699594009],[21.952164500447605,13.068828300290249],[21.949309299640113,13.066924700102781],[21.948357399849328,13.063117399687393],[21.945026100026059,13.057882799790242],[21.939315499883485,13.053599699577349],[21.935508400183508,13.052172100272651],[21.931225399995476,13.048364899782568],[21.929321799839837,13.042178299730438],[21.930749399794387,13.037419599967025],[21.930749399794387,13.032184600356286],[21.931225399995476,13.023618599755082],[21.929797599716544,13.019811400184331],[21.926466399606355,13.015052400075467],[21.921231499627478,13.007438200058774],[21.917424399927498,13.003155200353724],[21.913617300227592,13.000299799589937],[21.910286000404387,12.996968600286976],[21.907430799596863,12.993637300260238],[21.904575299650439,12.989354299615625],[21.900768299663468,12.986498900311497],[21.896485100049389,12.976981099834166],[21.89220209986139,12.970318600219336],[21.887919099673297,12.960800800283311],[21.883160299608559,12.952710600104982],[21.880304900273373,12.947951699740093],[21.880304900273373,12.942716799647918],[21.87840130011773,12.934150799855974],[21.877925500240956,12.930819600127085],[21.875070000294528,12.92510879990097],[21.872214600061049,12.918922200250647],[21.869835299741641,12.914163299794208],[21.86888339995086,12.909880300328094],[21.86888339995086,12.89941069996428],[21.866979900406523,12.896079399564373],[21.860317399574836,12.885133900224011],[21.852703099563506,12.868953600419587],[21.851751400097008,12.86229109989331],[21.851275499608928,12.854200900185605],[21.851275499608928,12.846110699921134],[21.848895999863529,12.835640900016916],[21.843185300007942,12.829454599987489],[21.83747450043931,12.824695599651125],[21.831287999808648,12.820412599782493],[21.824149600285438,12.817557199779214],[21.818438900429818,12.815177699570398],[21.814631799831577,12.808991199719506],[21.813679999753738,12.802804399950997],[21.818914800019602,12.7975696998435],[21.828908500063253,12.792334899858178],[21.833191500251282,12.789479399929695],[21.834143300329117,12.786148300378903],[21.83747450043931,12.78091359991811],[21.840805800262512,12.776154700391221],[21.846992399707887,12.773299199729101],[21.851751400097008,12.771395699843859],[21.857461899628312,12.76473319982553],[21.860317399574836,12.758546600029041],[21.860317399574836,12.756167099905438],[21.858889799620222,12.751408199891847],[21.856986099751534,12.747601099937405],[21.855558499796988,12.7423662999137],[21.85603440028504,12.738559099987834],[21.856510299874824,12.732372399603236],[21.85603440028504,12.726661799591255],[21.85793789982937,12.723330600403647],[21.868407500361069,12.71666809976492],[21.875070000294528,12.711909199641397],[21.883636100383665,12.706198400395859],[21.886015500416018,12.701439600350524],[21.886491499718751,12.697632300044749],[21.886015500416018,12.691445800434447],[21.885063800051192,12.686210900245749],[21.884111999973385,12.680976200005279],[21.886881000242802,12.676361199923701],[21.890209800054578,12.676776999925133],[21.89077239964563,12.676692799846514],[21.90029240007372,12.675265400378622],[21.903147599982812,12.673837800098969],[21.907430799596863,12.67050660029839],[21.91266550014975,12.668127099885091],[21.91837629971835,12.662416399693157],[21.924562800349008,12.656229700320509],[21.924562800349008,12.656705699585368],[21.927418099971149,12.651470800045159],[21.930749399794387,12.649091399901428],[21.935508400183508,12.645284199948705],[21.939791400371536,12.641952799960784],[21.943598500071513,12.637194099925027],[21.945026100026059,12.631483300276017],[21.944550399862297,12.62624860001654],[21.947405599771493,12.622917299937132],[21.949132900162777,12.621190099672415],[21.952874599815068,12.622081999837821],[21.959888899776658,12.623737299768802],[21.965968599703235,12.625162099886435],[21.97181050030273,12.626550500434975],[21.978796700063949,12.628199199697073],[21.985009799810236,12.629665300420083],[21.990496200220822,12.630950099567958],[21.996821300120086,12.632442699880309],[22.028174099842101,12.639841399768851],[22.035057700319829,12.641475700304982],[22.04475780038586,12.64375479986337],[22.05380179971452,12.645889000274398],[22.063731299859771,12.648242099735246],[22.074050599668041,12.650677300118559],[22.08221400028664,12.652603699822091],[22.095312899586379,12.655694800043502],[22.106127400186605,12.658246800232506],[22.114972899685238,12.660334200216985],[22.125658899877294,12.662855900159739],[22.138423699553176,12.665868200294959],[22.152384400315711,12.669162600128782],[22.158587299691888,12.674226200121701],[22.164403399778113,12.678974100049412],[22.170995000177754,12.684320900413791],[22.180385500372736,12.692020700085983],[22.187606599699272,12.697915399876877],[22.193053399677279,12.702327900378112],[22.199063299607953,12.707233999876953],[22.198860699866973,12.713716999944163],[22.198702200219902,12.718789999657412],[22.198564699590914,12.723191699595082],[22.198350299580394,12.728724000170288],[22.198206199927363,12.733335100126739],[22.197980599721866,12.741884700020636],[22.197616799998105,12.752195600191467],[22.197635800264649,12.752919999890706],[22.198208499614463,12.752589400180854],[22.202350099586941,12.750198500356838],[22.204874999745865,12.748777200282461],[22.206078399968458,12.748099799716288],[22.211939900010826,12.744800199633932],[22.217107199967959,12.741891500154303],[22.224408299660439,12.737677899606187],[22.230152600100926,12.734412699975508],[22.235901199878388,12.731145100357068],[22.242803900335637,12.727221499972204],[22.267430399976135,12.713582200173859],[22.271457400071093,12.711375199752615],[22.273778800377212,12.710089500300876],[22.274742600150578,12.709507100029203],[22.286414000107044,12.702774299638186],[22.309946799990797,12.689150000192777],[22.316483199814598,12.686494500057293],[22.322496599581562,12.684051500121932],[22.324412099719758,12.683206500323278],[22.325269900086283,12.682826500235965],[22.326168699562306,12.681928099964123],[22.369950700048253,12.662892099932773],[22.396124699580859,12.651471099809626],[22.404214699755922,12.648139599976258],[22.418967199864376,12.644332599705283],[22.42896119994532,12.641477100137566],[22.463609199792575,12.632934000150518],[22.463142000386313,12.62966379971617],[22.462024700090421,12.626779699700684],[22.45947460039115,12.62043140010541],[22.456189700348958,12.612356899911989],[22.449654400063107,12.595984800010253],[22.446534700201738,12.58832209968315],[22.443656700152346,12.581157699779485],[22.442418999557248,12.577972999899883],[22.439984499560293,12.571755100195997],[22.437266899993098,12.564475499792392],[22.43435310028298,12.556782399585481],[22.427450099788437,12.538292299980171],[22.42759110025375,12.53194660011471],[22.427926000276521,12.51687710042594],[22.426064300240697,12.515925500308455],[22.422256799892043,12.515449500300569],[22.418883999699368,12.512594100089931],[22.417456399744822,12.510690499943875],[22.415552799589179,12.506883399626595],[22.414584599867496,12.504610700380526],[22.411745600176154,12.498317399874979],[22.408414400065965,12.494034399652849],[22.405083299668718,12.489275400414577],[22.400800100054735,12.485468300415583],[22.398896499899095,12.481661099670049],[22.398597599861336,12.480839099801235],[22.396993000354758,12.476426300062526],[22.39352040002888,12.473862200281161],[22.391323799970284,12.472143499711896],[22.3903305004213,12.470239800039323],[22.385137300237918,12.466908999801182],[22.381329799889336,12.464529000410872],[22.377047300062923,12.458818000400365],[22.373198399956141,12.454535300294596],[22.365149800437646,12.445493499681023],[22.363752900407867,12.443088099679905],[22.366558100088351,12.440708800202078],[22.367571200302855,12.437319599685505],[22.368222900193683,12.436450799909322],[22.368970000269393,12.435468599939895],[22.369950700048253,12.431132600403574],[22.369950700048253,12.427325600350775],[22.370894400017132,12.424493700401939],[22.373281699834159,12.421138600077503],[22.376613500018944,12.42113880009914],[22.37946869992814,12.423042600212801],[22.38708269990207,12.425422100035586],[22.387488200319627,12.425385300144924],[22.392317699593892,12.424946100399787],[22.395580100431481,12.423081899810914],[22.396993000354758,12.418843399948411],[22.397977500007208,12.416357300109711],[22.398257800427029,12.415649500381186],[22.398609499843886,12.414742200270865],[22.400884200331635,12.41019359958732],[22.401359700171046,12.41019359958732],[22.40554329997628,12.405075600203894],[22.412305200292529,12.399248100395425],[22.415160199877409,12.39686859998813],[22.422298700011861,12.390206100016389],[22.426106200360447,12.384971599601482],[22.42705550042686,12.380225499888395],[22.426106200360447,12.377357099926108],[22.424784700424077,12.375705599957795],[22.424409100430747,12.37523620000194],[22.420437600050661,12.371211999886036],[22.420568499858881,12.369960099941006],[22.420668099667765,12.369006200196205],[22.420774099972899,12.368519700438497],[22.420871199770289,12.367839099587924],[22.420871199770289,12.364508100125612],[22.42006519985636,12.363097799853513],[22.418967199864376,12.361176600161064],[22.418911499825146,12.360786100083962],[22.418491700024898,12.357845600039054],[22.420395699930847,12.355941600395191],[22.423726699716784,12.354989600201687],[22.426106200360447,12.353086600320724],[22.426106200360447,12.350231099612778],[22.425630200159418,12.346899600323447],[22.424202199556195,12.343568600079241],[22.426106200360447,12.340237100247792],[22.427533699703748,12.33690610037641],[22.42896119994532,12.333099099873525],[22.429913200347411,12.327864100304096],[22.431340699690718,12.324057100111325],[22.431340699690718,12.322153099669677],[22.430865199851237,12.318822099929868],[22.431816699891744,12.315966599660303],[22.436100200441388,12.310256100091564],[22.438003199624109,12.305497099783112],[22.43990720042839,12.299310599613822],[22.4446656995576,12.293124100383888],[22.444190199718086,12.28788909979149],[22.441810699972692,12.283606600045337],[22.440382700267872,12.280275100194462],[22.439430699865714,12.275992099984226],[22.442286199812202,12.273612599862442],[22.448472700442863,12.2693296001364],[22.449900700147751,12.265998099611641],[22.450376700348816,12.260763100382405],[22.451804199692088,12.256956100332989],[22.455135200376322,12.252197100055657],[22.45894269982654,12.247438600353535],[22.460470099914293,12.245692999808982],[22.462274199974097,12.243631099898865],[22.465129199558902,12.241251600082185],[22.464653699719456,12.237444600364908],[22.462749699813507,12.234589099701896],[22.464177200055108,12.23316159985626],[22.464700299824823,12.23316159985626],[22.467033000038899,12.23316159985626],[22.467459699798823,12.23316159985626],[22.469441500096625,12.232841999900112],[22.470411100291784,12.232685699601992],[22.473742400114986,12.23220980024665],[22.476121800147371,12.229830300273424],[22.477073600225175,12.226023200097972],[22.478025400303014,12.221740299864324],[22.477073600225175,12.217933099910304],[22.476121800147371,12.214601699810261],[22.473742400114986,12.208891099762342],[22.475170000069532,12.206035699993853],[22.478025400303014,12.203656300033092],[22.481356600413271,12.200325099620104],[22.484211999748389,12.19699380025847],[22.485639800027254,12.194138399593992],[22.487067399981868,12.190331299850447],[22.488494999936417,12.18509639963049],[22.49039860009206,12.180813299579615],[22.49039860009206,12.175578699834139],[22.488970900424501,12.169867900387489],[22.489446800014221,12.16415720035527],[22.491826299759616,12.15797059965638],[22.492778000124478,12.15273580022553],[22.493729800202317,12.147976799879409],[22.491350400169868,12.14131439983632],[22.49039860009206,12.138459099870774],[22.490874499681848,12.135603699919098],[22.492302099636394,12.130368799727741],[22.494205800403346,12.122754599911373],[22.493729800202317,12.114188400122346],[22.488970900424501,12.108477800030942],[22.484687900236473,12.103718900276732],[22.485163799826193,12.098008200208497],[22.485163799826193,12.088966199914879],[22.482308399592746,12.080876099912446],[22.479928999560361,12.078020700025398],[22.48278430008083,12.076117200015416],[22.485163799826193,12.072785900354543],[22.484687900236473,12.070406400079902],[22.481356499801961,12.070406500223763],[22.477549499814931,12.072785900354543],[22.477484399804641,12.072525500436676],[22.47706520007895,12.072774399726567],[22.477478799707136,12.07250289973029],[22.477073600225175,12.070882299892975],[22.478977099769512,12.067075099684461],[22.477549499814931,12.063268100151324],[22.475170000069532,12.057557299636072],[22.476597800348465,12.055177899627576],[22.478025400303014,12.049467200100558],[22.478501099568483,12.044708299658202],[22.478025400303014,12.036142200238844],[22.476121800147371,12.031383300063313],[22.476597800348465,12.025196699837727],[22.4808807996382,12.021865399888874],[22.487343100129088,12.020480700413525],[22.494158699936399,12.021389600330904],[22.503200699615185,12.028052099589271],[22.518904699764182,12.040425100037137],[22.531304999928697,12.050069700409265],[22.533401799854158,12.051916999632173],[22.536988700020125,12.055178099926659],[22.541913600377605,12.056214599896752],[22.542262199708411,12.056288000424939],[22.546073400217708,12.057056100009946],[22.546553900079996,12.057081399887474],[22.549885100190188,12.053274299768127],[22.559878899946881,12.05137079973256],[22.561638299838183,12.05137079973256],[22.566970299614354,12.05137079973256],[22.568510199759281,12.052000700168435],[22.577439699821767,12.055653599818925],[22.583171699631134,12.061840600078673],[22.589813399972432,12.06184049993163],[22.590335899667579,12.061840399784565],[22.592037400443825,12.060564200123354],[22.592239400110213,12.060412699722297],[22.594496899656907,12.062986199873601],[22.594809899651338,12.063353599782133],[22.595645700276478,12.064334699658954],[22.596007699776457,12.064759800242749],[22.596710699758191,12.065584999873641],[22.596941699736877,12.065856200293357],[22.597489000120394,12.066498699951838],[22.59850009978673,12.067685600139976],[22.600810899972434,12.070707000105667],[22.600948600027412,12.070886999617565],[22.608858199628763,12.081228899676589],[22.610379200118391,12.083217600137511],[22.619491500154734,12.09513219997058],[22.624501099965379,12.101682200127772],[22.657793100077772,12.153522199606233],[22.666989000029361,12.167841300304454],[22.684864800446881,12.19567629981568],[22.708783500407055,12.232331899684491],[22.724293500387247,12.256101100056869],[22.732106000191177,12.288510499736205],[22.725087000243974,12.324277399699328],[22.692677300250843,12.390683600319527],[22.690864899757756,12.403407900046458],[22.688848199911252,12.417565700071069],[22.686695999983861,12.43267499993688],[22.692643299915634,12.460713800105204],[22.692677300250843,12.460874100083439],[22.695301699607278,12.47387400004477],[22.659474200113902,12.572690499902315],[22.647267200330518,12.596311100300024],[22.638905399594968,12.61749029979817],[22.638858300026286,12.617552800243823],[22.626271099976996,12.634275000405278],[22.611500700038178,12.660885999668643],[22.615854200009718,12.691536100404582],[22.616078200315716,12.69311280025032],[22.626515200087486,12.704892599992993],[22.645863400341103,12.715879000421079],[22.663658600318051,12.73297530011437],[22.666065999939534,12.735288099768837],[22.668532600334867,12.742793000346373],[22.674671999600314,12.761472199619666],[22.681305800157006,12.786032500174057],[22.682641100012781,12.790976299743688],[22.682667600313692,12.791074300406878],[22.721956199900635,12.814548899973605],[22.748280400443761,12.837277899989356],[22.758639800147964,12.848437300353778],[22.764088500062766,12.854306699781944],[22.777272000001048,12.860288099747571],[22.784901399793856,12.860715400266793],[22.785507500302618,12.867887500410616],[22.786231299876452,12.876452000366964],[22.787080300346442,12.886498999745504],[22.787098399602765,12.886712300251958],[22.787265900368983,12.886863199873702],[22.787780399668151,12.887314899909834],[22.788145400439465,12.887635400365653],[22.790213899840236,12.889451699932447],[22.791444200114011,12.890531900283229],[22.792103600363522,12.891110900092762],[22.797293500136501,12.891110900092762],[22.799275599573271,12.891110900092762],[22.802354199713768,12.891136700074053],[22.809703699735493,12.894419000280809],[22.814318599573255,12.896479999879137],[22.814869699830361,12.896726100024594],[22.815085699740443,12.896984600056609],[22.816093499894741,12.898190700296443],[22.821456999994766,12.904609700212973],[22.822281499813656,12.905596499831981],[22.824279699755238,12.907987899649498],[22.826456800083974,12.910593399949944],[22.830067500215002,12.914914599725341],[22.84306790014217,12.922299899764573],[22.85210119963747,12.922727099702454],[22.858876100372552,12.922910200050888],[22.868428900088226,12.926896599573285],[22.873612400263148,12.929059599841167],[22.874568099927583,12.929458399715857],[22.874891199680818,12.929593200390876],[22.875111400113159,12.929685099592771],[22.875603199883443,12.92976040030076],[22.87854060013267,12.930210000344976],[22.879085800254973,12.930293399609505],[22.882062199963993,12.930748999611254],[22.883227799977689,12.930927400335538],[22.885930700411912,12.931341099673935],[22.886819400129234,12.931477099687079],[22.887046799660283,12.931512000163909],[22.888025000325953,12.931979199599969],[22.890188200123969,12.93303269995771],[22.891464799567515,12.933654399602949],[22.896450600311358,12.936082600144498],[22.896583799806709,12.936254899962965],[22.896728799571669,12.936467100388924],[22.897320700410674,12.93733309972157],[22.89812080018984,12.938503899934428],[22.898320999632411,12.93879689986559],[22.899112700163645,12.939955400271836],[22.899415799825366,12.940398899835323],[22.902156799607386,12.944409699920051],[22.902817000255745,12.945375700087402],[22.907038199945525,12.951552600215159],[22.907292300101801,12.951984399624498],[22.908453500167244,12.958215899849018],[22.909065000449093,12.961498099968512],[22.909088200339699,12.961755300322528],[22.908492600238276,12.962560200022224],[22.907922199677262,12.963331199957846],[22.906767100070876,12.964892499946632],[22.906425799551748,12.965353699750112],[22.901821899584615,12.971576100019252],[22.901691899888291,12.971751799817785],[22.901308700147613,12.972296800176862],[22.901522400370592,12.972444699751879],[22.901742500191631,12.972597099609104],[22.902072199867202,12.972825399837255],[22.902260599938465,12.972955800116365],[22.902628399860198,12.973210400110945],[22.902883700165596,12.97338719998972],[22.903746199619341,12.973984299577868],[22.904008399884511,12.974165799710743],[22.904428600333333,12.974456699665701],[22.90464110040709,12.97470650016262],[22.904783999910904,12.974890800108941],[22.904972099944903,12.975133400176446],[22.905393300218694,12.97567679993848],[22.905547699954745,12.975875800239599],[22.90605560022987,12.976531000324472],[22.906248700286742,12.976780000397007],[22.907740299815366,12.978703999661343],[22.908227699637397,12.979332599600776],[22.908464899788211,12.979638599655216],[22.908695299692265,12.979903000366901],[22.90943410023306,12.979572299631565],[22.910799299614766,12.978947600052672],[22.911489900150631,12.978631500040816],[22.911682499845924,12.978543399606412],[22.912258499606075,12.978282400004236],[22.912892100240583,12.98150349985298],[22.910694900107423,12.989682700100689],[22.900318900435025,13.000485900277454],[22.878468799588632,13.009091700200853],[22.880909700082004,13.01470709990498],[22.897511299557799,13.023068900162862],[22.910267699985784,13.031674899739881],[22.925099199736948,13.032895599964085],[22.942494200254814,13.029477600012706],[22.951283299926683,13.039121099946946],[22.974293500402339,13.059873099981393],[22.975269999658874,13.075496200407683],[22.963673600045475,13.085871900089261],[22.951100499952862,13.100887899642188],[22.957956199656138,13.10725320004048],[22.967274300130818,13.115903200367255],[22.966115099715175,13.119503700190785],[22.973683200269683,13.13171150034057],[22.975814299669352,13.135973600421693],[22.97667390025963,13.137692900359388],[22.982106000206301,13.137876000134341],[22.989674399899773,13.136289100261825],[23.002308700416041,13.147885800382099],[23.00487209967314,13.147702700203102],[23.006885599720654,13.149106000250434],[23.005299599832043,13.1519119997947],[23.000307299777134,13.154286400314113],[22.999867400172359,13.155085799738657],[22.998707800006382,13.155513100015011],[22.997059899906478,13.157284500352898],[22.997678000110803,13.15887209976801],[23.000303100153172,13.158689399671671],[23.00231660020065,13.15887209976801],[23.004689100273364,13.158872300080679],[23.005673500212868,13.161049999687517],[23.006703200395471,13.163327699770676],[23.010609100403681,13.164212599615887],[23.014515700199464,13.165097700071048],[23.016022100370733,13.167244700176608],[23.016421200291902,13.167813600429843],[23.024995699628896,13.180034299935544],[23.028752100210887,13.185388099649451],[23.029194300401059,13.186018299969993],[23.032887299686877,13.191281799702406],[23.036255000143729,13.198780499599726],[23.037314100389001,13.201138899844974],[23.037480300394627,13.20165970011273],[23.03749850026232,13.201877199788562],[23.037532399986151,13.202283800312847],[23.037794099889677,13.205424700149027],[23.038686400054665,13.216132300156072],[23.038868699666871,13.218320400277861],[23.03868559965575,13.231075899763315],[23.03490139980898,13.246274499920133],[23.033680900154973,13.25268220016491],[23.034443799799867,13.253632399905987],[23.03868559965575,13.258908699635084],[23.042896999624094,13.263120199972551],[23.044019999730434,13.26294590000454],[23.05351720001822,13.261472200045651],[23.058452800209036,13.260126200073623],[23.066638099957572,13.257893800294086],[23.070301799792123,13.256894599648712],[23.075917999574784,13.256386900167353],[23.080142600286205,13.25600500018958],[23.080838700308302,13.255942099915954],[23.081086099930832,13.255919700045375],[23.081814900425837,13.256178700062861],[23.082218400295321,13.256326900306718],[23.082511199873924,13.256434399900781],[23.082734099743679,13.256516199729182],[23.083586900087326,13.256829399993892],[23.09190829999131,13.259885300138428],[23.107289099775798,13.265683600013974],[23.110707099600365,13.266904299832134],[23.111049600268743,13.267034800389705],[23.113270600367066,13.267880899687958],[23.118519600302623,13.269895100122175],[23.163754599709417,13.286485300351833],[23.185958800271141,13.294628900304797],[23.18608549955713,13.294675299757914],[23.194691500116143,13.315488299605574],[23.199086000095573,13.374082099814879],[23.199781400330064,13.383389199943597],[23.200672900096137,13.395322300321707],[23.20070549995777,13.395769900288082],[23.200759600097467,13.396514400273455],[23.200877000023603,13.398128300309063],[23.200897799615696,13.398414099840711],[23.201031099722393,13.398746600076826],[23.201262200312382,13.398885600339009],[23.202293600107524,13.399502400361769],[23.204164000326941,13.40062069984662],[23.207265699746639,13.40247540038855],[23.216002200363658,13.407699199748061],[23.217115200424274,13.408364700125693],[23.217767200352434,13.408754599704363],[23.218375700261308,13.409118400081889],[23.218709899598142,13.409517299707831],[23.218764700423673,13.409883799919248],[23.218914299562904,13.410895599783563],[23.219107899981363,13.412205799924168],[23.219559400429684,13.415259899624051],[23.219715900426916,13.416318399818699],[23.22084930032932,13.419517199946171],[23.222288500229155,13.423579000145157],[23.222462500306413,13.424069899683618],[23.22307280043907,13.425717799879328],[23.223836799621942,13.427345299573025],[23.224170300069503,13.428055799945339],[23.224475100242032,13.428705200027512],[23.224691100152047,13.428633400070963],[23.224476600428517,13.428708500200322],[23.218923100357738,13.433829000343874],[23.214985700025807,13.4374975999583],[23.211800399792498,13.440447300389728],[23.205494699910084,13.446286699992299],[23.202768899622686,13.448413800436139],[23.202580200412392,13.448561099886554],[23.201841200445607,13.449137700056408],[23.198864300375039,13.451460800206871],[23.197263799881082,13.452698100183984],[23.196231700298334,13.45349609984439],[23.194311100424251,13.454980800129265],[23.190369600181402,13.458028099890884],[23.190080199827783,13.458259300277822],[23.18725080043189,13.460520199713082],[23.182313400017229,13.464465500195834],[23.182865800136604,13.46546920021262],[23.182207099674731,13.466059700003335],[23.18458750043035,13.470271099771434],[23.183977099686349,13.4704541999965],[23.182207099674731,13.47210219967276],[23.190385800399223,13.486506500196128],[23.191140099573609,13.512930699730676],[23.191179300255946,13.514094399611523],[23.188005500254881,13.524104100315297],[23.178422899827964,13.534663200111735],[23.163028799587384,13.538861599843145],[23.161510200294533,13.539426199616667],[23.160953499939918,13.53963500010317],[23.158549900192092,13.540536300304327],[23.15761000009687,13.540888800026964],[23.155027499961854,13.542139299976821],[23.146013300446143,13.546503999865758],[23.139970799755467,13.554865900341289],[23.139940000117651,13.555107700355506],[23.139871700308301,13.555643800141091],[23.139822900228779,13.556026799802911],[23.139717499998206,13.556854599749677],[23.13964230022912,13.557444900342492],[23.139596999985987,13.557801100421322],[23.139485599907598,13.558675100285216],[23.139441600424998,13.559021199929902],[23.139383500087359,13.559477200082489],[23.13934520041521,13.559777600056428],[23.139294800436222,13.560173799578374],[23.139231000288103,13.560674799858958],[23.139172099551548,13.561136700146033],[23.139040700279981,13.562168500183157],[23.138698199611635,13.564858100122329],[23.138577299849111,13.565807000040271],[23.139543700245238,13.567142700119515],[23.141068700034509,13.569080399878008],[23.142962900218993,13.571487199591253],[23.143571899591119,13.572260899729635],[23.145923800396091,13.575726899909364],[23.148164799687596,13.579029399571811],[23.149818399597951,13.581380500241831],[23.152422000260653,13.585078300257297],[23.157793100107988,13.586909299932387],[23.164812100055158,13.585078300257297],[23.173967399749195,13.585078300257297],[23.180192999552588,13.588313100286085],[23.182390199685848,13.593073900184283],[23.182336100444481,13.595470499945851],[23.18231810000281,13.596265600235688],[23.18231090000581,13.596586700309459],[23.182303499684519,13.596910800052871],[23.182268900173014,13.598446400017313],[23.182048500314718,13.608199499834813],[23.181080599732031,13.620725200227898],[23.180881300401389,13.624010400061117],[23.180285400262768,13.633832399603966],[23.179676799742619,13.643863600343956],[23.179646600179364,13.644362400056453],[23.179310599720381,13.649899999827591],[23.179056000100886,13.652662000150766],[23.178517199576604,13.658505900166688],[23.178486199614465,13.659404599891632],[23.178361100227978,13.663033199671494],[23.178328800403641,13.663969700144087],[23.17785669978921,13.677658899784049],[23.177360899821025,13.692036699772471],[23.177302500344386,13.693756599661441],[23.177224900276851,13.695719500353011],[23.177209900208254,13.696093399635433],[23.177019099838514,13.700861900417276],[23.178422899827964,13.704279899653731],[23.184404400419233,13.705866800216631],[23.187486699822145,13.705988900263726],[23.190568900410277,13.70611100024745],[23.20662119985278,13.710261400194808],[23.208354800129143,13.71383689960922],[23.208520499773151,13.714182799875491],[23.20849410008362,13.715172499936282],[23.208472899842885,13.715405700377882],[23.208424000050421,13.715943400018871],[23.208391199864433,13.71630379965811],[23.101315799904736,13.751833999802548],[23.10060309991454,13.752070400117889],[23.102983300345841,13.757258499998851],[23.10060309991454,13.758112899994993],[23.11462299965423,13.788674299761942],[23.117570900310866,13.795100199665599],[23.120988900135398,13.804072399770293],[23.121116300107289,13.805520000047659],[23.123369200279711,13.831110999574591],[23.125435099956011,13.83619729999211],[23.128633999784476,13.844073299717079],[23.130187300098441,13.847897600055376],[23.131421100208577,13.850935200117954],[23.132094199766122,13.852592400182273],[23.132219300050913,13.852900500286845],[23.133528200217157,13.856554199709105],[23.134597799971406,13.85953979995805],[23.135136799921675,13.861044300052317],[23.138432099759832,13.870242600355908],[23.139188299769373,13.872353499586588],[23.139944499778913,13.874464399669614],[23.141040100370784,13.877522400156817],[23.144037400283207,13.885889199698484],[23.146841699851699,13.893717000252183],[23.149187100447207,13.900263800070995],[23.149424599736957,13.900631100206379],[23.150621799787515,13.902482300168225],[23.151001700016085,13.903069699619474],[23.151350000207959,13.903608200417391],[23.151782500389675,13.90427709962719],[23.151953500093892,13.904541500064813],[23.155778900272839,13.910456699631151],[23.168169000067312,13.928706200195736],[23.191789600388638,13.954707200322385],[23.205400499874454,13.959467899986306],[23.231401500053071,13.978083599600266],[23.241129800032585,13.989008500308074],[23.2428149999797,13.990901000414523],[23.246625899553333,14.010658999818967],[23.246782299837523,14.01146989966816],[23.235806600152912,14.040815799658132],[23.225445299613455,14.068519300029559],[23.217973699680076,14.088496199949649],[23.2115683002759,14.098775600082368],[23.208175199954351,14.104220800259588],[23.207788600090396,14.104878000420953],[23.208245200274604,14.106310400140828],[23.208856299907882,14.108227999609062],[23.208999099698648,14.108676100422153],[23.209141199701875,14.109121800154174],[23.209264400049868,14.109512500120765],[23.217389800135248,14.13528159997195],[23.218890000134486,14.140039399882399],[23.219149299739563,14.140861699825786],[23.220623300373482,14.145536399899211],[23.220615099653315,14.151517799866989],[23.220598199647821,14.158289900399572],[23.220598199647821,14.165095300357121],[23.185625100397559,14.158869800329631],[23.172309900252181,14.158869800329631],[23.15839009978459,14.158869800329631],[23.157182700262318,14.158869800329631],[23.143861399657784,14.174330999767575],[23.143233900380665,14.175059399834971],[23.141984999590623,14.176508900423011],[23.139037000119338,14.179906700154731],[23.135602299715334,14.183865499901607],[23.135348000133135,14.184158599745173],[23.134683299823546,14.185070299767741],[23.13402490029727,14.185975299608234],[23.133496600180326,14.186701499780828],[23.133183000111266,14.187132599771932],[23.132905499740232,14.187513899995828],[23.132366199752699,14.188255299633534],[23.131856500152022,14.188955899939611],[23.131254999915896,14.189782600202472],[23.127160099761863,14.195411299719524],[23.122392700124813,14.201899500233083],[23.114861600278587,14.209596799641547],[23.112239399997879,14.212276799936344],[23.1117514998143,14.21277549990676],[23.106396900222119,14.218248099886171],[23.107501800173843,14.220333099576271],[23.107959799933234,14.22119739986144],[23.108914700097056,14.222999299677415],[23.112162400005008,14.229127600180441],[23.112658899760866,14.230064499739582],[23.113043800012353,14.230790799635464],[23.113651799559541,14.231938099992082],[23.115353000298558,14.235148300072503],[23.115642000003572,14.235693699959793],[23.116272499653697,14.236883399777119],[23.116688600191601,14.237668500284364],[23.120772200437742,14.252679700422171],[23.12292139999203,14.260579800208617],[23.132357600180452,14.295266700129176],[23.133989300062531,14.301264800154913],[23.135042500173,14.304956800314773],[23.139421499722214,14.320307700029366],[23.14065399997008,14.33460020030526],[23.141832199754035,14.348263000112794],[23.142495399877134,14.355953000281009],[23.142595299723279,14.35711189985585],[23.142412199712194,14.357905399812195],[23.141679000167169,14.359466799819732],[23.128112100163957,14.388356900232971],[23.114063999612547,14.418271499930681],[23.087086500177332,14.451901899929119],[23.078699199864079,14.462791499652351],[23.057207100116351,14.490656899818752],[23.048234300358772,14.50182409981092],[23.041458500410126,14.51025699964323],[23.039693000059739,14.512454299945349],[23.036308899959106,14.516665900219724],[23.03395920002659,14.519590400147386],[23.03340100038379,14.520285099751922],[23.029598200020786,14.525017899769598],[23.027084100306496,14.528146799832085],[23.025227599719504,14.530457300338824],[23.024550800001247,14.531299600339945],[23.023598699886143,14.532484600052491],[23.023143699601462,14.533050899934244],[23.02225659978367,14.534154999616913],[23.021476500096018,14.535125800132622],[23.018084299886461,14.539347599727732],[23.017306700210192,14.540315400112872],[23.017057200326519,14.540625899910507],[23.016162199825793,14.541739899688393],[23.015827699553395,14.542156100056395],[23.014406400382185,14.543924999824698],[23.014119599753037,14.544282000374169],[23.013435099676194,14.545133800268589],[23.013305099979867,14.545295599566192],[23.012384899938759,14.546440800227893],[23.010850299854074,14.548350799643252],[23.010245700430161,14.549103199884058],[22.902516200281191,14.503110399701702],[22.817677299809223,14.559506899825269],[22.818373699868651,14.566464799677064],[22.817876200287856,14.566847400037227],[22.818521600293639,14.571442999656071],[22.818806299763377,14.573470500245913],[22.81921699962983,14.57639539987575],[22.819445799634355,14.57802480027722],[22.819507300095307,14.578462600073035],[22.820051300068489,14.582336400361362],[22.820149600015071,14.58303660039901],[22.820978499782214,14.588939399778408],[22.821080700213759,14.58966749969411],[22.822297399994181,14.598332100391323],[22.822908099877147,14.602680799862018],[22.824211199621534,14.611960700008314],[22.825003500227432,14.617603000186246],[22.825578699588672,14.621699299771166],[22.827041500027651,14.63216230042314],[22.828356400041642,14.641567299740071],[22.829179800322621,14.647456200201956],[22.829669100081478,14.650722099720372],[22.830903999729522,14.658963699902303],[22.831917099944029,14.665724700133076],[22.832182700332517,14.667497299809749],[22.834245100172492,14.681261499870518],[22.834883399894217,14.685521700039056],[22.835466299614108,14.689412200307013],[22.837602600259274,14.703669599998632],[22.8379914998104,14.705657499978861],[22.838521099789471,14.708364600380223],[22.839472400404027,14.713227800385962],[22.842085599565515,14.726586000000266],[22.84290820034591,14.730790999965469],[22.844342799973205,14.738124399940196],[22.845584700192237,14.744472899748308],[22.847858499669762,14.75609620006799],[22.847914099995911,14.756380299886622],[22.848272799983814,14.758214299944127],[22.851577700117449,14.775108399691673],[22.853924299963918,14.787103900144878],[22.855607999724512,14.795710599692775],[22.855916299733362,14.797261199671246],[22.856339099906688,14.799387900302987],[22.859160499804958,14.813579399900146],[22.859331600120516,14.814440099810456],[22.863412599743832,14.834967900289184],[22.866029800001659,14.848132200013847],[22.867815000406232,14.857111900023916],[22.868213699678758,14.859138299945089],[22.86938059955472,14.865068300008828],[22.872743500312982,14.882158700017618],[22.872831399565275,14.882605800408999],[22.872921000226629,14.883061199661286],[22.875237800260116,14.894835300127266],[22.875732400079148,14.897348799673733],[22.87599370023236,14.898676900176879],[22.856385300261742,14.916796399788819],[22.845697700170156,14.926672500117245],[22.845391699848406,14.926955199756348],[22.834393500060798,14.93711830030337],[22.829475199625687,14.941663100376624],[22.828511699889617,14.942551599694523],[22.815401600394903,14.954250499746546],[22.811157299629336,14.958037799890633],[22.797618600437868,14.970119200050004],[22.797402700240795,14.970311800296098],[22.791315500279886,14.9757437000368],[22.785899799977091,14.980576399846813],[22.782502400318599,14.983607999862054]]]},"properties":{"adm0_ar":"السودان\u200E","adm0_en":"Sudan (the)","adm0_pcode":"SD","adm1_ar":"غرب دارفور","adm1_en":"West Darfur","adm1_pcode":"SD04","adm1_ref":"","adm1alt1ar":"","adm1alt1en":"","adm1alt2ar":"","adm1alt2en":"","date_":"2020-03-11","shape_leng":9.6097362000000004,"validon":"2020-08-31","objectid":17}},{"type":"Feature","id":18,"geometry":{"type":"Polygon","coordinates":[[[28.081110699698637,14.056144600037859],[28.080656600424241,14.056919400093342],[28.080324000088609,14.057486799583659],[28.077261000091301,14.062711900423309],[28.075029999947223,14.06651759967105],[28.073411199872627,14.06927910026508],[28.071409100344379,14.070965700136535],[28.049715300069199,14.08924080028099],[28.04899000030882,14.08985169970456],[28.04807779976543,14.090620200237021],[28.043794000076719,14.094229000142558],[28.040175799911317,14.09727689972974],[28.030771199759631,14.105199400374124],[28.024236500446733,14.110704300158776],[28.019615899900227,14.114604500380318],[28.018456400345517,14.115844000212567],[28.015144199603576,14.119384599868992],[28.01407769993531,14.120524599764815],[28.012620499593837,14.12208230035432],[28.003167299686943,14.123051899575493],[27.989468100300272,14.119400300216112],[27.988571799937343,14.115844000212567],[27.987334800028179,14.110936000070785],[27.986054000062406,14.10585399971167],[27.985832900416433,14.104977000259087],[27.985714900415669,14.104508799786531],[27.985952299992409,14.102537999811226],[27.986288299553092,14.099748100403595],[27.986487400356044,14.098094400086842],[27.986541199560111,14.097648100285447],[27.986788699793916,14.095592999918264],[27.986819099681423,14.095340199716846],[27.986872899783791,14.094893999951784],[27.986935799819989,14.094371599589804],[27.994260700375964,14.081477300326869],[27.994061100109725,14.080716800021008],[27.994519399906412,14.079914800213835],[27.988041999633946,14.055393299583956],[27.963286400409011,14.051400500153958],[27.959356599824361,14.050766700265324],[27.919807900233423,14.055665600174459],[27.907007399711532,14.062605700236757],[27.900684199749062,14.068774600252029],[27.897908199806928,14.070625299844037],[27.898249600039097,14.071618300277441],[27.898322899871324,14.071831700391222],[27.899180799950862,14.074326600054599],[27.903460600339862,14.070625299844037],[27.911325900421254,14.068003500118795],[27.91441039979826,14.069391499747402],[27.914021399635825,14.07100290030457],[27.913330799998256,14.073863999622292],[27.91288220020996,14.074563300098276],[27.908087100122842,14.082037799885473],[27.862711700325331,14.083643100072456],[27.862895400411073,14.082022299983729],[27.862985399924447,14.081229200091787],[27.863084099621336,14.080359799813573],[27.869885900407532,14.070257099909837],[27.872518099835599,14.068619300282402],[27.874916299810305,14.065889599742126],[27.877840899964994,14.063159999940426],[27.879417499882507,14.061774399785707],[27.879743399684493,14.061488099617984],[27.880414499592202,14.06089830025803],[27.879108200048719,14.05803229998298],[27.875891400389957,14.05890959995709],[27.873902700132483,14.061132299795103],[27.872514999749548,14.063731699944018],[27.860487500427976,14.072671200328081],[27.851822699743686,14.069262099873409],[27.837333900086893,14.061023299940011],[27.823633600263975,14.058179900388113],[27.809920800383878,14.074486800094425],[27.791313199996608,14.096614700136911],[27.786023200053162,14.102905500362699],[27.773489899819186,14.117809999921571],[27.772795299983674,14.118635999929328],[27.770361499774296,14.118631400100909],[27.760421899870277,14.11861249985761],[27.753604000375894,14.118599600299309],[27.711833500287689,14.118520399590398],[27.666426699879398,14.118434299976613],[27.65671550022963,14.118415899774675],[27.640496999883172,14.118385100058228],[27.624310200184784,14.118354399652285],[27.618749599829979,14.118343900182213],[27.603943899693785,14.118315800245588],[27.600503099729021,14.118309300365139],[27.561974800062536,14.118236199565986],[27.556344600036216,14.118225499718692],[27.541362200385258,14.118197100081058],[27.532721399990422,14.118180700092429],[27.509442499938594,14.118136600015987],[27.504385399910621,14.118126999595253],[27.496738500037761,14.118112499648731],[27.480748699982851,14.092283099679813],[27.472824599776146,14.093578600099884],[27.45705349996706,14.096137400426649],[27.454660800376843,14.096548399567082],[27.44810670014877,14.097089100160225],[27.443789999662833,14.09745710001007],[27.448702799713445,14.083746099736386],[27.451071899662779,14.077134500044892],[27.470327700104615,14.023394400122585],[27.471222699707013,14.020896700357886],[27.474718799960698,14.004768400018303],[27.479503500251749,13.98269580027817],[27.479287099693028,13.979611300423386],[27.477952600236229,13.960597599810811],[27.477518599867963,13.95441369980815],[27.47295840024449,13.889439000012681],[27.47232319971042,13.880389199749075],[27.471222699707013,13.86470779982181],[27.468170899904656,13.822532499841412],[27.466651999676206,13.813439099773241],[27.465445099617256,13.806213999565751],[27.463593299914173,13.795127700426484],[27.45517040026451,13.746299600104813],[27.456069799815193,13.745525499685762],[27.45517040026451,13.740318100425272],[27.455856500240817,13.739727700431065],[27.488421500082026,13.71170000025656],[27.497223600172621,13.704124300260579],[27.515280299728808,13.675589200382555],[27.519532599992029,13.668869199721286],[27.520783200394579,13.666892800332633],[27.524155200188343,13.661326699565741],[27.525349399865828,13.658572600180635],[27.52780220034175,13.652915800018841],[27.527767500219003,13.651587700128422],[27.528987300085372,13.649645199812786],[27.53057420008594,13.649462099723557],[27.532552699973341,13.649462099723557],[27.533691699973218,13.649462099723557],[27.534283800238249,13.64938169975288],[27.53499759976636,13.649274700235825],[27.536189400043728,13.649095899991508],[27.537776300044229,13.648302400254265],[27.539340099867271,13.646196100136608],[27.540767000034208,13.644274099770803],[27.542607400116392,13.631531099571642],[27.545287900160659,13.612971299778751],[27.545588799848222,13.610887900095996],[27.545588799848222,13.605128700204281],[27.545624499795906,13.604881099597753],[27.545592299684582,13.60167180001414],[27.545488299927484,13.591293499704024],[27.545380399685452,13.580528099599078],[27.544586899828662,13.565879599690849],[27.543183099839283,13.545493900395922],[27.534690299582373,13.526767000414491],[27.52859570019854,13.513328400094814],[27.525379300290048,13.507240799754243],[27.519047899607411,13.495257600134815],[27.5177925004046,13.492881600416684],[27.504425799843954,13.477134500021139],[27.486241400278512,13.456701600414119],[27.486072299612797,13.456511600034258],[27.448222800212708,13.413982100361297],[27.440587900035407,13.40540309963381],[27.412786799994858,13.374164400004021],[27.398726200284571,13.358365200048945],[27.391388699958476,13.350120400292717],[27.384980000143894,13.342491000115594],[27.384488900161287,13.329723200264793],[27.3837465997841,13.310422599682989],[27.382345299806076,13.273988700168077],[27.382172400165032,13.269492900157637],[27.380120300408109,13.25418819989207],[27.377777799574332,13.23671699997271],[27.371979499605455,13.229514900386269],[27.369189299993604,13.226185699642842],[27.366608399758153,13.22310619969962],[27.363373499944739,13.221336199679085],[27.35281440026122,13.216087200125465],[27.350207400373531,13.207903999992341],[27.349352100018461,13.205219400276198],[27.348419900281794,13.202293200219378],[27.34967359987213,13.198115299705405],[27.354714300256251,13.181314799704904],[27.354828600096372,13.180930899927688],[27.355851199994948,13.177751500301589],[27.356747300033593,13.174965500402669],[27.358185500108522,13.170493899803777],[27.349579600160819,13.161094500191709],[27.344025400302431,13.155112999819202],[27.339507199613394,13.150273600072943],[27.325609099748117,13.135387200048022],[27.286460899653562,13.093455299851191],[27.276215300326093,13.082481199775907],[27.274939000021615,13.081112600179493],[27.245819800168114,13.049888399596002],[27.240387700221444,13.044090099822986],[27.238930599592916,13.042471100367635],[27.22377540001396,13.025632000036332],[27.220612299846252,13.022117399684191],[27.192009800164342,12.989646699612408],[27.188568799875263,12.985740500093236],[27.187072699787045,12.984046899664458],[27.183853700154089,12.980403200291878],[27.162201700285785,12.955894300119525],[27.157412099684862,12.946532399704095],[27.151215800231032,12.934420600060093],[27.137970700118782,12.908531000083869],[27.137920900214393,12.907989799733883],[27.135428099555451,12.880899799984645],[27.132942600403148,12.853888500218501],[27.131989300138823,12.843528599890673],[27.131623000403639,12.837302999562496],[27.131522699908889,12.835671099929831],[27.129803600237906,12.807711499897016],[27.129766100066373,12.807101500064597],[27.128408099783343,12.785014799756846],[27.128388200303174,12.784690700213885],[27.126739000341072,12.756480300010141],[27.126018599992221,12.744158099570368],[27.125132700323622,12.72900470038112],[27.125044100385498,12.72748900037293],[27.122823200000148,12.689500699800838],[27.122589799723023,12.685508600193591],[27.123381900004603,12.678757600393672],[27.123458399635854,12.678105699827103],[27.125531999670777,12.660430999751586],[27.128228199571318,12.637450099890188],[27.130103800137864,12.621463399730318],[27.126433699806892,12.579200900179858],[27.12637399956979,12.57851390004871],[27.095620500109778,12.452237299607212],[27.091568599613375,12.435599799929138],[27.087080399959934,12.417171199690031],[27.083222199595038,12.401328900353532],[27.075775899813248,12.393089099637612],[27.076488100340189,12.387889899623598],[27.075775899813248,12.387107700392724],[27.077606899924266,12.373679900291624],[27.078348699939806,12.366971500130788],[27.083126299946898,12.323765600278335],[27.083222199595038,12.322898699888773],[27.083048000091793,12.312328599896],[27.083041700206682,12.311943099846678],[27.082703799810872,12.291433300376116],[27.082598200154308,12.285024299783798],[27.08218630013863,12.260024400142983],[27.081831300311372,12.238477800204718],[27.081818399605588,12.237693599984697],[27.079987299781557,12.221336200324444],[27.076996599791645,12.197105200377052],[27.074982399956525,12.183311299991336],[27.074609200261605,12.181273100201238],[27.074215500113592,12.179122700020564],[27.073863799798403,12.177201700127418],[27.07022169995486,12.157310300059731],[27.067540899873293,12.141464899754196],[27.067109200090492,12.138913599850117],[27.066803700130393,12.137107699999966],[27.066916700108216,12.135562800258489],[27.067169900152532,12.132102799733325],[27.064853499869322,12.109032900345413],[27.064776899626725,12.108269800045971],[27.064699100133272,12.107495200187524],[27.064179200162549,12.10231760015783],[27.079028700355391,12.079329600266471],[27.093504699917709,12.056919900201036],[27.100373000289469,12.046287400223216],[27.121796399579246,12.004112099840375],[27.123924800439767,12.00052669985341],[27.125680599883434,11.997569100044078],[27.143239600432871,11.963767299590328],[27.158895699715902,11.93080120022165],[27.159210899684492,11.930137500288964],[27.161421400273845,11.92547359968091],[27.17028620007628,11.906769600312071],[27.180433300031115,11.885359900429043],[27.181977000049631,11.882102800275433],[27.183576199783055,11.877078700045223],[27.189004700180391,11.860023999817226],[27.191088900335664,11.853476000222313],[27.204376900392631,11.811729300401781],[27.219704500149312,11.763647700439677],[27.218881499618611,11.76397019995621],[27.21904799966163,11.763421999714234],[27.219391599867926,11.762290800427618],[27.219505499957737,11.760872499732766],[27.219560399598016,11.760188599869863],[27.220612299846252,11.74709300016913],[27.223175799714628,11.715293699701467],[27.224066499980086,11.70379479968526],[27.224162999702848,11.702548500066307],[27.2245316000235,11.697790099616283],[27.225698000436211,11.682732300059101],[27.225881899947879,11.680357700346828],[27.227770899785195,11.655971400171191],[27.228222700270816,11.65013850007505],[27.231180900112175,11.611948100289881],[27.231419700162455,11.608865899708698],[27.234341800305721,11.571141500437419],[27.237397000231461,11.531699999932266],[27.239199900142044,11.50891749962307],[27.24116349967386,11.484104499891512],[27.242502399977237,11.467186099802795],[27.242927300411708,11.461817200068488],[27.2434886998536,11.454722099881879],[27.243535999746538,11.454124699944893],[27.243946899937345,11.44893249961728],[27.244198599795077,11.44575180020624],[27.245091800071926,11.434465399683116],[27.245450200022532,11.429936200083519],[27.24597919992701,11.42325219972625],[27.246771600245918,11.413238200261647],[27.246798399685758,11.412895899736592],[27.246799700446292,11.412877299823503],[27.246883799824925,11.411662399612915],[27.246906999715428,11.411327399650659],[27.247199999618385,11.407093299998349],[27.247371199646885,11.404619200227428],[27.247535700040071,11.402242400365386],[27.247571900349367,11.401719000038847],[27.247756799685973,11.39904810030858],[27.248017100014284,11.395286400271511],[27.24858409955365,11.387100699647426],[27.248726900242751,11.385039000207632],[27.248951400012068,11.381797000289149],[27.249173500381204,11.378590600185822],[27.249435600035067,11.374807299795641],[27.249466500284161,11.374361099778044],[27.249620999733292,11.372130400085158],[27.249715700130537,11.370762199690542],[27.249970200037023,11.367088100092467],[27.250580599882728,11.358299100116824],[27.250741100077899,11.355940500371155],[27.251186500067135,11.349394600050852],[27.251337799717135,11.347171899600392],[27.251424600329774,11.345896799988418],[27.252872099764524,11.324625799655772],[27.253109299915309,11.321140900199147],[27.254333900378633,11.303146499886488],[27.254975099862151,11.29372390005401],[27.255212900087496,11.289888700200779],[27.256378899851534,11.271079799753569],[27.25584360006194,11.256508999983652],[27.255829599818277,11.256126199933496],[27.255307899623745,11.248814800051983],[27.25460070001801,11.238903399861091],[27.253982500100744,11.230239800419325],[27.253931899797404,11.229531699574277],[27.253378000389876,11.221768900156256],[27.253289800201959,11.220532300311593],[27.25261849996993,11.211124199820505],[27.252308399737231,11.206778299773994],[27.251826999763015,11.200032499836485],[27.251667699717029,11.197799200080148],[27.251618199849936,11.197105200271455],[27.251949200286038,11.196034999567596],[27.253022899951272,11.192564399632944],[27.254864200145381,11.186612399768514],[27.254928700081074,11.186403899999807],[27.25580880022618,11.183559000329078],[27.257233399807728,11.178953899559652],[27.258187699896986,11.175869099621339],[27.258942900081593,11.173427799823685],[27.261590299902608,11.164870099951971],[27.262484700328677,11.161978799829596],[27.263472600104574,11.158785399719807],[27.264816300106478,11.154442000428498],[27.265123499679152,11.153448900419752],[27.269688199862212,11.138693400427831],[27.270360199881846,11.136521300134433],[27.270630399644602,11.135647700312031],[27.271984800378231,11.131269500034529],[27.273708399710475,11.12569819979978],[27.273890799933987,11.125108499679099],[27.274016500293406,11.124702099997428],[27.275009199767759,11.121493000241692],[27.276697100050683,11.11603699958453],[27.279023000018032,11.108518399703602],[27.281674400036991,11.09994780041319],[27.282040999809471,11.098762699893983],[27.283217700305169,11.094958900194868],[27.284942000323412,11.089385300373081],[27.286801800422378,11.083373300435349],[27.286900700443592,11.083053599755589],[27.290551399859343,11.071252599581859],[27.291074399916045,11.069562100103477],[27.291447299573669,11.068356499903173],[27.291600100308521,11.067862800363029],[27.291779299834676,11.067283500195929],[27.29203580028933,11.066555300113032],[27.292114899645018,11.06633080043062],[27.292280600187425,11.065860499896814],[27.292359599830103,11.065636199808457],[27.292534400306305,11.065140100335016],[27.293000299850302,11.063817499902171],[27.293067100371463,11.06362789968909],[27.293291999891089,11.062989499576185],[27.293507099689247,11.06237879956805],[27.294433700226673,11.059748599625109],[27.294635300142787,11.059176300335171],[27.295717900315825,11.056103299696629],[27.295989499653761,11.055332400231613],[27.296622599926717,11.053535300304279],[27.296722300346779,11.05325210002956],[27.29737599988751,11.05139670016303],[27.297634199954636,11.050663899794415],[27.297731800113649,11.05038660034047],[27.297885599775103,11.049950000406353],[27.28831590005397,10.945794199965407],[27.261316799729514,10.85720040014226],[27.261316799729514,10.857200299567472],[27.288749600384975,10.802240400245459],[27.299489800429708,10.780723000340064],[27.301235500114643,10.775896600420149],[27.339940599907102,10.668888400021329],[27.419167500220308,10.537692100425698],[27.4456280003449,10.467518400256756],[27.475569899793438,10.388112000374992],[27.459853699624631,10.298100799773389],[27.453711099661859,10.262920700318922],[27.449395799649494,10.238205900340835],[27.477949400437133,10.085920399572457],[27.481290400268794,9.9911502996241488],[27.482548700131701,9.9554584004184719],[27.482786900107385,9.9487015997050179],[27.482986500373624,9.9319215000842807],[27.484654200240715,9.7917342995923864],[27.489266999817332,9.7833803997470188],[27.493141100362756,9.776364300227824],[27.555681199588761,9.6631019999390961],[27.565252700432048,9.6457676003624719],[27.572441899684552,9.6327475997190888],[27.583137800209354,9.6141959004005368],[27.583365900426273,9.6141807000482924],[27.596037499891459,9.6133359997585295],[27.663528699738496,9.609533700160144],[27.718662299939748,9.6062065996006467],[27.758586600422348,9.6033547997931006],[27.772157900373809,9.6036435996645952],[27.772564399718004,9.6036523001488199],[27.780915199684561,9.6038299997182719],[27.78183849981172,9.6037963997275302],[27.782185599854337,9.6037838002838001],[27.783029300264189,9.6037524996318986],[27.786980199579833,9.60364679979185],[27.791992199688892,9.6035126999974736],[27.797835700187953,9.6040988996106265],[27.803336099943973,9.6046227999863394],[27.807542199852076,9.6044224998208527],[27.811101200141987,9.6047459996351794],[27.814660300144809,9.6050696001126354],[27.822101899941018,9.6050696001126354],[27.830514200368594,9.6053931001944211],[27.837955800164771,9.6057167000534882],[27.841514799556315,9.6053931001944211],[27.8460444995793,9.6053931001944211],[27.851065199871911,9.605875499933477],[27.871569600168133,9.6073987000927339],[27.887476100345093,9.6085802998032275],[27.891411400415876,9.6093377995693867],[27.897410599614894,9.6104925998480564],[27.89781230015879,9.6105698999928038],[27.898443300170534,9.6108532997534635],[27.88128359986662,9.641732700243427],[27.870122699909679,9.6629675996433573],[27.833500900160633,9.732645000395209],[27.832933299648342,9.7337250997587361],[27.832592500389129,9.7343834001478182],[27.832226300366891,9.7352103002933248],[27.832104499594177,9.7354863003571879],[27.831618500245689,9.7365874996590289],[27.831916599884501,9.7396439998828885],[27.836347499599217,9.7851049001961119],[27.830620400099786,9.798641699899246],[27.836229499598456,10.166290899671814],[28.00088619960114,10.166803800227312],[28.220364199598254,10.167068499868684],[28.359178000217319,10.167235900087178],[28.519112200177549,10.167428699984997],[28.600118399862257,10.167526399676152],[28.954427000440091,10.166854400023368],[28.999828100139563,10.166666699904352],[28.999835499562522,10.153516599786675],[29.000077999773548,9.7201789998251211],[29.000099599764525,9.6815736998179247],[28.999762799804959,9.6709139001803752],[29.00873540013648,9.6799178996381965],[29.020748099713838,9.6919727003374483],[29.023369699919819,9.6946033996796608],[29.037449299896718,9.7087323003123682],[29.042684100162578,9.7168225998966662],[29.046015300272838,9.7211056002869096],[29.048870699607921,9.7263403003167124],[29.05125020025168,9.7296716002996231],[29.057912700185074,9.7310993003716355],[29.062671599962922,9.7320510996864957],[29.0698100003844,9.7363340997369399],[29.075044799751936,9.7449001997301234],[29.078376099575173,9.7501349995580462],[29.082659099763163,9.751562699748769],[29.085990299873458,9.7501349995580462],[29.089797500184673,9.751562699748769],[29.094556300249479,9.7529902999804214],[29.098363499662469,9.7539420997174808],[29.102646599563506,9.7529902999804214],[29.107405500239651,9.7501349995580462],[29.111212599939559,9.7491831995759952],[29.116923299795182,9.7487073003369211],[29.229233800058012,9.7491831995759952],[29.229709699647803,9.7496590999065571],[29.538088000297321,9.7501349995580462],[29.538088000297321,10.003309700245033],[29.538088000297321,10.012827499988598],[29.538563800174099,10.015206999867807],[29.539020800108624,10.079193600399718],[29.539039699763819,10.081831800233484],[29.540631100323946,10.082636999846624],[29.574117900105687,10.099578900362863],[29.659440500239043,10.14274609980415],[29.783172499926096,10.206039699781277],[29.853128599657655,10.242207599742233],[29.853220299681865,10.242390500283259],[29.939028099663055,10.286643500240292],[29.942266099562548,10.287722799850862],[29.942805800198759,10.287722799850862],[29.962565899569718,10.288118099591371],[29.9819271002421,10.288505299925454],[29.973882400310266,10.292904700020255],[29.960876499998605,10.306518599834742],[29.957519500273445,10.31610109957553],[29.952880900183526,10.318725600036542],[29.952387600226761,10.3189371996466],[29.952179700425571,10.320335199901521],[29.951437600372774,10.322616100162582],[29.95087610031954,10.324341699787889],[29.948029299658337,10.333091600342522],[29.946227500183934,10.339011899882873],[29.944504400314941,10.344673199652524],[29.944184099712235,10.345725799598682],[29.936005399886039,10.357688699899896],[29.930220500086328,10.369644000330149],[29.929596700071524,10.370933399933342],[29.929287100200469,10.372215900099668],[29.929169400236972,10.372703399833679],[29.926783800032453,10.377291099915896],[29.926290899825929,10.37823909974615],[29.923541000434398,10.38352739963908],[29.923218499857498,10.384147499850263],[29.922821800234772,10.384910400104991],[29.916770799684894,10.401737999587601],[29.916413100420293,10.40273270037247],[29.90850740040554,10.416853100055835],[29.904999499882351,10.423118399968544],[29.903595699892872,10.425925999623789],[29.899650900137985,10.433651300067494],[29.899201199913445,10.434531999892885],[29.896978500202611,10.440974900013805],[29.894828999712665,10.447205900401116],[29.894379400099464,10.448509000158831],[29.889618600384853,10.454307400055136],[29.889282200175565,10.45462400011043],[29.888581100130622,10.455283900030842],[29.888581100130622,10.456504599745674],[29.887761600334606,10.46357239967892],[29.887604500262782,10.464927500285146],[29.883820300416012,10.466697499907768],[29.882782700448768,10.467307900352143],[29.881926700306092,10.467758399990425],[29.881622999671517,10.467918199774935],[29.880840000222097,10.470774100314559],[29.880585399704234,10.471702400393932],[29.873926200181149,10.481860600417923],[29.873383299745949,10.482688700312535],[29.872514500407092,10.486978400074575],[29.87240669987807,10.487510500318029],[29.871979499756531,10.488304000126886],[29.863790599560261,10.502301700003354],[29.862585000261905,10.50436259992161],[29.860583400196948,10.507783999833668],[29.859589399962026,10.509483199851717],[29.856269300333764,10.515105799595622],[29.855805200115256,10.515891900426219],[29.85421830011472,10.51772289973459],[29.853063099897025,10.519134799666309],[29.852570300301814,10.519737100008175],[29.852204100279607,10.521507099591576],[29.85211009967,10.521914400208413],[29.852021000268554,10.522300499736453],[29.851410600422852,10.523521200087357],[29.848786099556747,10.5277327002952],[29.84817580032238,10.528892300360747],[29.84527590024479,10.534053199683914],[29.844574699588435,10.535301000436398],[29.844574699588435,10.537132099986819],[29.842377399742229,10.563316200261704],[29.842377399742229,10.563544499631908],[29.842377399742229,10.564536899585416],[29.821991700132717,10.582481200241354],[29.817780300164404,10.586082300158099],[29.807770499615945,10.594138900178923],[29.802399399768571,10.597312800021848],[29.798371099811384,10.599937300045953],[29.795990699954064,10.603111100052402],[29.734589400403646,10.656516899912363],[29.713894499774952,10.674584600016825],[29.711029800181688,10.677085699567465],[29.700592800409915,10.68788889984382],[29.699005900409382,10.689720000411777],[29.698590300233096,10.690152900410959],[29.688812999849805,10.700340100316861],[29.686005399870908,10.703086699614028],[29.681793900189625,10.704734599582915],[29.68057320021126,10.705283900229688],[29.678986300210759,10.705894299805184],[29.671784200252471,10.713340599862011],[29.664215799660635,10.719932400345609],[29.659577099857746,10.724510000097302],[29.625397499565938,10.754905500150338],[29.621369099895773,10.757530000345964],[29.61941599987297,10.75893380023515],[29.61740189975086,10.761131099778465],[29.616425299882987,10.762107700158964],[29.614594200058988,10.763511499913459],[29.611786600080126,10.765708699899967],[29.598601999705629,10.776765299891725],[29.594391599562261,10.780296100191954],[29.592804699561757,10.781516900230029],[29.592079799551581,10.78214510017844],[29.590973599737726,10.783103799800392],[29.591170000204905,10.783447400426638],[29.58401559988986,10.78908519995497],[29.567169900303579,10.803489500406611],[29.556573100124272,10.811652599562732],[29.554413599588571,10.81331620009658],[29.536408200123326,10.82833080035333],[29.524384300351123,10.839317099563864],[29.515228999758691,10.846702399841293],[29.513615400031291,10.848243600142526],[29.501618199985888,10.859702899989029],[29.493012200325143,10.864097400342997],[29.489237599875551,10.866233000038651],[29.488578699987663,10.866605799935286],[29.488373499623947,10.866721900167732],[29.484772500399608,10.871116500096051],[29.477204099807839,10.880088599653435],[29.470369600345261,10.885273399638256],[29.464814000013295,10.889487999930443],[29.45270430035162,10.899561399668313],[29.437592299856387,10.912132099589634],[29.420672299714639,10.924407399775447],[29.415802699646076,10.92794019961967],[29.397032700025072,10.942188599601229],[29.394414299618088,10.944176299956705],[29.39401320004708,10.944480700149176],[29.393022999685783,10.945215399674701],[29.390229000200311,10.947288299896812],[29.389963699849122,10.947876300337658],[29.387970700254741,10.952293200348523],[29.387291800275428,10.953669900386148],[29.386153400350114,10.955978399988318],[29.385956699845607,10.956377199843008],[29.384780399998522,10.958762400409629],[29.380063200016203,10.968327799846902],[29.37942060005917,10.96963079973651],[29.379181599684607,10.970115500302818],[29.372835499868923,10.981771699660031],[29.370028700288977,10.986927100273427],[29.367218700011705,10.992088100425368],[29.366603699893471,10.993040899751746],[29.361558899598393,11.000855400140889],[29.360996600044604,11.001726400438139],[29.359270199765277,11.011059200417874],[29.359223100196626,11.011314199808291],[29.358795900075091,11.012290800425399],[29.358429700052849,11.012901100207355],[29.352814400382115,11.021079800059274],[29.348717900328484,11.026955200244817],[29.348175800292235,11.027732699882803],[29.347522000140227,11.031152199629743],[29.347382300435449,11.031883100103764],[29.345978500445966,11.034080299676392],[29.345758800375268,11.034468999770047],[29.345604300027844,11.034742400362903],[29.345185100302221,11.03548409983936],[29.345001899679822,11.036338599749879],[29.344122800257921,11.039635600257085],[29.343781199701496,11.040916299940182],[29.339295599772488,11.045019000402263],[29.338776399589378,11.045493899672678],[29.338593299578292,11.046531499793709],[29.338776399589378,11.062095500277486],[29.335419399864179,11.069907999950615],[29.334253600424461,11.094389800058019],[29.333771499764278,11.104514899821382],[29.334625999720402,11.11190019970511],[29.334934899803951,11.114508199765648],[29.337799799721537,11.138694600003991],[29.343170899568769,11.14571360024788],[29.358028199833239,11.156496500231679],[29.365204599889569,11.161704800028748],[29.393336899792139,11.182221500213005],[29.395417000036524,11.183738499995068],[29.396582300012994,11.192316600394351],[29.397614299882729,11.199912800189821],[29.415619599634962,11.208701900290905],[29.433717799560618,11.225538399668455],[29.441010199967902,11.232322499807919],[29.470795399993261,11.25093820023474],[29.474396499828909,11.257102799879735],[29.469391600003842,11.270103300112725],[29.469397100388338,11.270838799587469],[29.469517100038942,11.286957299696365],[29.469574300264622,11.294651400275775],[29.460333499820212,11.314600300126266],[29.459626000177145,11.31612380038391],[29.460057399922647,11.321997200236149],[29.460419400320923,11.326926999607412],[29.464467800082637,11.332814900261781],[29.482437499600127,11.358949800254285],[29.48255970012319,11.359127500343758],[29.48737960000037,11.366137600240231],[29.495209500171374,11.377525199995329],[29.496513400314676,11.379461199714507],[29.497210699587665,11.380496600263585],[29.494485399661851,11.386432400044104],[29.49380570018193,11.387901100145209],[29.493378400347343,11.390708699576912],[29.495534599574381,11.396781300124491],[29.496369100337326,11.399131600125481],[29.496002900315151,11.399497799835407],[29.495819800304034,11.398521199888556],[29.495392600182495,11.397300500273225],[29.494432399958431,11.399172799652804],[29.494171900204098,11.39968089995377],[29.493910699763898,11.400243399672556],[29.493689699830966,11.400719500049526],[29.492902300433272,11.402415299778625],[29.492585000203565,11.403098899805535],[29.491974600357899,11.404136500276438],[29.490814899580641,11.406883099795596],[29.488983900367916,11.410728300304557],[29.481662600259639,11.420504900103753],[29.481393800072127,11.420863799966032],[29.481019599653976,11.42136349996902],[29.478974099819457,11.4240950000674],[29.470494600018707,11.447918299763767],[29.470001900136538,11.449302500142251],[29.468384600248427,11.454375500185042],[29.467031399663988,11.458620100025888],[29.465937200443989,11.462052300358337],[29.462688000349548,11.472243800255255],[29.460175300210437,11.480125300031084],[29.460106299715186,11.480493100225704],[29.4600307999088,11.480896000019138],[29.45999220019932,11.481101799902035],[29.45954919961023,11.481773999712214],[29.459198700342597,11.482505600357843],[29.459015600331476,11.483482200269529],[29.457600300109753,11.488121199755664],[29.456818400198287,11.490684300417733],[29.455621999648343,11.494607300032431],[29.453032599553659,11.503098000245991],[29.452836700346428,11.503740500110419],[29.451569299651425,11.507896200424049],[29.450747800205505,11.510022300043817],[29.449892599563441,11.512235099877895],[29.44419170032759,11.526987799818592],[29.432271099626455,11.557835200148713],[29.422825200327939,11.582278900381016],[29.409848000291312,11.615860699746158],[29.409084300247471,11.617836799759095],[29.397259900130095,11.6484354995765],[29.39210950017846,11.661763600044196],[29.38479690025364,11.680686799986104],[29.382591399687197,11.68642759963835],[29.377424399767463,11.699877800412494],[29.376801300438625,11.701499800349993],[29.374177200221126,11.701083799587316],[29.373652300227562,11.701000799567485],[29.366791499890102,11.699912799972521],[29.361176299932374,11.699729699656912],[29.335419399864179,11.699119400169121],[29.325226599915911,11.698692100177832],[29.279772399901674,11.697256299851194],[29.263397899919596,11.696738999741564],[29.254975099982946,11.696494899813029],[29.254425799949658,11.69753249961393],[29.231135399665522,11.733354699762257],[29.230377899793783,11.734519800155374],[29.231810199733903,11.745818999869471],[29.23202589960669,11.7475203000206],[29.230194799782659,11.74733719961236],[29.225372999968716,11.746726800422005],[29.224520499662358,11.746726800422005],[29.224396499813817,11.746726800422005],[29.224531900181628,11.747584399690519],[29.224579599824938,11.747886499592669],[29.224481399591301,11.747886499592669],[29.223786099968152,11.747886499592669],[29.226227499924839,11.759910399594515],[29.227814399925371,11.769309799576686],[29.228350999577195,11.771759299691595],[29.229218299627831,11.775718500146061],[29.238373499608855,11.796714600066982],[29.241314999769042,11.80343390026308],[29.244599100310616,11.810935799806794],[29.25058060000352,11.824912800332031],[29.2535347996469,11.84946529960583],[29.260590299940738,11.90810380013736],[29.26419139977639,11.934715100007658],[29.264984899633109,11.939536899751813],[29.267714600405537,11.960010000135041],[29.26962349972306,11.974326900277529],[29.282990200283702,12.001914799615061],[29.289398900098217,12.0121076997095],[29.311085699802351,12.046484600232986],[29.325592799938146,12.069480700414543],[29.329268000004944,12.075396099682846],[29.330476899713698,12.077341899566935],[29.332699799748884,12.080919600166986],[29.338410199567171,12.090110599748037],[29.347382300435449,12.104514899611491],[29.348175800292235,12.115318099744391],[29.353424800227788,12.128501699885685],[29.362580099921853,12.129295200428933],[29.374151699745152,12.134508799698718],[29.375243300139083,12.135000600106201],[29.38479690025364,12.139304900000621],[29.417816900379457,12.159507600255898],[29.432404300020167,12.186912399750721],[29.442169899846864,12.211082300186737],[29.440573100411889,12.226995100428384],[29.440399899835246,12.228721400276187],[29.439890200234636,12.230660000396874],[29.439326899957617,12.232802599784753],[29.437002100426483,12.241744099834968],[29.444428199792437,12.249900600311644],[29.456574200374789,12.252891400276148],[29.475983399829474,12.25728589965904],[29.478607899797282,12.258140400117684],[29.481415499776148,12.259300100402408],[29.489227999580077,12.26650219990632],[29.488373499623947,12.279502700276886],[29.492585000203565,12.290122799637919],[29.495575700193548,12.305320599835531],[29.503815400119077,12.325095999721327],[29.507791700197824,12.332335999743975],[29.514374499802567,12.344322000431994],[29.517254300075777,12.349687500114952],[29.519148200223025,12.353216299975989],[29.519204399725538,12.353320899963778],[29.520073599712902,12.354940399915781],[29.520172799771473,12.355125300207561],[29.520508500193095,12.355125300207561],[29.523407699584883,12.360496299596136],[29.540802700102752,12.378684799936797],[29.545624499916766,12.382896200353208],[29.554413599588571,12.390708699842349],[29.558624999556912,12.396690199862286],[29.584198699900973,12.428306400275412],[29.595612300438884,12.437522700285205],[29.597722300209195,12.43980059978049],[29.600983400286186,12.443321099979938],[29.605377900265612,12.445884500012291],[29.605805200100164,12.4464948996737],[29.610302199650143,12.449188300085712],[29.617218700026765,12.453330800271145],[29.628205100443168,12.461936800033364],[29.629722600198107,12.465983600091365],[29.630585399689149,12.468284399796254],[29.632416500411477,12.471336199963169],[29.638397900391404,12.478538300225948],[29.644013200062236,12.487083300419652],[29.644327599631811,12.489064400345388],[29.644623500194829,12.490928500368264],[29.642609400072754,12.497093000162112],[29.643585900227585,12.5009382003549],[29.650177700053217,12.505332799781835],[29.663422400415154,12.530540300419757],[29.668820800063951,12.544651299992795],[29.67866480035709,12.570382499695118],[29.686788899681943,12.591617800248931],[29.699765499643973,12.62553749958087],[29.701203099644282,12.629295199578358],[29.701525900258481,12.630166400029607],[29.71298290020442,12.661094500051044],[29.713134400178813,12.661694300340232],[29.714122699704916,12.665607099809632],[29.715973600194403,12.672935299729026],[29.714386700193902,12.679710200131337],[29.713398399769403,12.682675199933222],[29.71298290020442,12.68392160031169],[29.709761200235764,12.688017099854909],[29.709381800368771,12.688499299706548],[29.707172299604395,12.693062499734383],[29.706574200389912,12.694297600317489],[29.705414499612591,12.698509000081225],[29.705669599593769,12.701330399641877],[29.706391100378788,12.709312300024356],[29.709809100203323,12.718711700291237],[29.709809100203323,12.723533500282979],[29.711823200325465,12.728538299759002],[29.717529299908477,12.72980640035038],[29.720612299997295,12.730491500199987],[29.738007299616832,12.73690020026644],[29.749294199970489,12.738711400053209],[29.784027800281162,12.744285399598853],[29.787384800006329,12.744285399598853],[29.788330099874763,12.745727499978319],[29.788083900401464,12.747309800213911],[29.787930799629315,12.748037500410987],[29.788083900401464,12.749262999684229],[29.784482900278825,12.752253699928714],[29.780294400163722,12.760526500426197],[29.780060399811969,12.760988699828612],[29.779268100104431,12.762553600394657],[29.774656199741447,12.771662900393785],[29.768451500141389,12.784389199608489],[29.741741999596545,12.839172199956598],[29.737250500431028,12.848384600326311],[29.72326460012815,12.877070599644952],[29.71125770007432,12.894613600413811],[29.702878899620334,12.906855699861929],[29.701923100242819,12.908146499728048],[29.684282800363604,12.931971199874788],[29.676408299737005,12.942606300135175],[29.638651999649312,12.993599199591397],[29.634873900261667,12.998701800277566],[29.635068799643992,12.998896699757745],[29.636423200377692,13.000494199775193],[29.637449200399679,13.001704399606163],[29.637228300179732,13.002319499608859],[29.630212700355838,13.014538499813542],[29.621824400217683,13.029148399788262],[29.620854599698205,13.030837500156784],[29.609077999835485,13.051348700079997],[29.598387700306386,13.069967999732313],[29.587644499888583,13.088679499929578],[29.587211800280844,13.088667900349799],[29.564850099897054,13.088088100036584],[29.557362200032813,13.093120600013545],[29.546079500201451,13.10070340041829],[29.545471000292572,13.103494799959105],[29.541091099733137,13.123585100275866],[29.538637900405238,13.134838100325819],[29.534347899646164,13.154516100159359],[29.532041500307038,13.16509550018646],[29.529151399950745,13.186888800128507],[29.528476899919688,13.191974899876842],[29.527973699630113,13.195769600016659],[29.523175800392575,13.231949800087474],[29.520078599735776,13.255305399971112],[29.520160800075843,13.255661799723473],[29.5202616997469,13.25609889982695],[29.520637700388836,13.261389900001594],[29.525242499569561,13.326176499877478],[29.525952800159647,13.336170199899012],[29.527272700196516,13.354741000070636],[29.527275399633893,13.354778599689562],[29.527280699694131,13.355891400320141],[29.515867100054489,13.407466099850879],[29.454351400052612,13.420536299901714],[29.415037099665373,13.428889399749746],[29.411252899818674,13.438654999682825],[29.410808399941335,13.438654999682825],[29.402036600025234,13.438654999682825],[29.393674800187981,13.433467100213628],[29.393307000266244,13.433548599830223],[29.38183389981549,13.436091599902108],[29.381174600177285,13.436440700342922],[29.362625700202251,13.446262899775286],[29.350828100423055,13.452510000351035],[29.32662990044204,13.465755699676151],[29.322315199605971,13.468117500314264],[29.301877899868149,13.479304499930128],[29.298032699922075,13.481684799833086],[29.296628899932593,13.484675500144247],[29.290464300228535,13.489863499690145],[29.284238700425142,13.493708799604455],[29.274205799699118,13.497164599620502],[29.273252399721784,13.49749290018638],[29.266233399774549,13.500300500026823],[29.259641599948981,13.502070600415054],[29.26275499992531,13.511346100146167],[29.265239999614295,13.518749399986826],[29.268430599907774,13.528254700397671],[29.262989199703018,13.531428799611112],[29.261838800082145,13.532099900054613],[29.249082500265466,13.537470999669244],[29.243284099685315,13.540278600161791],[29.239072699717006,13.542658900202568],[29.233274399748129,13.544489999910654],[29.227231899955822,13.547480700138156],[29.221418299881051,13.54996590016996],[29.219236300140743,13.550898699872507],[29.212989299772332,13.558444199821047],[29.207697099854727,13.564836399689451],[29.201633399821684,13.572160599685022],[29.186586699661056,13.590336100196021],[29.176474899903667,13.602759299730664],[29.165281199760738,13.616511500101513],[29.162839799804051,13.619258099893853],[29.154450599554036,13.629566799968451],[29.126829099688248,13.663508600237568],[29.106626400376804,13.687312300013195],[29.106178500376178,13.687331199721424],[29.074818199721502,13.688659499600655],[29.064474799910766,13.693791700276277],[29.026853500440641,13.712458800255673],[29.021253499977473,13.71346090002922],[28.992063399691897,13.718684300377168],[28.959653800310004,13.74151149982967],[28.951841299607718,13.744685299677101],[28.949766299997545,13.745503300170828],[28.947104599895535,13.746552599943286],[28.871641099837007,13.776301499569101],[28.871641099837007,13.802039299686189],[28.871641099837007,13.825558199901243],[28.871641099837007,13.854060299673085],[28.871641099837007,13.855580200395918],[28.871641099837007,13.85729520005799],[28.871185999839312,13.857297600269916],[28.844251899812171,13.85743809984438],[28.801450600003381,13.857661400426469],[28.784964300192609,13.83511039991196],[28.767270899998596,13.810908500402402],[28.747067800038547,13.811887700072653],[28.74603070043289,13.817866499779033],[28.744443800432357,13.827509999631392],[28.736265099707929,13.84649200028111],[28.732663999872276,13.849482699625815],[28.732303900309127,13.849431199735214],[28.722837399946179,13.848078900073578],[28.710081000416491,13.842707800036555],[28.7100073996486,13.84289569986097],[28.70367229970368,13.859065199642446],[28.703226299639788,13.859069399981326],[28.678031499699454,13.859320900369406],[28.674070300300684,13.866877700434722],[28.669406199734798,13.867650300036148],[28.659482899761677,13.859492399713224],[28.652180299882648,13.859554899691805],[28.638047700202304,13.859687400183738],[28.600034599622656,13.897700499578326],[28.593046100174337,13.900080800303623],[28.586057599827619,13.902461200380872],[28.570467000305218,13.908312199678573],[28.560498100051639,13.912053400339369],[28.559873499637952,13.912287900124236],[28.530027300411525,13.922663800378031],[28.510849000324178,13.929198700051568],[28.497068300385038,13.933894300352909],[28.496693499892292,13.933894300352909],[28.486234200341944,13.933908000228763],[28.458751800106413,13.946062500392367],[28.456552000248784,13.94703539982757],[28.399045899974819,13.97246850042651],[28.395733000343601,13.973697499926477],[28.395261700128049,13.973872300262899],[28.365842700124936,13.987055899695822],[28.362984400129726,13.987363700354274],[28.324460900161831,13.991511499639914],[28.314315700143794,13.999472599927234],[28.306882799632845,14.005305400401115],[28.253423599832402,14.025820899795971],[28.232719300130913,14.00511659971653],[28.222637900261066,13.995035099799386],[28.197263599858886,13.969660900361278],[28.124875899892132,13.955866999659644],[28.124683600234174,13.95594439967153],[28.068160399713229,13.978695899799988],[28.066648400342782,13.979304499705639],[28.056656099874342,13.983264799840828],[28.056292799613871,13.98569239985456],[28.054266099721541,13.999879200025516],[28.051487800092307,14.019327299727868],[28.055729099586543,14.024126699612209],[28.056095299608781,14.024596500094946],[28.061745000263329,14.03184519980084],[28.066512399900311,14.038088199839697],[28.066847200210074,14.040892100022676],[28.067420399921541,14.045693200091936],[28.067760999754761,14.048984999680822],[28.070371800414435,14.0510281003187],[28.073351900284063,14.050215300324501],[28.074117500264734,14.050006500427953],[28.079849599787078,14.050914599902107],[28.081110699698637,14.056144600037859]]]},"properties":{"adm0_ar":"السودان\u200E","adm0_en":"Sudan (the)","adm0_pcode":"SD","adm1_ar":"غرب كردفان","adm1_en":"West Kordofan","adm1_pcode":"SD18","adm1_ref":"","adm1alt1ar":"","adm1alt1en":"","adm1alt2ar":"","adm1alt2en":"","date_":"2020-03-11","shape_leng":15.57385588,"validon":"2020-08-31","objectid":18}},{"type":"Feature","id":19,"geometry":{"type":"Polygon","coordinates":[[[32.460510300127481,15.225097700259489],[32.455688500313464,15.228515599664579],[32.451293899722728,15.229492200384609],[32.448120099721699,15.226074199822271],[32.443298299907688,15.222717299666824],[32.442687999775025,15.217102100283142],[32.441894499918234,15.211731000217176],[32.442321799752783,15.206481899852999],[32.43951419977396,15.19891360002071],[32.436096199949397,15.196106000124976],[32.434326199937779,15.19232179984537],[32.435119600081492,15.187072799810647],[32.435302700092606,15.184081999739899],[32.386474600347746,15.186523399627371],[32.355712900167504,15.187927199947458],[32.354770200023552,15.185327299868133],[32.353643799793801,15.182220499844368],[32.352146099806056,15.17808989995792],[32.351928700320798,15.177490200146996],[32.337289099578925,15.17171150019602],[32.335693399681887,15.171081500297699],[32.332915600414232,15.16997109964063],[32.307232399928608,15.15970369997236],[32.286799500139104,15.151535300126071],[32.282714800355073,15.149902300090721],[32.266113299693927,15.143127399747376],[32.258728000011573,15.14007569991924],[32.246887200250391,15.135314899636908],[32.105529800141319,15.077087399853061],[32.098847099792103,15.07427620001865],[32.071289100037134,15.062683100110085],[32.058288600397027,15.057312000125936],[32.048095699837447,15.052917500004709],[32.042907700001194,15.05090329996329],[32.043817599959219,15.029464999808356],[32.043884299869106,15.027893100380096],[32.071074700026585,15.026318599590727],[32.071289100037134,15.026306199864866],[32.072082500180912,14.987121599756241],[32.052307099805759,14.981079099992595],[32.04931639981578,14.968322800034235],[32.043273900023443,14.967285200027947],[32.036682100197801,14.966918899818154],[32.020690899669354,14.966674799710807],[32.020664800017087,14.96667500018215],[31.992675800266927,14.966918899818154],[31.965698200220466,14.966674799710807],[31.954284700293872,14.966918899818154],[31.954124299811642,14.966317899795396],[31.951153999663447,14.955185299961474],[31.945033100303053,14.932243999718628],[31.931274400105202,14.880676299712183],[31.910278299751649,14.883727999771635],[31.894104000110442,14.882507300101279],[31.89374690002203,14.877192500370874],[31.892606600159922,14.86021909980548],[31.89251710010987,14.858886699776598],[31.900594099866073,14.852871900243581],[31.901123000057613,14.852477999883636],[31.894125800425766,14.823074299898952],[31.887411800077047,14.794861099842006],[31.878478999604191,14.757324199747449],[31.859924300105657,14.74011230033307],[31.857112600215807,14.73788960017442],[31.851061199915659,14.733105899691671],[31.84448239961046,14.727905299807174],[31.827122799901307,14.71419889993442],[31.793539200359501,14.687683000301771],[31.76269529983918,14.663330100198683],[31.744718599750612,14.673674799762601],[31.720375600329028,14.687683000301771],[31.713018900310267,14.691916399634719],[31.708496100247018,14.694518999565876],[31.703674300433043,14.69848629968463],[31.692687999729685,14.694518999565876],[31.690673799894601,14.676696799589276],[31.675903300242776,14.664916999704724],[31.667594200071676,14.658653500070683],[31.656118299572135,14.650003000162251],[31.607727099957341,14.613525400116655],[31.601684600164997,14.599487299880012],[31.603698700287072,14.568908700284636],[31.602762099703892,14.56204740041396],[31.601074200319331,14.549682599753252],[31.601074200319331,14.544128399986338],[31.600965499678388,14.534198499731291],[31.600708000297097,14.510681200135725],[31.59472660031717,14.486328100395784],[31.592865800393263,14.476386799631255],[31.590270999627094,14.462524399706282],[31.587524399747537,14.4396973003358],[31.57971520035391,14.421882500383582],[31.579711899943572,14.42187500004724],[31.559808600133209,14.376925399851624],[31.556091299622249,14.368530300087482],[31.553285799904497,14.361986699753619],[31.533691400177613,14.316284200249212],[31.529480000209301,14.306518600363866],[31.529700199743353,14.300782599915818],[31.530700700187662,14.274719199571432],[31.530844600414706,14.271353199948315],[31.53253659971022,14.231778199879528],[31.532897900320826,14.223327599684826],[31.533325200155407,14.212524400147364],[31.534042200380874,14.195166899584615],[31.535062700018369,14.170463599856246],[31.535120600031693,14.169583300206375],[31.535382200222234,14.168608299842672],[31.536091200051779,14.165965700227428],[31.536389800052245,14.164852599970098],[31.53686620000358,14.163077100410087],[31.537468400027379,14.160832800329786],[31.539828400042882,14.152036800088652],[31.541219900299438,14.146850800244833],[31.545068600081898,14.132506199849743],[31.545870400371932,14.129517799742253],[31.54810240034092,14.121199000331256],[31.549827899610026,14.114767899921899],[31.552300700177422,14.105551599586811],[31.555143700066733,14.0949558000209],[31.55531920033054,14.094301499619759],[31.559318400262459,14.079396399833819],[31.561019099741461,14.073057700029517],[31.561706499580001,14.070495600048027],[31.562366599617118,14.069210600268244],[31.569835700437437,14.054669199899571],[31.573671999875671,14.047200399854017],[31.581099499715197,14.032740099955559],[31.582470699842951,14.030070500250975],[31.590720600138585,14.014009000026149],[31.59387210036104,14.007873499994894],[31.595428300436733,14.006781300394904],[31.604332300023316,14.000531700153969],[31.623466199979394,13.987102199875622],[31.643793599825319,13.972834800034402],[31.646385799968758,13.971015499675422],[31.655700699746046,13.964477499636237],[31.656433900189331,13.96396419972724],[31.669537900123256,13.954788999840083],[31.68004180012916,13.947434400373151],[31.689697299739709,13.940673799867977],[31.694710700322371,13.937142899769398],[31.707651499725348,13.928028900229821],[31.71690100035331,13.921514599916078],[31.718306400242291,13.920524700148297],[31.732142999646644,13.910779800060986],[31.738247699687509,13.906480400055434],[31.74788209966869,13.899694900181768],[31.753794599764642,13.895530899631771],[31.770416999730859,13.883823900402744],[31.778390299767327,13.878208399655335],[31.780168900249485,13.876955799963619],[31.782408100215505,13.87537870023772],[31.783643999688461,13.874508400006407],[31.786499000171627,13.872497599724198],[31.788289400025032,13.867072500216384],[31.790134299768415,13.861482299858062],[31.793692000196089,13.850701999765153],[31.795199799942605,13.846133299903959],[31.798077199917369,13.837414499659589],[31.798772799577812,13.835306700433067],[31.799523599814201,13.833031700248416],[31.80106970013113,13.828346799848211],[31.802767899598777,13.823201200029922],[31.803468899930706,13.82107710040613],[31.804652500386144,13.817490499927031],[31.804807999660142,13.817019399915999],[31.805361200178396,13.815343099830729],[31.808657400128574,13.805355300261064],[31.809227900402533,13.803626600192429],[31.812789900167154,13.792833400158015],[31.81378949960121,13.789804300384532],[31.814880400207503,13.786498999947909],[31.817136200141654,13.780192500132177],[31.818181200430249,13.777270900047881],[31.819678799806653,13.773083800172316],[31.820244300057837,13.771502799925374],[31.826096199804759,13.75514270034394],[31.834028499833298,13.732966100294385],[31.834899899794884,13.730529800167741],[31.837581200238098,13.723306699910719],[31.83789059978486,13.72247309971266],[31.840159400137775,13.716405099668249],[31.84319320039679,13.708291099806669],[31.847605900243884,13.696488999761634],[31.850818099630111,13.687897699747047],[31.852066899808808,13.684557499870966],[31.855896000148402,13.674316400404273],[31.856314500086452,13.673111899867402],[31.857895100201905,13.668562199650646],[31.860920500314702,13.659853599743373],[31.862965900436208,13.653965800405256],[31.863608800430598,13.652115299970358],[31.865232700241016,13.647440999634515],[31.86840990036546,13.638295399596982],[31.872557599898698,13.626356500419833],[31.873448699914427,13.623791500315635],[31.883068799614584,13.61556680008646],[31.88925630007018,13.610310000309452],[31.90498179959884,13.596949900078709],[31.905378100369553,13.596613200107013],[31.910896600280257,13.591924800174525],[31.917297400310161,13.586486800414681],[31.923651999985012,13.581102200282023],[31.929391100078366,13.576239199953429],[31.936889600062955,13.569885299936585],[31.952519800018045,13.556581700263298],[31.95288090030439,13.556274399890539],[31.952126199583038,13.546322100325083],[31.95191400044494,13.543524300112955],[31.951011700234265,13.531625399897564],[31.950927699670345,13.530517600059712],[31.951621500005309,13.529132899784365],[31.953548600088748,13.525286599767384],[31.960462599555655,13.511486800315936],[31.965881300231519,13.500671399996639],[31.96718280007644,13.499870000034548],[31.977477999882254,13.493530299672983],[31.979005600294251,13.493845499857196],[31.996704100224154,13.497497599637507],[32.014322400362111,13.497873599976971],[32.016723599811534,13.497924800323149],[32.018450999915729,13.495839500003893],[32.026010400286708,13.486713500363532],[32.034672799774228,13.47625589957034],[32.035242199612071,13.475527200374994],[32.035267799800984,13.47549450036702],[32.032852200357631,13.468542300429725],[32.030273400383294,13.461120600410574],[32.0270149000307,13.454788600255529],[32.025697500005286,13.452228699968163],[32.025599500096007,13.45203839986555],[32.024902299637667,13.450683600335402],[32.024463000107545,13.439852200253197],[32.024294799553722,13.435705700089237],[32.023844699578937,13.424609600022007],[32.023572899916687,13.417910899611632],[32.023498499648213,13.416076699595861],[32.02324440039034,13.415848899569587],[32.015831299646507,13.409204999747633],[31.989537599602237,13.385639499595781],[31.98291020044023,13.379699700072337],[31.985034300167218,13.362966100335642],[31.990691599670779,13.318398400241396],[31.990905800255309,13.316711400119411],[31.994093100138457,13.308901000112723],[32.005676299907073,13.280517600379794],[32.011509699749034,13.270057700077016],[32.016296399689921,13.261474600164565],[32.019393499735415,13.249317000381398],[32.025741699812208,13.224397200207926],[32.026122999615993,13.222900399623015],[32.021740399619176,13.214219100399738],[32.021108000032193,13.212966599871775],[32.013624800153501,13.198143899591372],[31.994323700366831,13.159912099966414],[31.970275899923962,13.161682099575691],[31.959904999987451,13.158396100411881],[31.957054200026537,13.157492799677081],[31.943115199866348,13.153076200105421],[31.923359600156648,13.141693200078873],[31.917480500321279,13.138305700225919],[31.860290500127832,13.111877400096276],[31.848350999771494,13.105525399944842],[31.847900400333319,13.105285599716568],[31.833679199816519,13.08349610022697],[31.825378799828918,13.07523659975439],[31.804549300129693,13.054509699945859],[31.79650879982179,13.046508799586737],[31.782502600288435,13.033111600149399],[31.765700099785843,13.028100699666075],[31.762329099817013,13.027099600169391],[31.741272000262423,13.011108400044401],[31.731951800424895,12.989677499777656],[31.731253000067056,12.988070800434111],[31.731079099702779,12.987670899591359],[31.736763699906163,12.971459399778688],[31.737385299946776,12.969686500412406],[31.737670900426735,12.968872100272648],[31.737590299986199,12.966802799980348],[31.737347400024969,12.960568600360702],[31.737304700404529,12.959472700050778],[31.73670389995598,12.956618699792543],[31.736291699903042,12.954660999978859],[31.736084000426235,12.953674299790567],[31.732589400359075,12.949147199638972],[31.730712899680604,12.946716300278878],[31.725445900201681,12.941342599977441],[31.724072400386795,12.939941199615815],[31.721679699898285,12.937500000272722],[31.720701200093583,12.936250499620437],[31.713739800122433,12.927360800145287],[31.708679200258139,12.920898400337752],[31.702599399720288,12.907625599707741],[31.695678699719696,12.892517099835198],[31.693693100446602,12.886016699816819],[31.68981670021401,12.875074599895946],[31.688903799882915,12.872497600378843],[31.688244800282114,12.870672599985204],[31.686523400025663,12.865905799690113],[31.686665400315846,12.864747699775252],[31.686729499602933,12.86422420040647],[31.687231499743287,12.86012830019426],[31.687785199724861,12.855610599973076],[31.688073799679529,12.853256099747922],[31.688336399695011,12.851113400078857],[31.68870560009022,12.848100999859076],[31.688838000084989,12.8470206999414],[31.688990899634586,12.845773700025193],[31.691894499872927,12.822082500097281],[31.693298299862345,12.810485799967237],[31.693501399964944,12.80824590003667],[31.694145800145822,12.801135199666879],[31.695129399686376,12.790283199983525],[31.695678699719696,12.776122999639854],[31.687046000332057,12.757162800067354],[31.685729999881886,12.754272499809009],[31.684256499609511,12.751090700321837],[31.668884300295606,12.717895499706774],[31.670346799798985,12.699627400235071],[31.670562399958762,12.696934300212009],[31.672119100396067,12.677490200372807],[31.67272950024174,12.669311499991503],[31.673095700263914,12.666076700109441],[31.673775699781167,12.660508999769947],[31.676277600373936,12.640024500200283],[31.678309400002092,12.623389499842469],[31.680236200048238,12.607613600011977],[31.680387099947968,12.606378699746617],[31.680687399560966,12.60392000013363],[31.680748500271608,12.603419299748996],[31.680845099707359,12.60262839997049],[31.680908200067872,12.60211180033826],[31.681274400090111,12.600097700303213],[31.68212890004623,12.600097700303213],[31.682144200152134,12.600041799634781],[31.687927200015146,12.578918499951826],[31.687933599613164,12.578894099915036],[31.689880399750823,12.571472199908587],[31.689086899894107,12.5531006001574],[31.688903799882915,12.546508799987825],[31.698303199687444,12.515686000359796],[31.707702600390302,12.494506800280703],[31.708129900224883,12.493286100312281],[31.719726599875546,12.454894999947768],[31.732910200425106,12.420471200310871],[31.742309600229635,12.387085000220788],[31.768493700419331,12.306274399756003],[31.800995999650297,12.223253300027668],[31.806701700381375,12.208679200087827],[31.822082500165862,12.159912099613232],[31.823486300155242,12.159912099613232],[31.910095199740564,12.162292500367444],[31.910522499575112,12.161926300034256],[32.006530799863263,12.063476599835074],[32.088500999645625,11.98449709956944],[32.096538600191828,11.976766699596809],[32.09734819965513,11.975987900405096],[32.098057099771665,11.975305699903158],[32.098095599768136,11.97526660011459],[32.098451499707288,11.974904799820377],[32.100434699580269,11.97287840024123],[32.101046000436163,11.972253800006964],[32.10400129961743,11.969234299841608],[32.104421700390567,11.968804800312043],[32.1052588996927,11.96794939960512],[32.106506300296218,11.96667479975023],[32.107888900044898,11.965284399978259],[32.117310199877735,11.955809400155202],[32.118150200126877,11.954964600113334],[32.11880759982818,11.954304500200761],[32.124075900067638,11.949005399756416],[32.127934399571572,11.945086200309289],[32.222779400431321,11.945476999884123],[32.237266999938967,11.945546799995801],[32.247320199895427,11.94559529999346],[32.250258399645205,11.945609499764741],[32.252808500242878,11.945621800314878],[32.25384700032204,11.945626800159534],[32.254359899721685,11.945629200331068],[32.25487650018033,11.945631699813969],[32.255577999975579,11.94563510013017],[32.256134800043235,11.945637799993426],[32.256793499606779,11.945640999929058],[32.25753320025953,11.945644500435378],[32.258298500202869,11.945648199564335],[32.259082000013869,11.945651999762466],[32.259914099580072,11.945656000340898],[32.260838400430494,11.945660500112718],[32.261806600152077,11.945665200264902],[32.326639700344771,11.945897100119426],[32.47492010014156,11.946901799744387],[32.741419700423549,11.946901799744387],[32.745226800123497,11.949281199701979],[32.750461700102342,11.960226700029269],[32.751889300056959,11.968317000425944],[32.753316999724518,11.983069599733065],[32.756172300244984,12.003533000200163],[32.759027699580102,12.011623099947286],[32.757600099625556,12.019237500345119],[32.755696500368174,12.027803499717153],[32.753792999925537,12.034941800112202],[32.750461700102342,12.042556099943772],[32.751889300056959,12.060640000365547],[32.757124200035832,12.068730200358932],[32.757124200035832,12.070157799900453],[32.753316999724518,12.08538649958051],[32.749985799614251,12.106801599929971],[32.741895600013244,12.129168499798597],[32.739040199779822,12.150583599801619],[32.739516199980855,12.168191700146687],[32.744275099758667,12.181516599614486],[32.746178600201304,12.199600600282242],[32.740468000058691,12.213877300106583],[32.736184999870659,12.225774600359793],[32.73428130000201,12.228629999599713],[32.73428130000201,12.232912999807864],[32.734052199960153,12.234058800287956],[32.735226299833116,12.235086500086537],[32.735876999899105,12.235672000378932],[32.736546100157014,12.236274199804482],[32.737074199949603,12.2368451997358],[32.737612599825212,12.235768299985628],[32.749000900211499,12.235395500074121],[32.897512299986978,12.230533600103506],[33.011698699955353,12.22728719992935],[33.020903300090531,12.227028900165021],[33.023034100351204,12.22694799992323],[33.255107999682757,12.214393899604708],[33.253340399969552,12.223008999647218],[33.240905800330836,12.272277800128879],[33.226928699924478,12.272094699745093],[33.219116200120524,12.306518600148603],[33.22729489994672,12.356872600194604],[33.189697299830357,12.39428710005839],[33.174926800178596,12.436523400011524],[33.169677699631663,12.450683599645666],[33.158081099693945,12.490478500178424],[33.149292000022108,12.502929899805244],[33.110107400192234,12.558471899644044],[33.067871100273038,12.650878900218332],[33.066711400394077,12.679077100114538],[33.093078599696604,12.757080100311528],[33.131103499647452,12.820922900101325],[33.185729900259517,12.927917500330899],[33.119665599681127,13.000423199759391],[33.116081499563919,13.004356600309064],[33.113526799592009,13.007160500111432],[33.11297839967061,13.007762300077152],[33.112642600434242,13.0081308997891],[33.113525400016833,13.011901999686913],[33.115295400028451,13.017517200076261],[33.108306199894159,13.042009600198602],[33.10827640008128,13.042114299674207],[33.101318400233438,13.038513200186403],[33.09429929967493,13.046508799586737],[33.05950930043582,13.040710399563872],[33.053283699734031,13.046508799586737],[33.014892599760941,13.11151120015912],[33.079101599901563,13.147094700046683],[33.08068849990206,13.155700799863819],[33.078125000033658,13.171875000259105],[33.049316399876247,13.182678200175307],[33.038513200082207,13.176330599865398],[32.989318799703859,13.158325200074435],[32.96008300032311,13.213501000125422],[32.952880900364825,13.223693799566679],[32.939650800321168,13.236221400152107],[32.911499599865003,13.262889900188512],[32.911926199912017,13.270874199896371],[32.912109299923102,13.276489400085929],[32.928527800286069,13.318115400245746],[32.948913499895625,13.368713599608736],[32.96112060029035,13.398925999918447],[32.964294400291415,13.420898599627003],[32.96490480013712,13.435485999823674],[32.965515100269783,13.448486499605609],[32.965881300291947,13.480285799696299],[32.96008300032311,13.500671600026379],[32.952880900364825,13.509277400207734],[32.958923300444155,13.524475100382373],[32.962097200158198,13.552490300344964],[32.955688500343683,13.587097299816607],[32.954101499731877,13.595520099765478],[32.953491199599178,13.600097700345211],[32.95007319977465,13.630493199778051],[32.946899399773578,13.656677300208033],[32.94171139993734,13.696899399638276],[32.921508800338898,13.703491200064942],[32.920288100360573,13.721130399796705],[32.904296899832154,13.721313499976249],[32.899475100018108,13.68792719959152],[32.893920900159749,13.677673299903073],[32.890686000346271,13.656127899790961],[32.868286100003303,13.63452149966222],[32.860473600199377,13.620727499844007],[32.851684600240525,13.60308840009405],[32.844116199648688,13.59191890025143],[32.839477499845792,13.580688500117994],[32.8322753998875,13.564697300304468],[32.811279300432282,13.554870600407204],[32.791076699935552,13.582702600031963],[32.790100100067647,13.593505900071083],[32.774292000448639,13.600524900076332],[32.758911100052842,13.59991460029075],[32.752722400346357,13.603494300040341],[32.752685500249449,13.603515599668521],[32.742126500278978,13.609680199926181],[32.734497099587806,13.61248780003706],[32.734924299709348,13.626525899639578],[32.730285599906452,13.631286599606922],[32.725280799794369,13.63452149966222],[32.724914599772191,13.643127400365731],[32.716125500100325,13.654907199957952],[32.714111300265245,13.675903299758904],[32.708923300429028,13.684692400332084],[32.690124499921744,13.685729999605751],[32.681091300139421,13.688293499566385],[32.678894000293184,13.7006836001529],[32.687683099965049,13.71868899980201],[32.715881300276855,13.744079600163348],[32.71228030015422,13.758727999712876],[32.701110799726735,13.768127400130579],[32.703308099572943,13.778320299886161],[32.680481000006765,13.824096700230861],[32.685913099953368,13.833496100310686],[32.673522900445889,13.838928200320877],[32.673095700324346,13.845703100149329],[32.668701200344913,13.848327600374775],[32.667480500366558,13.85388179966762],[32.672119099558138,13.857482899699452],[32.667480500366558,13.909484900045635],[32.633483900372923,13.909484900045635],[32.627319299770541,13.900878900068209],[32.604675300215412,13.917297399732798],[32.609680200040479,13.927124000096281],[32.595275900410954,13.935485799712188],[32.582092299861323,13.926513700002937],[32.55529790043726,13.950317400260596],[32.551696799703251,13.953674299759093],[32.537109400062612,13.971313499889863],[32.526306200268671,14.000488299975608],[32.530883800259147,14.008483900093948],[32.536315900205786,14.031494100174124],[32.5054931999262,14.090515100386984],[32.50152590006838,14.092895500014528],[32.502929700057827,14.095275900081486],[32.496276900132827,14.108886699780905],[32.489929200417613,14.128295899980349],[32.47412109990028,14.151122999647733],[32.457275400314032,14.17211909974076],[32.44848629974387,14.197692900386574],[32.456481899558945,14.216918899588386],[32.459716800270726,14.223083499641842],[32.464111300250117,14.230896000025151],[32.473510700054646,14.247680699869814],[32.48168949959382,14.262084999643399],[32.492675800297171,14.281677200130327],[32.479919399869154,14.29571529965375],[32.472717299910869,14.298522900073371],[32.468688999953613,14.306091299878091],[32.469116200075213,14.309875499936597],[32.457885700446695,14.329528799587264],[32.451721199557348,14.342285200367796],[32.438293499795599,14.371520999748132],[32.429687500134882,14.390685999824596],[32.420105000319239,14.413696299936284],[32.419311499564152,14.417114300109334],[32.42089839956472,14.445922899764161],[32.42230219955416,14.458679200027955],[32.414123499727971,14.462890599639598],[32.414306599739092,14.470886200112085],[32.421325700297565,14.474670399782934],[32.416503899585287,14.499328600417712],[32.41107179963862,14.523925800262898],[32.400085400120616,14.533874500412914],[32.387329100303937,14.54547119981531],[32.383911099581077,14.560485800096092],[32.361694300147462,14.576477100095081],[32.355896000178618,14.581909199914172],[32.351074200364707,14.593078599581874],[32.350280800220894,14.610717799800566],[32.34948730036411,14.630920400235256],[32.353515600321295,14.649108899696863],[32.367309599818263,14.660705599750866],[32.379699699612701,14.669494599710747],[32.383117700335596,14.671875000157476],[32.38848880018287,14.674499499654651],[32.407287599791921,14.681518599629159],[32.440917999763407,14.67791750007291],[32.452514599701061,14.676513700359751],[32.455688500313464,14.676086399866659],[32.468078600107972,14.668273900034897],[32.457275400314032,14.647705100410112],[32.468872099964727,14.647522000404875],[32.46905790031159,14.647967900141127],[32.469383700400499,14.648749799940742],[32.469571500397194,14.649200499898894],[32.469811399985353,14.649776299656706],[32.469970300281034,14.650157699947915],[32.470541699768688,14.651529099847261],[32.470703100075717,14.651916499978537],[32.480895999736994,14.674072300378388],[32.485290499716427,14.684081999656231],[32.494873000430339,14.709106400337209],[32.499328600222178,14.720519999615886],[32.514099099873938,14.738281299592993],[32.534118700072625,14.761901900251939],[32.543090800042535,14.77252199961147],[32.552917499681676,14.79608149964637],[32.558288600427247,14.818481399742614],[32.561096200406105,14.829894999922049],[32.565490700385531,14.849487299840991],[32.563903800384971,14.858093299904356],[32.562072800273945,14.866088899809636],[32.554077099847589,14.891906700319256],[32.54650879986707,14.916503899598126],[32.549316399845992,14.947082499579036],[32.551513699692194,14.983703599724317],[32.544494600032017,14.984680200285066],[32.541687000053088,14.987487800332996],[32.542907700031414,14.991882299816917],[32.552123999824857,14.994323700422671],[32.56073000038387,15.031127900236102],[32.562316900384431,15.039123500059935],[32.562072800273945,15.062316900129062],[32.55529790043726,15.079895000197215],[32.530090300402428,15.098083500067091],[32.519714400443036,15.115905800329951],[32.520324699677396,15.142517099893237],[32.522094699689013,15.149902300090721],[32.531494100391804,15.171691899807383],[32.536871700448508,15.186540400407107],[32.539672899931013,15.194274899681087],[32.533081100105385,15.197875999596267],[32.509092999899615,15.210868300258387],[32.508363000153658,15.211263699679717],[32.482482899737526,15.225280800014989],[32.482377900155598,15.22525740028421],[32.473693800065696,15.223327600038823],[32.467529300074652,15.222717299666824],[32.460510300127481,15.225097700259489]]]},"properties":{"adm0_ar":"السودان\u200E","adm0_en":"Sudan (the)","adm0_pcode":"SD","adm1_ar":"النيل الأبيض","adm1_en":"White Nile","adm1_pcode":"SD09","adm1_ref":"","adm1alt1ar":"","adm1alt1en":"","adm1alt2ar":"","adm1alt2en":"","date_":"2020-03-11","shape_leng":10.492123680000001,"validon":"2020-08-31","objectid":19}}]}